ISO-10303-21;
HEADER;
FILE_DESCRIPTION((''),'2;1');
FILE_NAME('640636-3', '2026-06-08T06:42:25', (''), (''), 'ImageToStl.com STEP Converter','', '');
FILE_SCHEMA(('AUTOMOTIVE_DESIGN_CC2'));
ENDSEC;
DATA;
#1=PRODUCT_DEFINITION_CONTEXT('',#4,'design');
#2=APPLICATION_PROTOCOL_DEFINITION('INTERNATIONAL STANDARD','automotive_design',1994,#4);
#3=(GEOMETRIC_REPRESENTATION_CONTEXT(3)GLOBAL_UNCERTAINTY_ASSIGNED_CONTEXT((#5))GLOBAL_UNIT_ASSIGNED_CONTEXT((#6,#7,#8))REPRESENTATION_CONTEXT('NONE','WORKSPACE'));
#4=APPLICATION_CONTEXT(' ');
#5=UNCERTAINTY_MEASURE_WITH_UNIT(LENGTH_MEASURE(1.0E-006),#6,'','');
#6=(CONVERSION_BASED_UNIT('METRE',#10)LENGTH_UNIT()NAMED_UNIT(#11));
#7=(NAMED_UNIT(#12)PLANE_ANGLE_UNIT()SI_UNIT($,.RADIAN.));
#8=(NAMED_UNIT(#12)SOLID_ANGLE_UNIT()SI_UNIT($,.STERADIAN.));
#9=AXIS2_PLACEMENT_3D('',#14,#15,#16);
#10=LENGTH_MEASURE_WITH_UNIT(LENGTH_MEASURE(1.0),#17);
#11=DIMENSIONAL_EXPONENTS(1.0,0.0,0.0,0.0,0.0,0.0,0.0);
#12=DIMENSIONAL_EXPONENTS(0.0,0.0,0.0,0.0,0.0,0.0,0.0);
#13=PRODUCT_CONTEXT('',#4,'mechanical');
#14=CARTESIAN_POINT('',(0.0,0.0,0.0));
#15=DIRECTION('',(0.0,0.0,1.0));
#16=DIRECTION('',(1.0,0.0,0.0));
#17=(NAMED_UNIT(#11)LENGTH_UNIT()SI_UNIT(.MILLI.,.METRE.));
#18=PRESENTATION_STYLE_ASSIGNMENT((#19));
#19=SURFACE_STYLE_USAGE(.BOTH.,#20);
#20=SURFACE_SIDE_STYLE('',(#21));
#21=SURFACE_STYLE_FILL_AREA(#22);
#22=FILL_AREA_STYLE('',(#23));
#23=FILL_AREA_STYLE_COLOUR('',#24);
#24=COLOUR_RGB('',0,0,0);
#25=SHAPE_DEFINITION_REPRESENTATION(#26,#27);
#26=PRODUCT_DEFINITION_SHAPE('productshape0','',#30);
#27=MANIFOLD_SURFACE_SHAPE_REPRESENTATION('',(#28,#9),#3);
#28=SHELL_BASED_SURFACE_MODEL('shell0',(#32));
#29=PRODUCT('product0','','',(#13));
#30=PRODUCT_DEFINITION('mesh0','',#31,#2);
#31=PRODUCT_DEFINITION_FORMATION_WITH_SPECIFIED_SOURCE('prodsource0','',#29,.NOT_KNOWN.);
#32=CLOSED_SHELL('',(#548,#571,#594,#617,#640,#663,#686,#709,#732,#755,#778,#801,#824,#847,#870,#893,#916,#939,#962,#985,#1008,#1031,#1054,#1077,#1100,#1123,#1146,#1169,#1192,#1215,#1238,#1261,#1284,#1307,#1330,#1353,#1376,#1399,#1422,#1445,#1468,#1491,#1514,#1537,#1560,#1583,#1606,#1629,#1652,#1675,#1698,#1721,#1744,#1767,#1790,#1813,#1836,#1859,#1882,#1905,#1928,#1951,#1974,#1997,#2020,#2043,#2066,#2089,#2112,#2135,#2158,#2181,#2204,#2227,#2250,#2273,#2296,#2319,#2342,#2365,#2388,#2411,#2434,#2457,#2480,#2503,#2526,#2549,#2572,#2595,#2618,#2641,#2664,#2687,#2710,#2733,#2756,#2779,#2802,#2825,#2848,#2871,#2894,#2917,#2940,#2963,#2986,#3009,#3032,#3055,#3078,#3101,#3124,#3147,#3170,#3193,#3216,#3239,#3262,#3285,#3308,#3331,#3354,#3377,#3400,#3423,#3446,#3469,#3492,#3515,#3538,#3561,#3584,#3607,#3630,#3653,#3676,#3699,#3722,#3745,#3768,#3791,#3814,#3837,#3860,#3883,#3906,#3929,#3952,#3975,#3998,#4021,#4044,#4067,#4090,#4113,#4136,#4159,#4182,#4205,#4228,#4251,#4274,#4297,#4320,#4343,#4366,#4389,#4412,#4435,#4458,#4481,#4504,#4527,#4550,#4573,#4596,#4619,#4642,#4665,#4688,#4711,#4734,#4757,#4780,#4803,#4826,#4849,#4872,#4895,#4918,#4941,#4964,#4987,#5010,#5033,#5056,#5079,#5102,#5125,#5148,#5171,#5194,#5217,#5240,#5263,#5286,#5309,#5332,#5355,#5378,#5401,#5424,#5447,#5470,#5493,#5516,#5539,#5562,#5585,#5608,#5631,#5654,#5677,#5700,#5723,#5746,#5769,#5792,#5815,#5838,#5861,#5884,#5907,#5930,#5953,#5976,#5999,#6022,#6045,#6068,#6091,#6114,#6137,#6160,#6183,#6206,#6229,#6252,#6275,#6298,#6321,#6344,#6367,#6390,#6413,#6436,#6459,#6482,#6505,#6528,#6551,#6574,#6597,#6620,#6643,#6666,#6689,#6712,#6735,#6758,#6781,#6804,#6827,#6850,#6873,#6896,#6919,#6942,#6965,#6988,#7011,#7034,#7057,#7080,#7103,#7126,#7149,#7172,#7195,#7218,#7241,#7264,#7287,#7310,#7333,#7356,#7379,#7402,#7425,#7448,#7471,#7494,#7517,#7540,#7563,#7586,#7609,#7632,#7655,#7678,#7701,#7724,#7747,#7770,#7793,#7816,#7839,#7862,#7885,#7908,#7931,#7954,#7977,#8000,#8023,#8046,#8069,#8092,#8115,#8138,#8161,#8184,#8207,#8230,#8253,#8276,#8299,#8322,#8345,#8368,#8391,#8414,#8437,#8460,#8483,#8506,#8529,#8552,#8575,#8598,#8621,#8644,#8667,#8690,#8713,#8736,#8759,#8782,#8805,#8828,#8851,#8874,#8897,#8920,#8943,#8966,#8989,#9012,#9035,#9058,#9081,#9104,#9127,#9150,#9173,#9196,#9219,#9242,#9265,#9288,#9311,#9334,#9357,#9380,#9403,#9426,#9449,#9472,#9495,#9518,#9541,#9564,#9587,#9610,#9633,#9656,#9679,#9702,#9725,#9748,#9771,#9794,#9817,#9840,#9863,#9886,#9909,#9932,#9955,#9978,#10001,#10024,#10047,#10070,#10093,#10116,#10139,#10162,#10185,#10208,#10231,#10254,#10277,#10300,#10323,#10346,#10369,#10392,#10415,#10438,#10461,#10484,#10507,#10530,#10553,#10576,#10599,#10622,#10645,#10668,#10691,#10714,#10737,#10760,#10783,#10806,#10829,#10852,#10875,#10898,#10921,#10944,#10967,#10990,#11013,#11036,#11059,#11082,#11105,#11128,#11151,#11174,#11197,#11220,#11243,#11266,#11289,#11312,#11335,#11358,#11381,#11404,#11427,#11450,#11473,#11496,#11519,#11542,#11565,#11588,#11611,#11634,#11657,#11680,#11703,#11726,#11749,#11772,#11795,#11818,#11841,#11864,#11887,#11910,#11933,#11956,#11979,#12002,#12025,#12048,#12071,#12094,#12117,#12140,#12163,#12186,#12209,#12232,#12255,#12278,#12301,#12324,#12347));
#33=CARTESIAN_POINT('',(-0.952,0,-2.21));
#34=VERTEX_POINT('',#33);
#35=CARTESIAN_POINT('',(-0.952,0.318,-2.21));
#36=VERTEX_POINT('',#35);
#37=CARTESIAN_POINT('',(-0.952,0,-10.711));
#38=VERTEX_POINT('',#37);
#39=CARTESIAN_POINT('',(-0.952,0.318,-10.711));
#40=VERTEX_POINT('',#39);
#41=CARTESIAN_POINT('',(-0.952,2.142,-4.394));
#42=VERTEX_POINT('',#41);
#43=CARTESIAN_POINT('',(-0.952,1.919,-4.394));
#44=VERTEX_POINT('',#43);
#45=CARTESIAN_POINT('',(-0.952,2.211,-4.212));
#46=VERTEX_POINT('',#45);
#47=CARTESIAN_POINT('',(-0.952,1.565,-2.21));
#48=VERTEX_POINT('',#47);
#49=CARTESIAN_POINT('',(-0.952,1.886,-2.21));
#50=VERTEX_POINT('',#49);
#51=CARTESIAN_POINT('',(-0.508,0.318,-11.481));
#52=VERTEX_POINT('',#51);
#53=CARTESIAN_POINT('',(-0.508,0,-11.481));
#54=VERTEX_POINT('',#53);
#55=CARTESIAN_POINT('',(0.508,0,-11.481));
#56=VERTEX_POINT('',#55);
#57=CARTESIAN_POINT('',(0.952,0,-10.711));
#58=VERTEX_POINT('',#57);
#59=CARTESIAN_POINT('',(0.229,0,-2.616));
#60=VERTEX_POINT('',#59);
#61=CARTESIAN_POINT('',(0.076,0,-2.769));
#62=VERTEX_POINT('',#61);
#63=CARTESIAN_POINT('',(0.952,0,-2.21));
#64=VERTEX_POINT('',#63);
#65=CARTESIAN_POINT('',(0.318,0,-6.79));
#66=VERTEX_POINT('',#65);
#67=CARTESIAN_POINT('',(0.318,0,-8.306));
#68=VERTEX_POINT('',#67);
#69=CARTESIAN_POINT('',(-0.318,0,-8.306));
#70=VERTEX_POINT('',#69);
#71=CARTESIAN_POINT('',(-0.318,0,-6.79));
#72=VERTEX_POINT('',#71);
#73=CARTESIAN_POINT('',(0.905,0,-0.826));
#74=VERTEX_POINT('',#73);
#75=CARTESIAN_POINT('',(0.533,0,-1.041));
#76=VERTEX_POINT('',#75);
#77=CARTESIAN_POINT('',(0.229,0,-1.346));
#78=VERTEX_POINT('',#77);
#79=CARTESIAN_POINT('',(0.533,0,-0.826));
#80=VERTEX_POINT('',#79);
#81=CARTESIAN_POINT('',(-0.076,0,-2.769));
#82=VERTEX_POINT('',#81);
#83=CARTESIAN_POINT('',(-0.229,0,-2.616));
#84=VERTEX_POINT('',#83);
#85=CARTESIAN_POINT('',(-0.229,0,-1.346));
#86=VERTEX_POINT('',#85);
#87=CARTESIAN_POINT('',(-0.533,0,-1.041));
#88=VERTEX_POINT('',#87);
#89=CARTESIAN_POINT('',(-0.905,0,-0.826));
#90=VERTEX_POINT('',#89);
#91=CARTESIAN_POINT('',(-0.533,0,-0.826));
#92=VERTEX_POINT('',#91);
#93=CARTESIAN_POINT('',(-0.905,0.318,-0.826));
#94=VERTEX_POINT('',#93);
#95=CARTESIAN_POINT('',(-0.903,0.321,-0.768));
#96=VERTEX_POINT('',#95);
#97=CARTESIAN_POINT('',(-0.902,0.005,-0.732));
#98=VERTEX_POINT('',#97);
#99=CARTESIAN_POINT('',(-0.902,0.326,-0.733));
#100=VERTEX_POINT('',#99);
#101=CARTESIAN_POINT('',(-0.9,0.014,-0.676));
#102=VERTEX_POINT('',#101);
#103=CARTESIAN_POINT('',(-0.9,0.338,-0.683));
#104=VERTEX_POINT('',#103);
#105=CARTESIAN_POINT('',(-0.897,0.033,-0.595));
#106=VERTEX_POINT('',#105);
#107=CARTESIAN_POINT('',(-0.897,0.364,-0.613));
#108=VERTEX_POINT('',#107);
#109=CARTESIAN_POINT('',(-0.893,0.075,-0.481));
#110=VERTEX_POINT('',#109);
#111=CARTESIAN_POINT('',(-0.894,0.42,-0.52));
#112=VERTEX_POINT('',#111);
#113=CARTESIAN_POINT('',(-0.888,0.166,-0.329));
#114=VERTEX_POINT('',#113);
#115=CARTESIAN_POINT('',(-0.892,0.478,-0.455));
#116=VERTEX_POINT('',#115);
#117=CARTESIAN_POINT('',(-0.884,0.261,-0.223));
#118=VERTEX_POINT('',#117);
#119=CARTESIAN_POINT('',(-0.89,0.538,-0.407));
#120=VERTEX_POINT('',#119);
#121=CARTESIAN_POINT('',(-0.881,0.358,-0.145));
#122=VERTEX_POINT('',#121);
#123=CARTESIAN_POINT('',(-0.889,0.598,-0.371));
#124=VERTEX_POINT('',#123);
#125=CARTESIAN_POINT('',(-0.879,0.456,-0.087));
#126=VERTEX_POINT('',#125);
#127=CARTESIAN_POINT('',(-0.888,0.66,-0.345));
#128=VERTEX_POINT('',#127);
#129=CARTESIAN_POINT('',(-0.878,0.556,-0.045));
#130=VERTEX_POINT('',#129);
#131=CARTESIAN_POINT('',(-0.887,0.785,-0.319));
#132=VERTEX_POINT('',#131);
#133=CARTESIAN_POINT('',(-0.876,0.759,-0.003));
#134=VERTEX_POINT('',#133);
#135=CARTESIAN_POINT('',(-0.877,0.966,-0.012));
#136=VERTEX_POINT('',#135);
#137=CARTESIAN_POINT('',(-0.888,0.912,-0.325));
#138=VERTEX_POINT('',#137);
#139=CARTESIAN_POINT('',(-0.878,1.072,-0.038));
#140=VERTEX_POINT('',#139);
#141=CARTESIAN_POINT('',(-0.888,0.977,-0.341));
#142=VERTEX_POINT('',#141);
#143=CARTESIAN_POINT('',(-0.879,1.178,-0.079));
#144=VERTEX_POINT('',#143);
#145=CARTESIAN_POINT('',(-0.889,1.042,-0.366));
#146=VERTEX_POINT('',#145);
#147=CARTESIAN_POINT('',(-0.881,1.286,-0.141));
#148=VERTEX_POINT('',#147);
#149=CARTESIAN_POINT('',(-0.89,1.109,-0.404));
#150=VERTEX_POINT('',#149);
#151=CARTESIAN_POINT('',(-0.884,1.397,-0.229));
#152=VERTEX_POINT('',#151);
#153=CARTESIAN_POINT('',(-0.892,1.177,-0.459));
#154=VERTEX_POINT('',#153);
#155=CARTESIAN_POINT('',(-0.889,1.511,-0.365));
#156=VERTEX_POINT('',#155);
#157=CARTESIAN_POINT('',(-0.895,1.247,-0.542));
#158=VERTEX_POINT('',#157);
#159=CARTESIAN_POINT('',(-0.893,1.571,-0.471));
#160=VERTEX_POINT('',#159);
#161=CARTESIAN_POINT('',(-0.897,1.284,-0.607));
#162=VERTEX_POINT('',#161);
#163=CARTESIAN_POINT('',(-0.895,1.603,-0.548));
#164=VERTEX_POINT('',#163);
#165=CARTESIAN_POINT('',(-0.899,1.304,-0.654));
#166=VERTEX_POINT('',#165);
#167=CARTESIAN_POINT('',(-0.897,1.62,-0.602));
#168=VERTEX_POINT('',#167);
#169=CARTESIAN_POINT('',(-0.9,1.314,-0.688));
#170=VERTEX_POINT('',#169);
#171=CARTESIAN_POINT('',(-0.9,1.64,-0.693));
#172=VERTEX_POINT('',#171);
#173=CARTESIAN_POINT('',(-0.902,1.327,-0.744));
#174=VERTEX_POINT('',#173);
#175=CARTESIAN_POINT('',(-0.229,0.318,-1.346));
#176=VERTEX_POINT('',#175);
#177=CARTESIAN_POINT('',(-0.229,0.318,-2.616));
#178=VERTEX_POINT('',#177);
#179=CARTESIAN_POINT('',(-0.076,0.318,-2.769));
#180=VERTEX_POINT('',#179);
#181=CARTESIAN_POINT('',(0.076,0.318,-2.769));
#182=VERTEX_POINT('',#181);
#183=CARTESIAN_POINT('',(0.952,0.318,-10.711));
#184=VERTEX_POINT('',#183);
#185=CARTESIAN_POINT('',(0.952,0.318,-2.21));
#186=VERTEX_POINT('',#185);
#187=CARTESIAN_POINT('',(-0.533,0.318,-1.041));
#188=VERTEX_POINT('',#187);
#189=CARTESIAN_POINT('',(-0.533,0.318,-0.826));
#190=VERTEX_POINT('',#189);
#191=CARTESIAN_POINT('',(0.229,0.318,-2.616));
#192=VERTEX_POINT('',#191);
#193=CARTESIAN_POINT('',(0.229,0.318,-1.346));
#194=VERTEX_POINT('',#193);
#195=CARTESIAN_POINT('',(0.533,0.318,-1.041));
#196=VERTEX_POINT('',#195);
#197=CARTESIAN_POINT('',(0.533,0.318,-0.826));
#198=VERTEX_POINT('',#197);
#199=CARTESIAN_POINT('',(0.905,0.318,-0.826));
#200=VERTEX_POINT('',#199);
#201=CARTESIAN_POINT('',(0.508,0.318,-11.481));
#202=VERTEX_POINT('',#201);
#203=CARTESIAN_POINT('',(0.952,1.886,-2.21));
#204=VERTEX_POINT('',#203);
#205=CARTESIAN_POINT('',(0.952,1.565,-2.21));
#206=VERTEX_POINT('',#205);
#207=CARTESIAN_POINT('',(0.952,2.211,-4.212));
#208=VERTEX_POINT('',#207);
#209=CARTESIAN_POINT('',(0.952,1.919,-4.394));
#210=VERTEX_POINT('',#209);
#211=CARTESIAN_POINT('',(0.952,2.142,-4.394));
#212=VERTEX_POINT('',#211);
#213=CARTESIAN_POINT('',(0.903,0.321,-0.768));
#214=VERTEX_POINT('',#213);
#215=CARTESIAN_POINT('',(0.902,0.005,-0.732));
#216=VERTEX_POINT('',#215);
#217=CARTESIAN_POINT('',(0.902,0.326,-0.733));
#218=VERTEX_POINT('',#217);
#219=CARTESIAN_POINT('',(0.9,0.014,-0.676));
#220=VERTEX_POINT('',#219);
#221=CARTESIAN_POINT('',(0.9,0.338,-0.683));
#222=VERTEX_POINT('',#221);
#223=CARTESIAN_POINT('',(0.897,0.033,-0.595));
#224=VERTEX_POINT('',#223);
#225=CARTESIAN_POINT('',(0.897,0.364,-0.613));
#226=VERTEX_POINT('',#225);
#227=CARTESIAN_POINT('',(0.893,0.075,-0.481));
#228=VERTEX_POINT('',#227);
#229=CARTESIAN_POINT('',(0.894,0.42,-0.52));
#230=VERTEX_POINT('',#229);
#231=CARTESIAN_POINT('',(0.888,0.166,-0.329));
#232=VERTEX_POINT('',#231);
#233=CARTESIAN_POINT('',(0.892,0.478,-0.455));
#234=VERTEX_POINT('',#233);
#235=CARTESIAN_POINT('',(0.884,0.261,-0.223));
#236=VERTEX_POINT('',#235);
#237=CARTESIAN_POINT('',(0.89,0.538,-0.407));
#238=VERTEX_POINT('',#237);
#239=CARTESIAN_POINT('',(0.881,0.358,-0.145));
#240=VERTEX_POINT('',#239);
#241=CARTESIAN_POINT('',(0.889,0.598,-0.371));
#242=VERTEX_POINT('',#241);
#243=CARTESIAN_POINT('',(0.879,0.456,-0.087));
#244=VERTEX_POINT('',#243);
#245=CARTESIAN_POINT('',(0.888,0.66,-0.345));
#246=VERTEX_POINT('',#245);
#247=CARTESIAN_POINT('',(0.878,0.556,-0.045));
#248=VERTEX_POINT('',#247);
#249=CARTESIAN_POINT('',(0.887,0.785,-0.319));
#250=VERTEX_POINT('',#249);
#251=CARTESIAN_POINT('',(0.876,0.759,-0.003));
#252=VERTEX_POINT('',#251);
#253=CARTESIAN_POINT('',(0.877,0.966,-0.012));
#254=VERTEX_POINT('',#253);
#255=CARTESIAN_POINT('',(0.888,0.912,-0.325));
#256=VERTEX_POINT('',#255);
#257=CARTESIAN_POINT('',(0.878,1.072,-0.038));
#258=VERTEX_POINT('',#257);
#259=CARTESIAN_POINT('',(0.888,0.977,-0.341));
#260=VERTEX_POINT('',#259);
#261=CARTESIAN_POINT('',(0.879,1.178,-0.079));
#262=VERTEX_POINT('',#261);
#263=CARTESIAN_POINT('',(0.889,1.042,-0.366));
#264=VERTEX_POINT('',#263);
#265=CARTESIAN_POINT('',(0.881,1.286,-0.141));
#266=VERTEX_POINT('',#265);
#267=CARTESIAN_POINT('',(0.89,1.109,-0.404));
#268=VERTEX_POINT('',#267);
#269=CARTESIAN_POINT('',(0.884,1.397,-0.229));
#270=VERTEX_POINT('',#269);
#271=CARTESIAN_POINT('',(0.892,1.177,-0.459));
#272=VERTEX_POINT('',#271);
#273=CARTESIAN_POINT('',(0.889,1.511,-0.365));
#274=VERTEX_POINT('',#273);
#275=CARTESIAN_POINT('',(0.895,1.247,-0.542));
#276=VERTEX_POINT('',#275);
#277=CARTESIAN_POINT('',(0.893,1.571,-0.471));
#278=VERTEX_POINT('',#277);
#279=CARTESIAN_POINT('',(0.897,1.284,-0.607));
#280=VERTEX_POINT('',#279);
#281=CARTESIAN_POINT('',(0.895,1.603,-0.548));
#282=VERTEX_POINT('',#281);
#283=CARTESIAN_POINT('',(0.899,1.304,-0.654));
#284=VERTEX_POINT('',#283);
#285=CARTESIAN_POINT('',(0.897,1.62,-0.602));
#286=VERTEX_POINT('',#285);
#287=CARTESIAN_POINT('',(0.9,1.314,-0.688));
#288=VERTEX_POINT('',#287);
#289=CARTESIAN_POINT('',(0.9,1.64,-0.693));
#290=VERTEX_POINT('',#289);
#291=CARTESIAN_POINT('',(0.902,1.327,-0.744));
#292=VERTEX_POINT('',#291);
#293=CARTESIAN_POINT('',(-0.533,1.64,-0.693));
#294=VERTEX_POINT('',#293);
#295=CARTESIAN_POINT('',(-0.533,1.598,-0.535));
#296=VERTEX_POINT('',#295);
#297=CARTESIAN_POINT('',(-0.533,1.526,-0.389));
#298=VERTEX_POINT('',#297);
#299=CARTESIAN_POINT('',(-0.533,1.427,-0.26));
#300=VERTEX_POINT('',#299);
#301=CARTESIAN_POINT('',(-0.533,1.303,-0.152));
#302=VERTEX_POINT('',#301);
#303=CARTESIAN_POINT('',(-0.604,1.184,-0.082));
#304=VERTEX_POINT('',#303);
#305=CARTESIAN_POINT('',(-0.65,1.064,-0.035));
#306=VERTEX_POINT('',#305);
#307=CARTESIAN_POINT('',(-0.604,0.467,-0.082));
#308=VERTEX_POINT('',#307);
#309=CARTESIAN_POINT('',(-0.65,0.587,-0.035));
#310=VERTEX_POINT('',#309);
#311=CARTESIAN_POINT('',(-0.677,0.706,-0.009));
#312=VERTEX_POINT('',#311);
#313=CARTESIAN_POINT('',(-0.686,0.825,0));
#314=VERTEX_POINT('',#313);
#315=CARTESIAN_POINT('',(-0.677,0.945,-0.009));
#316=VERTEX_POINT('',#315);
#317=CARTESIAN_POINT('',(-0.533,0.348,-0.152));
#318=VERTEX_POINT('',#317);
#319=CARTESIAN_POINT('',(-0.533,0.202,-0.284));
#320=VERTEX_POINT('',#319);
#321=CARTESIAN_POINT('',(-0.533,0.092,-0.447));
#322=VERTEX_POINT('',#321);
#323=CARTESIAN_POINT('',(-0.533,0.023,-0.631));
#324=VERTEX_POINT('',#323);
#325=CARTESIAN_POINT('',(0.65,1.064,-0.035));
#326=VERTEX_POINT('',#325);
#327=CARTESIAN_POINT('',(0.604,1.184,-0.082));
#328=VERTEX_POINT('',#327);
#329=CARTESIAN_POINT('',(0.533,1.303,-0.152));
#330=VERTEX_POINT('',#329);
#331=CARTESIAN_POINT('',(0.533,1.427,-0.26));
#332=VERTEX_POINT('',#331);
#333=CARTESIAN_POINT('',(0.533,1.526,-0.389));
#334=VERTEX_POINT('',#333);
#335=CARTESIAN_POINT('',(0.533,1.598,-0.535));
#336=VERTEX_POINT('',#335);
#337=CARTESIAN_POINT('',(0.677,0.945,-0.009));
#338=VERTEX_POINT('',#337);
#339=CARTESIAN_POINT('',(0.686,0.825,0));
#340=VERTEX_POINT('',#339);
#341=CARTESIAN_POINT('',(0.677,0.706,-0.009));
#342=VERTEX_POINT('',#341);
#343=CARTESIAN_POINT('',(0.65,0.587,-0.035));
#344=VERTEX_POINT('',#343);
#345=CARTESIAN_POINT('',(0.604,0.467,-0.082));
#346=VERTEX_POINT('',#345);
#347=CARTESIAN_POINT('',(0.533,0.023,-0.631));
#348=VERTEX_POINT('',#347);
#349=CARTESIAN_POINT('',(0.533,0.092,-0.447));
#350=VERTEX_POINT('',#349);
#351=CARTESIAN_POINT('',(0.533,0.202,-0.284));
#352=VERTEX_POINT('',#351);
#353=CARTESIAN_POINT('',(0.533,0.348,-0.152));
#354=VERTEX_POINT('',#353);
#355=CARTESIAN_POINT('',(0.533,1.64,-0.693));
#356=VERTEX_POINT('',#355);
#357=CARTESIAN_POINT('',(-0.533,0.548,-0.4));
#358=VERTEX_POINT('',#357);
#359=CARTESIAN_POINT('',(-0.533,0.661,-0.345));
#360=VERTEX_POINT('',#359);
#361=CARTESIAN_POINT('',(-0.533,0.785,-0.319));
#362=VERTEX_POINT('',#361);
#363=CARTESIAN_POINT('',(-0.533,0.91,-0.325));
#364=VERTEX_POINT('',#363);
#365=CARTESIAN_POINT('',(-0.533,1.031,-0.361));
#366=VERTEX_POINT('',#365);
#367=CARTESIAN_POINT('',(-0.533,0.452,-0.481));
#368=VERTEX_POINT('',#367);
#369=CARTESIAN_POINT('',(-0.533,0.379,-0.583));
#370=VERTEX_POINT('',#369);
#371=CARTESIAN_POINT('',(-0.533,0.333,-0.701));
#372=VERTEX_POINT('',#371);
#373=CARTESIAN_POINT('',(-0.533,1.139,-0.426));
#374=VERTEX_POINT('',#373);
#375=CARTESIAN_POINT('',(-0.533,1.228,-0.515));
#376=VERTEX_POINT('',#375);
#377=CARTESIAN_POINT('',(-0.533,1.292,-0.623));
#378=VERTEX_POINT('',#377);
#379=CARTESIAN_POINT('',(-0.533,1.327,-0.744));
#380=VERTEX_POINT('',#379);
#381=CARTESIAN_POINT('',(-0.533,1.375,-1.041));
#382=VERTEX_POINT('',#381);
#383=CARTESIAN_POINT('',(-0.533,1.697,-1.041));
#384=VERTEX_POINT('',#383);
#385=CARTESIAN_POINT('',(-0.229,1.746,-1.346));
#386=VERTEX_POINT('',#385);
#387=CARTESIAN_POINT('',(-0.229,1.952,-2.616));
#388=VERTEX_POINT('',#387);
#389=CARTESIAN_POINT('',(-0.076,1.977,-2.769));
#390=VERTEX_POINT('',#389);
#391=CARTESIAN_POINT('',(-0.508,2.211,-4.212));
#392=VERTEX_POINT('',#391);
#393=CARTESIAN_POINT('',(0.076,1.977,-2.769));
#394=VERTEX_POINT('',#393);
#395=CARTESIAN_POINT('',(0.508,2.211,-4.212));
#396=VERTEX_POINT('',#395);
#397=CARTESIAN_POINT('',(0.229,1.952,-2.616));
#398=VERTEX_POINT('',#397);
#399=CARTESIAN_POINT('',(0.229,1.746,-1.346));
#400=VERTEX_POINT('',#399);
#401=CARTESIAN_POINT('',(0.533,1.697,-1.041));
#402=VERTEX_POINT('',#401);
#403=CARTESIAN_POINT('',(0.508,2.272,-4.587));
#404=VERTEX_POINT('',#403);
#405=CARTESIAN_POINT('',(-0.508,2.272,-4.587));
#406=VERTEX_POINT('',#405);
#407=CARTESIAN_POINT('',(-0.826,2.094,-4.521));
#408=VERTEX_POINT('',#407);
#409=CARTESIAN_POINT('',(-0.508,2.094,-4.521));
#410=VERTEX_POINT('',#409);
#411=CARTESIAN_POINT('',(-0.826,1.94,-4.521));
#412=VERTEX_POINT('',#411);
#413=CARTESIAN_POINT('',(-0.508,1.959,-4.638));
#414=VERTEX_POINT('',#413);
#415=CARTESIAN_POINT('',(0.508,1.94,-4.521));
#416=VERTEX_POINT('',#415);
#417=CARTESIAN_POINT('',(-0.508,1.94,-4.521));
#418=VERTEX_POINT('',#417);
#419=CARTESIAN_POINT('',(0.076,1.655,-2.769));
#420=VERTEX_POINT('',#419);
#421=CARTESIAN_POINT('',(-0.076,1.655,-2.769));
#422=VERTEX_POINT('',#421);
#423=CARTESIAN_POINT('',(0.508,1.959,-4.638));
#424=VERTEX_POINT('',#423);
#425=CARTESIAN_POINT('',(0.826,1.94,-4.521));
#426=VERTEX_POINT('',#425);
#427=CARTESIAN_POINT('',(0.229,1.631,-2.616));
#428=VERTEX_POINT('',#427);
#429=CARTESIAN_POINT('',(0.229,1.425,-1.346));
#430=VERTEX_POINT('',#429);
#431=CARTESIAN_POINT('',(0.533,1.375,-1.041));
#432=VERTEX_POINT('',#431);
#433=CARTESIAN_POINT('',(0.533,1.327,-0.744));
#434=VERTEX_POINT('',#433);
#435=CARTESIAN_POINT('',(-0.229,1.631,-2.616));
#436=VERTEX_POINT('',#435);
#437=CARTESIAN_POINT('',(-0.229,1.425,-1.346));
#438=VERTEX_POINT('',#437);
#439=CARTESIAN_POINT('',(-0.508,2.283,-4.685));
#440=VERTEX_POINT('',#439);
#441=CARTESIAN_POINT('',(-0.508,1.967,-4.707));
#442=VERTEX_POINT('',#441);
#443=CARTESIAN_POINT('',(-0.508,2.286,-4.784));
#444=VERTEX_POINT('',#443);
#445=CARTESIAN_POINT('',(-0.508,1.968,-4.777));
#446=VERTEX_POINT('',#445);
#447=CARTESIAN_POINT('',(-0.508,1.964,-4.847));
#448=VERTEX_POINT('',#447);
#449=CARTESIAN_POINT('',(-0.508,2.279,-4.883));
#450=VERTEX_POINT('',#449);
#451=CARTESIAN_POINT('',(-0.508,1.434,-9.453));
#452=VERTEX_POINT('',#451);
#453=CARTESIAN_POINT('',(-0.508,1.749,-9.489));
#454=VERTEX_POINT('',#453);
#455=CARTESIAN_POINT('',(-0.508,1.431,-9.538));
#456=VERTEX_POINT('',#455);
#457=CARTESIAN_POINT('',(-0.508,1.748,-9.521));
#458=VERTEX_POINT('',#457);
#459=CARTESIAN_POINT('',(-0.508,1.753,-9.553));
#460=VERTEX_POINT('',#459);
#461=CARTESIAN_POINT('',(-0.508,1.443,-9.623));
#462=VERTEX_POINT('',#461);
#463=CARTESIAN_POINT('',(-0.508,1.763,-9.584));
#464=VERTEX_POINT('',#463);
#465=CARTESIAN_POINT('',(-0.508,1.469,-9.705));
#466=VERTEX_POINT('',#465);
#467=CARTESIAN_POINT('',(-0.508,1.674,-10.201));
#468=VERTEX_POINT('',#467);
#469=CARTESIAN_POINT('',(-0.508,2.018,-10.201));
#470=VERTEX_POINT('',#469);
#471=CARTESIAN_POINT('',(0.508,1.964,-4.847));
#472=VERTEX_POINT('',#471);
#473=CARTESIAN_POINT('',(0.508,1.968,-4.777));
#474=VERTEX_POINT('',#473);
#475=CARTESIAN_POINT('',(0.508,1.967,-4.707));
#476=VERTEX_POINT('',#475);
#477=CARTESIAN_POINT('',(0.508,2.094,-4.521));
#478=VERTEX_POINT('',#477);
#479=CARTESIAN_POINT('',(0.508,2.283,-4.685));
#480=VERTEX_POINT('',#479);
#481=CARTESIAN_POINT('',(0.508,2.286,-4.784));
#482=VERTEX_POINT('',#481);
#483=CARTESIAN_POINT('',(0.508,2.279,-4.883));
#484=VERTEX_POINT('',#483);
#485=CARTESIAN_POINT('',(0.508,1.749,-9.489));
#486=VERTEX_POINT('',#485);
#487=CARTESIAN_POINT('',(0.508,1.434,-9.453));
#488=VERTEX_POINT('',#487);
#489=CARTESIAN_POINT('',(0.508,1.748,-9.521));
#490=VERTEX_POINT('',#489);
#491=CARTESIAN_POINT('',(0.508,1.431,-9.538));
#492=VERTEX_POINT('',#491);
#493=CARTESIAN_POINT('',(0.508,1.443,-9.623));
#494=VERTEX_POINT('',#493);
#495=CARTESIAN_POINT('',(0.508,1.753,-9.553));
#496=VERTEX_POINT('',#495);
#497=CARTESIAN_POINT('',(0.508,1.469,-9.705));
#498=VERTEX_POINT('',#497);
#499=CARTESIAN_POINT('',(0.508,1.763,-9.584));
#500=VERTEX_POINT('',#499);
#501=CARTESIAN_POINT('',(0.508,1.674,-10.201));
#502=VERTEX_POINT('',#501);
#503=CARTESIAN_POINT('',(0.508,2.018,-10.201));
#504=VERTEX_POINT('',#503);
#505=CARTESIAN_POINT('',(0.826,2.094,-4.521));
#506=VERTEX_POINT('',#505);
#507=CARTESIAN_POINT('',(-0.039,2.406,-11.139));
#508=VERTEX_POINT('',#507);
#509=CARTESIAN_POINT('',(0.039,2.406,-11.139));
#510=VERTEX_POINT('',#509);
#511=CARTESIAN_POINT('',(-0.175,1.949,-10.866));
#512=VERTEX_POINT('',#511);
#513=CARTESIAN_POINT('',(0,2.218,-11.217));
#514=VERTEX_POINT('',#513);
#515=CARTESIAN_POINT('',(0.175,1.949,-10.866));
#516=VERTEX_POINT('',#515);
#517=CARTESIAN_POINT('',(0.533,1.292,-0.623));
#518=VERTEX_POINT('',#517);
#519=CARTESIAN_POINT('',(0.533,1.228,-0.515));
#520=VERTEX_POINT('',#519);
#521=CARTESIAN_POINT('',(0.533,1.139,-0.426));
#522=VERTEX_POINT('',#521);
#523=CARTESIAN_POINT('',(0.533,1.031,-0.361));
#524=VERTEX_POINT('',#523);
#525=CARTESIAN_POINT('',(0.533,0.91,-0.325));
#526=VERTEX_POINT('',#525);
#527=CARTESIAN_POINT('',(0.533,0.785,-0.319));
#528=VERTEX_POINT('',#527);
#529=CARTESIAN_POINT('',(0.533,0.661,-0.345));
#530=VERTEX_POINT('',#529);
#531=CARTESIAN_POINT('',(0.533,0.548,-0.4));
#532=VERTEX_POINT('',#531);
#533=CARTESIAN_POINT('',(0.533,0.452,-0.481));
#534=VERTEX_POINT('',#533);
#535=CARTESIAN_POINT('',(0.533,0.379,-0.583));
#536=VERTEX_POINT('',#535);
#537=CARTESIAN_POINT('',(0.533,0.333,-0.701));
#538=VERTEX_POINT('',#537);
#539=CARTESIAN_POINT('',(-0.318,-0.457,-6.172));
#540=VERTEX_POINT('',#539);
#541=CARTESIAN_POINT('',(-0.318,-0.147,-6.106));
#542=VERTEX_POINT('',#541);
#543=CARTESIAN_POINT('',(0.318,-0.147,-6.106));
#544=VERTEX_POINT('',#543);
#545=CARTESIAN_POINT('',(0.318,-0.457,-6.172));
#546=VERTEX_POINT('',#545);
#547=STYLED_ITEM('',(#18),#548);
#548=FACE_SURFACE('',(#553),#549,.T.);
#549=PLANE('',#550);
#550=AXIS2_PLACEMENT_3D('',#33,#551,#552);
#551=DIRECTION('',(-1,0,0));
#552=DIRECTION('',(0,1,0));
#553=FACE_BOUND('',#554,.T.);
#554=EDGE_LOOP('',(#555,#556,#557));
#555=ORIENTED_EDGE('',*,*,#558,.T.);
#556=ORIENTED_EDGE('',*,*,#559,.T.);
#557=ORIENTED_EDGE('',*,*,#560,.T.);
#558=EDGE_CURVE('',#34,#36,#561,.F.);
#559=EDGE_CURVE('',#36,#38,#562,.T.);
#560=EDGE_CURVE('',#38,#34,#563,.T.);
#561=LINE('',#33,#564);
#562=LINE('',#35,#565);
#563=LINE('',#37,#566);
#564=VECTOR('',#567,1.0);
#565=VECTOR('',#568,1.0);
#566=VECTOR('',#569,1.0);
#567=DIRECTION('',(0,1,0));
#568=DIRECTION('',(0,-0.037381219009500984,-0.9993010779866914));
#569=DIRECTION('',(0,0,1));
#570=STYLED_ITEM('',(#18),#571);
#571=FACE_SURFACE('',(#576),#572,.T.);
#572=PLANE('',#573);
#573=AXIS2_PLACEMENT_3D('',#37,#574,#575);
#574=DIRECTION('',(-1,0,0));
#575=DIRECTION('',(0,0.037381219009500984,0.9993010779866914));
#576=FACE_BOUND('',#577,.T.);
#577=EDGE_LOOP('',(#578,#579,#580));
#578=ORIENTED_EDGE('',*,*,#581,.T.);
#579=ORIENTED_EDGE('',*,*,#582,.T.);
#580=ORIENTED_EDGE('',*,*,#583,.T.);
#581=EDGE_CURVE('',#38,#36,#584,.F.);
#582=EDGE_CURVE('',#36,#40,#585,.T.);
#583=EDGE_CURVE('',#40,#38,#586,.T.);
#584=LINE('',#37,#587);
#585=LINE('',#35,#588);
#586=LINE('',#39,#589);
#587=VECTOR('',#590,1.0);
#588=VECTOR('',#591,1.0);
#589=VECTOR('',#592,1.0);
#590=DIRECTION('',(0,0.037381219009500984,0.9993010779866914));
#591=DIRECTION('',(0,0,-1));
#592=DIRECTION('',(0,-1,0));
#593=STYLED_ITEM('',(#18),#594);
#594=FACE_SURFACE('',(#599),#595,.T.);
#595=PLANE('',#596);
#596=AXIS2_PLACEMENT_3D('',#41,#597,#598);
#597=DIRECTION('',(-1,0,0));
#598=DIRECTION('',(0,-1,0));
#599=FACE_BOUND('',#600,.T.);
#600=EDGE_LOOP('',(#601,#602,#603));
#601=ORIENTED_EDGE('',*,*,#604,.T.);
#602=ORIENTED_EDGE('',*,*,#605,.T.);
#603=ORIENTED_EDGE('',*,*,#606,.T.);
#604=EDGE_CURVE('',#42,#44,#607,.F.);
#605=EDGE_CURVE('',#44,#46,#608,.T.);
#606=EDGE_CURVE('',#46,#42,#609,.T.);
#607=LINE('',#41,#610);
#608=LINE('',#43,#611);
#609=LINE('',#45,#612);
#610=VECTOR('',#613,1.0);
#611=VECTOR('',#614,1.0);
#612=VECTOR('',#615,1.0);
#613=DIRECTION('',(0,-1,0));
#614=DIRECTION('',(0,0.848650769870789,0.5289535620427536));
#615=DIRECTION('',(0,-0.3544993514160697,-0.935056260256882));
#616=STYLED_ITEM('',(#18),#617);
#617=FACE_SURFACE('',(#622),#618,.T.);
#618=PLANE('',#619);
#619=AXIS2_PLACEMENT_3D('',#45,#620,#621);
#620=DIRECTION('',(-1,-0,0));
#621=DIRECTION('',(0,-0.848650769870789,-0.5289535620427536));
#622=FACE_BOUND('',#623,.T.);
#623=EDGE_LOOP('',(#624,#625,#626));
#624=ORIENTED_EDGE('',*,*,#627,.T.);
#625=ORIENTED_EDGE('',*,*,#628,.T.);
#626=ORIENTED_EDGE('',*,*,#629,.T.);
#627=EDGE_CURVE('',#46,#44,#630,.F.);
#628=EDGE_CURVE('',#44,#48,#631,.T.);
#629=EDGE_CURVE('',#48,#46,#632,.T.);
#630=LINE('',#45,#633);
#631=LINE('',#43,#634);
#632=LINE('',#47,#635);
#633=VECTOR('',#636,1.0);
#634=VECTOR('',#637,1.0);
#635=VECTOR('',#638,1.0);
#636=DIRECTION('',(0,-0.848650769870789,-0.5289535620427536));
#637=DIRECTION('',(0,-0.15999974260332153,0.98711705606117));
#638=DIRECTION('',(0,0.30708611331989083,-0.9516817319913644));
#639=STYLED_ITEM('',(#18),#640);
#640=FACE_SURFACE('',(#645),#641,.T.);
#641=PLANE('',#642);
#642=AXIS2_PLACEMENT_3D('',#45,#643,#644);
#643=DIRECTION('',(-1,0,0));
#644=DIRECTION('',(0,-0.30708611331989083,0.9516817319913644));
#645=FACE_BOUND('',#646,.T.);
#646=EDGE_LOOP('',(#647,#648,#649));
#647=ORIENTED_EDGE('',*,*,#650,.T.);
#648=ORIENTED_EDGE('',*,*,#651,.T.);
#649=ORIENTED_EDGE('',*,*,#652,.T.);
#650=EDGE_CURVE('',#46,#48,#653,.F.);
#651=EDGE_CURVE('',#48,#50,#654,.T.);
#652=EDGE_CURVE('',#50,#46,#655,.T.);
#653=LINE('',#45,#656);
#654=LINE('',#47,#657);
#655=LINE('',#49,#658);
#656=VECTOR('',#659,1.0);
#657=VECTOR('',#660,1.0);
#658=VECTOR('',#661,1.0);
#659=DIRECTION('',(0,-0.30708611331989083,0.9516817319913644));
#660=DIRECTION('',(0,1,0));
#661=DIRECTION('',(0,0.16023994989725712,-0.9870780913671039));
#662=STYLED_ITEM('',(#18),#663);
#663=FACE_SURFACE('',(#668),#664,.T.);
#664=PLANE('',#665);
#665=AXIS2_PLACEMENT_3D('',#51,#666,#667);
#666=DIRECTION('',(-0.8662979455037,-0,-0.49952764649823767));
#667=DIRECTION('',(0,-1,0));
#668=FACE_BOUND('',#669,.T.);
#669=EDGE_LOOP('',(#670,#671,#672));
#670=ORIENTED_EDGE('',*,*,#673,.T.);
#671=ORIENTED_EDGE('',*,*,#674,.T.);
#672=ORIENTED_EDGE('',*,*,#675,.T.);
#673=EDGE_CURVE('',#52,#54,#676,.F.);
#674=EDGE_CURVE('',#54,#40,#677,.T.);
#675=EDGE_CURVE('',#40,#52,#678,.T.);
#676=LINE('',#51,#679);
#677=LINE('',#53,#680);
#678=LINE('',#39,#681);
#679=VECTOR('',#682,1.0);
#680=VECTOR('',#683,1.0);
#681=VECTOR('',#684,1.0);
#682=DIRECTION('',(0,-1,0));
#683=DIRECTION('',(-0.4703326496137572,0.3368598706693126,0.8156669824382722));
#684=DIRECTION('',(0.49952764649823767,0,-0.8662979455037001));
#685=STYLED_ITEM('',(#18),#686);
#686=FACE_SURFACE('',(#691),#687,.T.);
#687=PLANE('',#688);
#688=AXIS2_PLACEMENT_3D('',#39,#689,#690);
#689=DIRECTION('',(-0.8662979455037,-0,-0.49952764649823767));
#690=DIRECTION('',(0.4703326496137572,-0.3368598706693126,-0.8156669824382722));
#691=FACE_BOUND('',#692,.T.);
#692=EDGE_LOOP('',(#693,#694,#695));
#693=ORIENTED_EDGE('',*,*,#696,.T.);
#694=ORIENTED_EDGE('',*,*,#697,.T.);
#695=ORIENTED_EDGE('',*,*,#698,.T.);
#696=EDGE_CURVE('',#40,#54,#699,.F.);
#697=EDGE_CURVE('',#54,#38,#700,.T.);
#698=EDGE_CURVE('',#38,#40,#701,.T.);
#699=LINE('',#39,#702);
#700=LINE('',#53,#703);
#701=LINE('',#37,#704);
#702=VECTOR('',#705,1.0);
#703=VECTOR('',#706,1.0);
#704=VECTOR('',#707,1.0);
#705=DIRECTION('',(0.4703326496137572,-0.3368598706693126,-0.8156669824382722));
#706=DIRECTION('',(-0.49952764649823767,0,0.8662979455037001));
#707=DIRECTION('',(0,1,0));
#708=STYLED_ITEM('',(#18),#709);
#709=FACE_SURFACE('',(#714),#710,.T.);
#710=PLANE('',#711);
#711=AXIS2_PLACEMENT_3D('',#55,#712,#713);
#712=DIRECTION('',(0,-1,0));
#713=DIRECTION('',(0.49952764649823767,0,0.8662979455037001));
#714=FACE_BOUND('',#715,.T.);
#715=EDGE_LOOP('',(#716,#717,#718));
#716=ORIENTED_EDGE('',*,*,#719,.T.);
#717=ORIENTED_EDGE('',*,*,#720,.T.);
#718=ORIENTED_EDGE('',*,*,#721,.T.);
#719=EDGE_CURVE('',#56,#58,#722,.F.);
#720=EDGE_CURVE('',#58,#54,#723,.T.);
#721=EDGE_CURVE('',#54,#56,#724,.T.);
#722=LINE('',#55,#725);
#723=LINE('',#57,#726);
#724=LINE('',#53,#727);
#725=VECTOR('',#728,1.0);
#726=VECTOR('',#729,1.0);
#727=VECTOR('',#730,1.0);
#728=DIRECTION('',(0.49952764649823767,0,0.8662979455037001));
#729=DIRECTION('',(-0.8845236505919997,0,-0.466495349969753));
#730=DIRECTION('',(1,0,0));
#731=STYLED_ITEM('',(#18),#732);
#732=FACE_SURFACE('',(#737),#733,.T.);
#733=PLANE('',#734);
#734=AXIS2_PLACEMENT_3D('',#53,#735,#736);
#735=DIRECTION('',(0,-1,0));
#736=DIRECTION('',(0.8845236505919997,0,0.466495349969753));
#737=FACE_BOUND('',#738,.T.);
#738=EDGE_LOOP('',(#739,#740,#741));
#739=ORIENTED_EDGE('',*,*,#742,.T.);
#740=ORIENTED_EDGE('',*,*,#743,.T.);
#741=ORIENTED_EDGE('',*,*,#744,.T.);
#742=EDGE_CURVE('',#54,#58,#745,.F.);
#743=EDGE_CURVE('',#58,#38,#746,.T.);
#744=EDGE_CURVE('',#38,#54,#747,.T.);
#745=LINE('',#53,#748);
#746=LINE('',#57,#749);
#747=LINE('',#37,#750);
#748=VECTOR('',#751,1.0);
#749=VECTOR('',#752,1.0);
#750=VECTOR('',#753,1.0);
#751=DIRECTION('',(0.8845236505919997,0,0.466495349969753));
#752=DIRECTION('',(-1,0,0));
#753=DIRECTION('',(0.49952764649823767,0,-0.8662979455037001));
#754=STYLED_ITEM('',(#18),#755);
#755=FACE_SURFACE('',(#760),#756,.T.);
#756=PLANE('',#757);
#757=AXIS2_PLACEMENT_3D('',#59,#758,#759);
#758=DIRECTION('',(0,-1,-0));
#759=DIRECTION('',(-0.7071067811865475,0,-0.7071067811865475));
#760=FACE_BOUND('',#761,.T.);
#761=EDGE_LOOP('',(#762,#763,#764));
#762=ORIENTED_EDGE('',*,*,#765,.T.);
#763=ORIENTED_EDGE('',*,*,#766,.T.);
#764=ORIENTED_EDGE('',*,*,#767,.T.);
#765=EDGE_CURVE('',#60,#62,#768,.F.);
#766=EDGE_CURVE('',#62,#64,#769,.T.);
#767=EDGE_CURVE('',#64,#60,#770,.T.);
#768=LINE('',#59,#771);
#769=LINE('',#61,#772);
#770=LINE('',#63,#773);
#771=VECTOR('',#774,1.0);
#772=VECTOR('',#775,1.0);
#773=VECTOR('',#776,1.0);
#774=DIRECTION('',(-0.7071067811865475,0,-0.7071067811865475));
#775=DIRECTION('',(0.8429872037394154,0,0.5379336151716134));
#776=DIRECTION('',(-0.871929591003345,0,-0.4896312779354885));
#777=STYLED_ITEM('',(#18),#778);
#778=FACE_SURFACE('',(#783),#779,.T.);
#779=PLANE('',#780);
#780=AXIS2_PLACEMENT_3D('',#63,#781,#782);
#781=DIRECTION('',(0,-1,0));
#782=DIRECTION('',(-0.8429872037394154,0,-0.5379336151716134));
#783=FACE_BOUND('',#784,.T.);
#784=EDGE_LOOP('',(#785,#786,#787));
#785=ORIENTED_EDGE('',*,*,#788,.T.);
#786=ORIENTED_EDGE('',*,*,#789,.T.);
#787=ORIENTED_EDGE('',*,*,#790,.T.);
#788=EDGE_CURVE('',#64,#62,#791,.F.);
#789=EDGE_CURVE('',#62,#66,#792,.T.);
#790=EDGE_CURVE('',#66,#64,#793,.T.);
#791=LINE('',#63,#794);
#792=LINE('',#61,#795);
#793=LINE('',#65,#796);
#794=VECTOR('',#797,1.0);
#795=VECTOR('',#798,1.0);
#796=VECTOR('',#799,1.0);
#797=DIRECTION('',(-0.8429872037394154,0,-0.5379336151716134));
#798=DIRECTION('',(0.06007533219712114,0,-0.9981938461348104));
#799=DIRECTION('',(0.137120410731842,0,0.990554386674821));
#800=STYLED_ITEM('',(#18),#801);
#801=FACE_SURFACE('',(#806),#802,.T.);
#802=PLANE('',#803);
#803=AXIS2_PLACEMENT_3D('',#63,#804,#805);
#804=DIRECTION('',(0,-1,-0));
#805=DIRECTION('',(-0.137120410731842,0,-0.990554386674821));
#806=FACE_BOUND('',#807,.T.);
#807=EDGE_LOOP('',(#808,#809,#810));
#808=ORIENTED_EDGE('',*,*,#811,.T.);
#809=ORIENTED_EDGE('',*,*,#812,.T.);
#810=ORIENTED_EDGE('',*,*,#813,.T.);
#811=EDGE_CURVE('',#64,#66,#814,.F.);
#812=EDGE_CURVE('',#66,#58,#815,.T.);
#813=EDGE_CURVE('',#58,#64,#816,.T.);
#814=LINE('',#63,#817);
#815=LINE('',#65,#818);
#816=LINE('',#57,#819);
#817=VECTOR('',#820,1.0);
#818=VECTOR('',#821,1.0);
#819=VECTOR('',#822,1.0);
#820=DIRECTION('',(-0.137120410731842,0,-0.990554386674821));
#821=DIRECTION('',(0.1596202907380305,0,-0.9871784857788923));
#822=DIRECTION('',(0,0,1));
#823=STYLED_ITEM('',(#18),#824);
#824=FACE_SURFACE('',(#829),#825,.T.);
#825=PLANE('',#826);
#826=AXIS2_PLACEMENT_3D('',#57,#827,#828);
#827=DIRECTION('',(0,-1,0));
#828=DIRECTION('',(-0.1596202907380305,0,0.9871784857788923));
#829=FACE_BOUND('',#830,.T.);
#830=EDGE_LOOP('',(#831,#832,#833));
#831=ORIENTED_EDGE('',*,*,#834,.T.);
#832=ORIENTED_EDGE('',*,*,#835,.T.);
#833=ORIENTED_EDGE('',*,*,#836,.T.);
#834=EDGE_CURVE('',#58,#66,#837,.F.);
#835=EDGE_CURVE('',#66,#68,#838,.T.);
#836=EDGE_CURVE('',#68,#58,#839,.T.);
#837=LINE('',#57,#840);
#838=LINE('',#65,#841);
#839=LINE('',#67,#842);
#840=VECTOR('',#843,1.0);
#841=VECTOR('',#844,1.0);
#842=VECTOR('',#845,1.0);
#843=DIRECTION('',(-0.1596202907380305,0,0.9871784857788923));
#844=DIRECTION('',(0,0,-1));
#845=DIRECTION('',(0.2549088812917898,0,-0.9669650780863642));
#846=STYLED_ITEM('',(#18),#847);
#847=FACE_SURFACE('',(#852),#848,.T.);
#848=PLANE('',#849);
#849=AXIS2_PLACEMENT_3D('',#57,#850,#851);
#850=DIRECTION('',(0,-1,0));
#851=DIRECTION('',(-0.2549088812917898,0,0.9669650780863642));
#852=FACE_BOUND('',#853,.T.);
#853=EDGE_LOOP('',(#854,#855,#856));
#854=ORIENTED_EDGE('',*,*,#857,.T.);
#855=ORIENTED_EDGE('',*,*,#858,.T.);
#856=ORIENTED_EDGE('',*,*,#859,.T.);
#857=EDGE_CURVE('',#58,#68,#860,.F.);
#858=EDGE_CURVE('',#68,#38,#861,.T.);
#859=EDGE_CURVE('',#38,#58,#862,.T.);
#860=LINE('',#57,#863);
#861=LINE('',#67,#864);
#862=LINE('',#37,#865);
#863=VECTOR('',#866,1.0);
#864=VECTOR('',#867,1.0);
#865=VECTOR('',#868,1.0);
#866=DIRECTION('',(-0.2549088812917898,0,0.9669650780863642));
#867=DIRECTION('',(-0.466958315165951,0,-0.8842793291134745));
#868=DIRECTION('',(1,0,0));
#869=STYLED_ITEM('',(#18),#870);
#870=FACE_SURFACE('',(#875),#871,.T.);
#871=PLANE('',#872);
#872=AXIS2_PLACEMENT_3D('',#37,#873,#874);
#873=DIRECTION('',(0,-1,0));
#874=DIRECTION('',(0.466958315165951,0,0.8842793291134745));
#875=FACE_BOUND('',#876,.T.);
#876=EDGE_LOOP('',(#877,#878,#879));
#877=ORIENTED_EDGE('',*,*,#880,.T.);
#878=ORIENTED_EDGE('',*,*,#881,.T.);
#879=ORIENTED_EDGE('',*,*,#882,.T.);
#880=EDGE_CURVE('',#38,#68,#883,.F.);
#881=EDGE_CURVE('',#68,#70,#884,.T.);
#882=EDGE_CURVE('',#70,#38,#885,.T.);
#883=LINE('',#37,#886);
#884=LINE('',#67,#887);
#885=LINE('',#69,#888);
#886=VECTOR('',#889,1.0);
#887=VECTOR('',#890,1.0);
#888=VECTOR('',#891,1.0);
#889=DIRECTION('',(0.466958315165951,0,0.8842793291134745));
#890=DIRECTION('',(-1,0,0));
#891=DIRECTION('',(-0.2549088812917898,0,-0.9669650780863642));
#892=STYLED_ITEM('',(#18),#893);
#893=FACE_SURFACE('',(#898),#894,.T.);
#894=PLANE('',#895);
#895=AXIS2_PLACEMENT_3D('',#37,#896,#897);
#896=DIRECTION('',(0,-1,0));
#897=DIRECTION('',(0.2549088812917898,0,0.9669650780863642));
#898=FACE_BOUND('',#899,.T.);
#899=EDGE_LOOP('',(#900,#901,#902));
#900=ORIENTED_EDGE('',*,*,#903,.T.);
#901=ORIENTED_EDGE('',*,*,#904,.T.);
#902=ORIENTED_EDGE('',*,*,#905,.T.);
#903=EDGE_CURVE('',#38,#70,#906,.F.);
#904=EDGE_CURVE('',#70,#72,#907,.T.);
#905=EDGE_CURVE('',#72,#38,#908,.T.);
#906=LINE('',#37,#909);
#907=LINE('',#69,#910);
#908=LINE('',#71,#911);
#909=VECTOR('',#912,1.0);
#910=VECTOR('',#913,1.0);
#911=VECTOR('',#914,1.0);
#912=DIRECTION('',(0.2549088812917898,0,0.9669650780863642));
#913=DIRECTION('',(0,0,1));
#914=DIRECTION('',(-0.1596202907380305,0,-0.9871784857788923));
#915=STYLED_ITEM('',(#18),#916);
#916=FACE_SURFACE('',(#921),#917,.T.);
#917=PLANE('',#918);
#918=AXIS2_PLACEMENT_3D('',#73,#919,#920);
#919=DIRECTION('',(0,-1,-0));
#920=DIRECTION('',(-0.8657978539310051,0,-0.5003939209547474));
#921=FACE_BOUND('',#922,.T.);
#922=EDGE_LOOP('',(#923,#924,#925));
#923=ORIENTED_EDGE('',*,*,#926,.T.);
#924=ORIENTED_EDGE('',*,*,#927,.T.);
#925=ORIENTED_EDGE('',*,*,#928,.T.);
#926=EDGE_CURVE('',#74,#76,#929,.F.);
#927=EDGE_CURVE('',#76,#64,#930,.T.);
#928=EDGE_CURVE('',#64,#74,#931,.T.);
#929=LINE('',#73,#932);
#930=LINE('',#75,#933);
#931=LINE('',#63,#934);
#932=VECTOR('',#935,1.0);
#933=VECTOR('',#936,1.0);
#934=VECTOR('',#937,1.0);
#935=DIRECTION('',(-0.8657978539310051,0,-0.5003939209547474));
#936=DIRECTION('',(0.3374074413682946,0,-0.9413587087339772));
#937=DIRECTION('',(-0.03393997257151977,0,0.9994238731698601));
#938=STYLED_ITEM('',(#18),#939);
#939=FACE_SURFACE('',(#944),#940,.T.);
#940=PLANE('',#941);
#941=AXIS2_PLACEMENT_3D('',#63,#942,#943);
#942=DIRECTION('',(0,-1,0));
#943=DIRECTION('',(-0.3374074413682946,0,0.9413587087339772));
#944=FACE_BOUND('',#945,.T.);
#945=EDGE_LOOP('',(#946,#947,#948));
#946=ORIENTED_EDGE('',*,*,#949,.T.);
#947=ORIENTED_EDGE('',*,*,#950,.T.);
#948=ORIENTED_EDGE('',*,*,#951,.T.);
#949=EDGE_CURVE('',#64,#76,#952,.F.);
#950=EDGE_CURVE('',#76,#78,#953,.T.);
#951=EDGE_CURVE('',#78,#64,#954,.T.);
#952=LINE('',#63,#955);
#953=LINE('',#75,#956);
#954=LINE('',#77,#957);
#955=VECTOR('',#958,1.0);
#956=VECTOR('',#959,1.0);
#957=VECTOR('',#960,1.0);
#958=DIRECTION('',(-0.3374074413682946,0,0.9413587087339772));
#959=DIRECTION('',(-0.7059447345951286,0,-0.7082669212220866));
#960=DIRECTION('',(0.6417545971396166,0,-0.7669100579925708));
#961=STYLED_ITEM('',(#18),#962);
#962=FACE_SURFACE('',(#967),#963,.T.);
#963=PLANE('',#964);
#964=AXIS2_PLACEMENT_3D('',#63,#965,#966);
#965=DIRECTION('',(-0,-1,0));
#966=DIRECTION('',(-0.6417545971396166,0,0.7669100579925708));
#967=FACE_BOUND('',#968,.T.);
#968=EDGE_LOOP('',(#969,#970,#971));
#969=ORIENTED_EDGE('',*,*,#972,.T.);
#970=ORIENTED_EDGE('',*,*,#973,.T.);
#971=ORIENTED_EDGE('',*,*,#974,.T.);
#972=EDGE_CURVE('',#64,#78,#975,.F.);
#973=EDGE_CURVE('',#78,#60,#976,.T.);
#974=EDGE_CURVE('',#60,#64,#977,.T.);
#975=LINE('',#63,#978);
#976=LINE('',#77,#979);
#977=LINE('',#59,#980);
#978=VECTOR('',#981,1.0);
#979=VECTOR('',#982,1.0);
#980=VECTOR('',#983,1.0);
#981=DIRECTION('',(-0.6417545971396166,0,0.7669100579925708));
#982=DIRECTION('',(0,0,-1));
#983=DIRECTION('',(0.871929591003345,0,0.4896312779354885));
#984=STYLED_ITEM('',(#18),#985);
#985=FACE_SURFACE('',(#990),#986,.T.);
#986=PLANE('',#987);
#987=AXIS2_PLACEMENT_3D('',#73,#988,#989);
#988=DIRECTION('',(-0,-1,0));
#989=DIRECTION('',(-1,0,0));
#990=FACE_BOUND('',#991,.T.);
#991=EDGE_LOOP('',(#992,#993,#994));
#992=ORIENTED_EDGE('',*,*,#995,.T.);
#993=ORIENTED_EDGE('',*,*,#996,.T.);
#994=ORIENTED_EDGE('',*,*,#997,.T.);
#995=EDGE_CURVE('',#74,#80,#998,.F.);
#996=EDGE_CURVE('',#80,#76,#999,.T.);
#997=EDGE_CURVE('',#76,#74,#1000,.T.);
#998=LINE('',#73,#1001);
#999=LINE('',#79,#1002);
#1000=LINE('',#75,#1003);
#1001=VECTOR('',#1004,1.0);
#1002=VECTOR('',#1005,1.0);
#1003=VECTOR('',#1006,1.0);
#1004=DIRECTION('',(-1,0,0));
#1005=DIRECTION('',(0,0,-1));
#1006=DIRECTION('',(0.8657978539310051,0,0.5003939209547474));
#1007=STYLED_ITEM('',(#18),#1008);
#1008=FACE_SURFACE('',(#1013),#1009,.T.);
#1009=PLANE('',#1010);
#1010=AXIS2_PLACEMENT_3D('',#65,#1011,#1012);
#1011=DIRECTION('',(0,-1,0));
#1012=DIRECTION('',(-0.06007533219712114,0,0.9981938461348104));
#1013=FACE_BOUND('',#1014,.T.);
#1014=EDGE_LOOP('',(#1015,#1016,#1017));
#1015=ORIENTED_EDGE('',*,*,#1018,.T.);
#1016=ORIENTED_EDGE('',*,*,#1019,.T.);
#1017=ORIENTED_EDGE('',*,*,#1020,.T.);
#1018=EDGE_CURVE('',#66,#62,#1021,.F.);
#1019=EDGE_CURVE('',#62,#72,#1022,.T.);
#1020=EDGE_CURVE('',#72,#66,#1023,.T.);
#1021=LINE('',#65,#1024);
#1022=LINE('',#61,#1025);
#1023=LINE('',#71,#1026);
#1024=VECTOR('',#1027,1.0);
#1025=VECTOR('',#1028,1.0);
#1026=VECTOR('',#1029,1.0);
#1027=DIRECTION('',(-0.06007533219712114,0,0.9981938461348104));
#1028=DIRECTION('',(-0.09751854782679048,0,-0.9952337076434631));
#1029=DIRECTION('',(1,0,0));
#1030=STYLED_ITEM('',(#18),#1031);
#1031=FACE_SURFACE('',(#1036),#1032,.T.);
#1032=PLANE('',#1033);
#1033=AXIS2_PLACEMENT_3D('',#71,#1034,#1035);
#1034=DIRECTION('',(0,-1,0));
#1035=DIRECTION('',(0.09751854782679048,0,0.9952337076434631));
#1036=FACE_BOUND('',#1037,.T.);
#1037=EDGE_LOOP('',(#1038,#1039,#1040));
#1038=ORIENTED_EDGE('',*,*,#1041,.T.);
#1039=ORIENTED_EDGE('',*,*,#1042,.T.);
#1040=ORIENTED_EDGE('',*,*,#1043,.T.);
#1041=EDGE_CURVE('',#72,#62,#1044,.F.);
#1042=EDGE_CURVE('',#62,#82,#1045,.T.);
#1043=EDGE_CURVE('',#82,#72,#1046,.T.);
#1044=LINE('',#71,#1047);
#1045=LINE('',#61,#1048);
#1046=LINE('',#81,#1049);
#1047=VECTOR('',#1050,1.0);
#1048=VECTOR('',#1051,1.0);
#1049=VECTOR('',#1052,1.0);
#1050=DIRECTION('',(0.09751854782679048,0,0.9952337076434631));
#1051=DIRECTION('',(-1,0,0));
#1052=DIRECTION('',(-0.06007533219712114,0,-0.9981938461348104));
#1053=STYLED_ITEM('',(#18),#1054);
#1054=FACE_SURFACE('',(#1059),#1055,.T.);
#1055=PLANE('',#1056);
#1056=AXIS2_PLACEMENT_3D('',#71,#1057,#1058);
#1057=DIRECTION('',(0,-1,0));
#1058=DIRECTION('',(0.06007533219712114,0,0.9981938461348104));
#1059=FACE_BOUND('',#1060,.T.);
#1060=EDGE_LOOP('',(#1061,#1062,#1063));
#1061=ORIENTED_EDGE('',*,*,#1064,.T.);
#1062=ORIENTED_EDGE('',*,*,#1065,.T.);
#1063=ORIENTED_EDGE('',*,*,#1066,.T.);
#1064=EDGE_CURVE('',#72,#82,#1067,.F.);
#1065=EDGE_CURVE('',#82,#34,#1068,.T.);
#1066=EDGE_CURVE('',#34,#72,#1069,.T.);
#1067=LINE('',#71,#1070);
#1068=LINE('',#81,#1071);
#1069=LINE('',#33,#1072);
#1070=VECTOR('',#1073,1.0);
#1071=VECTOR('',#1074,1.0);
#1072=VECTOR('',#1075,1.0);
#1073=DIRECTION('',(0.06007533219712114,0,0.9981938461348104));
#1074=DIRECTION('',(-0.8429872037394154,0,0.5379336151716134));
#1075=DIRECTION('',(0.137120410731842,0,-0.990554386674821));
#1076=STYLED_ITEM('',(#18),#1077);
#1077=FACE_SURFACE('',(#1082),#1078,.T.);
#1078=PLANE('',#1079);
#1079=AXIS2_PLACEMENT_3D('',#33,#1080,#1081);
#1080=DIRECTION('',(0,-1,0));
#1081=DIRECTION('',(0.8429872037394154,0,-0.5379336151716134));
#1082=FACE_BOUND('',#1083,.T.);
#1083=EDGE_LOOP('',(#1084,#1085,#1086));
#1084=ORIENTED_EDGE('',*,*,#1087,.T.);
#1085=ORIENTED_EDGE('',*,*,#1088,.T.);
#1086=ORIENTED_EDGE('',*,*,#1089,.T.);
#1087=EDGE_CURVE('',#34,#82,#1090,.F.);
#1088=EDGE_CURVE('',#82,#84,#1091,.T.);
#1089=EDGE_CURVE('',#84,#34,#1092,.T.);
#1090=LINE('',#33,#1093);
#1091=LINE('',#81,#1094);
#1092=LINE('',#83,#1095);
#1093=VECTOR('',#1096,1.0);
#1094=VECTOR('',#1097,1.0);
#1095=VECTOR('',#1098,1.0);
#1096=DIRECTION('',(0.8429872037394154,0,-0.5379336151716134));
#1097=DIRECTION('',(-0.7071067811865475,0,0.7071067811865475));
#1098=DIRECTION('',(-0.871929591003345,0,0.4896312779354885));
#1099=STYLED_ITEM('',(#18),#1100);
#1100=FACE_SURFACE('',(#1105),#1101,.T.);
#1101=PLANE('',#1102);
#1102=AXIS2_PLACEMENT_3D('',#33,#1103,#1104);
#1103=DIRECTION('',(0,-1,0));
#1104=DIRECTION('',(0.871929591003345,0,-0.4896312779354885));
#1105=FACE_BOUND('',#1106,.T.);
#1106=EDGE_LOOP('',(#1107,#1108,#1109));
#1107=ORIENTED_EDGE('',*,*,#1110,.T.);
#1108=ORIENTED_EDGE('',*,*,#1111,.T.);
#1109=ORIENTED_EDGE('',*,*,#1112,.T.);
#1110=EDGE_CURVE('',#34,#84,#1113,.F.);
#1111=EDGE_CURVE('',#84,#86,#1114,.T.);
#1112=EDGE_CURVE('',#86,#34,#1115,.T.);
#1113=LINE('',#33,#1116);
#1114=LINE('',#83,#1117);
#1115=LINE('',#85,#1118);
#1116=VECTOR('',#1119,1.0);
#1117=VECTOR('',#1120,1.0);
#1118=VECTOR('',#1121,1.0);
#1119=DIRECTION('',(0.871929591003345,0,-0.4896312779354885));
#1120=DIRECTION('',(0,0,1));
#1121=DIRECTION('',(-0.6417545971396166,0,-0.7669100579925708));
#1122=STYLED_ITEM('',(#18),#1123);
#1123=FACE_SURFACE('',(#1128),#1124,.T.);
#1124=PLANE('',#1125);
#1125=AXIS2_PLACEMENT_3D('',#85,#1126,#1127);
#1126=DIRECTION('',(-0,-1,0));
#1127=DIRECTION('',(-0.7059447345951286,0,0.7082669212220866));
#1128=FACE_BOUND('',#1129,.T.);
#1129=EDGE_LOOP('',(#1130,#1131,#1132));
#1130=ORIENTED_EDGE('',*,*,#1133,.T.);
#1131=ORIENTED_EDGE('',*,*,#1134,.T.);
#1132=ORIENTED_EDGE('',*,*,#1135,.T.);
#1133=EDGE_CURVE('',#86,#88,#1136,.F.);
#1134=EDGE_CURVE('',#88,#34,#1137,.T.);
#1135=EDGE_CURVE('',#34,#86,#1138,.T.);
#1136=LINE('',#85,#1139);
#1137=LINE('',#87,#1140);
#1138=LINE('',#33,#1141);
#1139=VECTOR('',#1142,1.0);
#1140=VECTOR('',#1143,1.0);
#1141=VECTOR('',#1144,1.0);
#1142=DIRECTION('',(-0.7059447345951286,0,0.7082669212220866));
#1143=DIRECTION('',(-0.3374074413682946,0,-0.9413587087339772));
#1144=DIRECTION('',(0.6417545971396166,0,0.7669100579925708));
#1145=STYLED_ITEM('',(#18),#1146);
#1146=FACE_SURFACE('',(#1151),#1147,.T.);
#1147=PLANE('',#1148);
#1148=AXIS2_PLACEMENT_3D('',#33,#1149,#1150);
#1149=DIRECTION('',(0,-1,0));
#1150=DIRECTION('',(0.3374074413682946,0,0.9413587087339772));
#1151=FACE_BOUND('',#1152,.T.);
#1152=EDGE_LOOP('',(#1153,#1154,#1155));
#1153=ORIENTED_EDGE('',*,*,#1156,.T.);
#1154=ORIENTED_EDGE('',*,*,#1157,.T.);
#1155=ORIENTED_EDGE('',*,*,#1158,.T.);
#1156=EDGE_CURVE('',#34,#88,#1159,.F.);
#1157=EDGE_CURVE('',#88,#90,#1160,.T.);
#1158=EDGE_CURVE('',#90,#34,#1161,.T.);
#1159=LINE('',#33,#1162);
#1160=LINE('',#87,#1163);
#1161=LINE('',#89,#1164);
#1162=VECTOR('',#1165,1.0);
#1163=VECTOR('',#1166,1.0);
#1164=VECTOR('',#1167,1.0);
#1165=DIRECTION('',(0.3374074413682946,0,0.9413587087339772));
#1166=DIRECTION('',(-0.8657978539310051,0,0.5003939209547474));
#1167=DIRECTION('',(-0.03393997257151977,0,-0.9994238731698601));
#1168=STYLED_ITEM('',(#18),#1169);
#1169=FACE_SURFACE('',(#1174),#1170,.T.);
#1170=PLANE('',#1171);
#1171=AXIS2_PLACEMENT_3D('',#87,#1172,#1173);
#1172=DIRECTION('',(0,-1,0));
#1173=DIRECTION('',(0,0,1));
#1174=FACE_BOUND('',#1175,.T.);
#1175=EDGE_LOOP('',(#1176,#1177,#1178));
#1176=ORIENTED_EDGE('',*,*,#1179,.T.);
#1177=ORIENTED_EDGE('',*,*,#1180,.T.);
#1178=ORIENTED_EDGE('',*,*,#1181,.T.);
#1179=EDGE_CURVE('',#88,#92,#1182,.F.);
#1180=EDGE_CURVE('',#92,#90,#1183,.T.);
#1181=EDGE_CURVE('',#90,#88,#1184,.T.);
#1182=LINE('',#87,#1185);
#1183=LINE('',#91,#1186);
#1184=LINE('',#89,#1187);
#1185=VECTOR('',#1188,1.0);
#1186=VECTOR('',#1189,1.0);
#1187=VECTOR('',#1190,1.0);
#1188=DIRECTION('',(0,0,1));
#1189=DIRECTION('',(-1,0,0));
#1190=DIRECTION('',(0.8657978539310051,0,-0.5003939209547474));
#1191=STYLED_ITEM('',(#18),#1192);
#1192=FACE_SURFACE('',(#1197),#1193,.T.);
#1193=PLANE('',#1194);
#1194=AXIS2_PLACEMENT_3D('',#33,#1195,#1196);
#1195=DIRECTION('',(0,-1,0));
#1196=DIRECTION('',(0,0,-1));
#1197=FACE_BOUND('',#1198,.T.);
#1198=EDGE_LOOP('',(#1199,#1200,#1201));
#1199=ORIENTED_EDGE('',*,*,#1202,.T.);
#1200=ORIENTED_EDGE('',*,*,#1203,.T.);
#1201=ORIENTED_EDGE('',*,*,#1204,.T.);
#1202=EDGE_CURVE('',#34,#38,#1205,.F.);
#1203=EDGE_CURVE('',#38,#72,#1206,.T.);
#1204=EDGE_CURVE('',#72,#34,#1207,.T.);
#1205=LINE('',#33,#1208);
#1206=LINE('',#37,#1209);
#1207=LINE('',#71,#1210);
#1208=VECTOR('',#1211,1.0);
#1209=VECTOR('',#1212,1.0);
#1210=VECTOR('',#1213,1.0);
#1211=DIRECTION('',(0,0,-1));
#1212=DIRECTION('',(0.1596202907380305,0,0.9871784857788923));
#1213=DIRECTION('',(-0.137120410731842,0,0.990554386674821));
#1214=STYLED_ITEM('',(#18),#1215);
#1215=FACE_SURFACE('',(#1220),#1216,.T.);
#1216=PLANE('',#1217);
#1217=AXIS2_PLACEMENT_3D('',#35,#1218,#1219);
#1218=DIRECTION('',(-0.99942387316986,0,0.03393997257151977));
#1219=DIRECTION('',(0,-1,0));
#1220=FACE_BOUND('',#1221,.T.);
#1221=EDGE_LOOP('',(#1222,#1223,#1224));
#1222=ORIENTED_EDGE('',*,*,#1225,.T.);
#1223=ORIENTED_EDGE('',*,*,#1226,.T.);
#1224=ORIENTED_EDGE('',*,*,#1227,.T.);
#1225=EDGE_CURVE('',#36,#34,#1228,.F.);
#1226=EDGE_CURVE('',#34,#94,#1229,.T.);
#1227=EDGE_CURVE('',#94,#36,#1230,.T.);
#1228=LINE('',#35,#1231);
#1229=LINE('',#33,#1232);
#1230=LINE('',#93,#1233);
#1231=VECTOR('',#1234,1.0);
#1232=VECTOR('',#1235,1.0);
#1233=VECTOR('',#1236,1.0);
#1234=DIRECTION('',(0,-1,0));
#1235=DIRECTION('',(0.03307900160147778,0.22381111721850958,0.9740710258818152));
#1236=DIRECTION('',(-0.03393997257151977,0,-0.9994238731698601));
#1237=STYLED_ITEM('',(#18),#1238);
#1238=FACE_SURFACE('',(#1243),#1239,.T.);
#1239=PLANE('',#1240);
#1240=AXIS2_PLACEMENT_3D('',#93,#1241,#1242);
#1241=DIRECTION('',(-0.99942387316986,0,0.03393997257151977));
#1242=DIRECTION('',(-0.03307900160147778,-0.22381111721850958,-0.9740710258818152));
#1243=FACE_BOUND('',#1244,.T.);
#1244=EDGE_LOOP('',(#1245,#1246,#1247));
#1245=ORIENTED_EDGE('',*,*,#1248,.T.);
#1246=ORIENTED_EDGE('',*,*,#1249,.T.);
#1247=ORIENTED_EDGE('',*,*,#1250,.T.);
#1248=EDGE_CURVE('',#94,#34,#1251,.F.);
#1249=EDGE_CURVE('',#34,#90,#1252,.T.);
#1250=EDGE_CURVE('',#90,#94,#1253,.T.);
#1251=LINE('',#93,#1254);
#1252=LINE('',#33,#1255);
#1253=LINE('',#89,#1256);
#1254=VECTOR('',#1257,1.0);
#1255=VECTOR('',#1258,1.0);
#1256=VECTOR('',#1259,1.0);
#1257=DIRECTION('',(-0.03307900160147778,-0.22381111721850958,-0.9740710258818152));
#1258=DIRECTION('',(0.03393997257151977,0,0.9994238731698601));
#1259=DIRECTION('',(0,1,0));
#1260=STYLED_ITEM('',(#18),#1261);
#1261=FACE_SURFACE('',(#1266),#1262,.T.);
#1262=PLANE('',#1263);
#1263=AXIS2_PLACEMENT_3D('',#93,#1264,#1265);
#1264=DIRECTION('',(-0.9994059993535876,0,0.034462275839778955));
#1265=DIRECTION('',(0,-1,0));
#1266=FACE_BOUND('',#1267,.T.);
#1267=EDGE_LOOP('',(#1268,#1269,#1270));
#1268=ORIENTED_EDGE('',*,*,#1271,.T.);
#1269=ORIENTED_EDGE('',*,*,#1272,.T.);
#1270=ORIENTED_EDGE('',*,*,#1273,.T.);
#1271=EDGE_CURVE('',#94,#90,#1274,.F.);
#1272=EDGE_CURVE('',#90,#96,#1275,.T.);
#1273=EDGE_CURVE('',#96,#94,#1276,.T.);
#1274=LINE('',#93,#1277);
#1275=LINE('',#89,#1278);
#1276=LINE('',#95,#1279);
#1277=VECTOR('',#1280,1.0);
#1278=VECTOR('',#1281,1.0);
#1279=VECTOR('',#1282,1.0);
#1280=DIRECTION('',(0,-1,0));
#1281=DIRECTION('',(0.006131134094849531,0.9840470222233488,0.17780288875063605));
#1282=DIRECTION('',(-0.034416322714285255,-0.05162448407142789,-0.9980733587142706));
#1283=STYLED_ITEM('',(#18),#1284);
#1284=FACE_SURFACE('',(#1289),#1285,.T.);
#1285=PLANE('',#1286);
#1286=AXIS2_PLACEMENT_3D('',#95,#1287,#1288);
#1287=DIRECTION('',(-0.9994917926998143,0.0004682400313812587,0.03187376785045255));
#1288=DIRECTION('',(-0.006131134094849531,-0.9840470222233488,-0.17780288875063605));
#1289=FACE_BOUND('',#1290,.T.);
#1290=EDGE_LOOP('',(#1291,#1292,#1293));
#1291=ORIENTED_EDGE('',*,*,#1294,.T.);
#1292=ORIENTED_EDGE('',*,*,#1295,.T.);
#1293=ORIENTED_EDGE('',*,*,#1296,.T.);
#1294=EDGE_CURVE('',#96,#90,#1297,.F.);
#1295=EDGE_CURVE('',#90,#98,#1298,.T.);
#1296=EDGE_CURVE('',#98,#96,#1299,.T.);
#1297=LINE('',#95,#1300);
#1298=LINE('',#89,#1301);
#1299=LINE('',#97,#1302);
#1300=VECTOR('',#1303,1.0);
#1301=VECTOR('',#1304,1.0);
#1302=VECTOR('',#1305,1.0);
#1303=DIRECTION('',(-0.006131134094849531,-0.9840470222233488,-0.17780288875063605));
#1304=DIRECTION('',(0.03185366767432997,0.053089446123883235,0.9980815871290045));
#1305=DIRECTION('',(-0.003144203278357265,0.9935682359608948,-0.11319131802086153));
#1306=STYLED_ITEM('',(#18),#1307);
#1307=FACE_SURFACE('',(#1312),#1308,.T.);
#1308=PLANE('',#1309);
#1309=AXIS2_PLACEMENT_3D('',#95,#1310,#1311);
#1310=DIRECTION('',(-0.9995924451177859,8.893171219909094E-05,0.0285470796159083));
#1311=DIRECTION('',(0.003144203278357265,-0.9935682359608948,0.11319131802086153));
#1312=FACE_BOUND('',#1313,.T.);
#1313=EDGE_LOOP('',(#1314,#1315,#1316));
#1314=ORIENTED_EDGE('',*,*,#1317,.T.);
#1315=ORIENTED_EDGE('',*,*,#1318,.T.);
#1316=ORIENTED_EDGE('',*,*,#1319,.T.);
#1317=EDGE_CURVE('',#96,#98,#1320,.F.);
#1318=EDGE_CURVE('',#98,#100,#1321,.T.);
#1319=EDGE_CURVE('',#100,#96,#1322,.T.);
#1320=LINE('',#95,#1323);
#1321=LINE('',#97,#1324);
#1322=LINE('',#99,#1325);
#1323=VECTOR('',#1326,1.0);
#1324=VECTOR('',#1327,1.0);
#1325=VECTOR('',#1328,1.0);
#1326=DIRECTION('',(0.003144203278357265,-0.9935682359608948,0.11319131802086153));
#1327=DIRECTION('',(0,0.9999951475979395,-0.0031152496809904685));
#1328=DIRECTION('',(-0.028272964322665697,-0.1413648216133285,-0.9895537512932995));
#1329=STYLED_ITEM('',(#18),#1330);
#1330=FACE_SURFACE('',(#1335),#1331,.T.);
#1331=PLANE('',#1332);
#1332=AXIS2_PLACEMENT_3D('',#99,#1333,#1334);
#1333=DIRECTION('',(-0.9993634850851574,0.00011113299806340398,0.03567369237835264));
#1334=DIRECTION('',(0,-0.9999951475979395,0.0031152496809904685));
#1335=FACE_BOUND('',#1336,.T.);
#1336=EDGE_LOOP('',(#1337,#1338,#1339));
#1337=ORIENTED_EDGE('',*,*,#1340,.T.);
#1338=ORIENTED_EDGE('',*,*,#1341,.T.);
#1339=ORIENTED_EDGE('',*,*,#1342,.T.);
#1340=EDGE_CURVE('',#100,#98,#1343,.F.);
#1341=EDGE_CURVE('',#98,#102,#1344,.T.);
#1342=EDGE_CURVE('',#102,#100,#1345,.T.);
#1343=LINE('',#99,#1346);
#1344=LINE('',#97,#1347);
#1345=LINE('',#101,#1348);
#1346=VECTOR('',#1349,1.0);
#1347=VECTOR('',#1350,1.0);
#1348=VECTOR('',#1351,1.0);
#1349=DIRECTION('',(0,-0.9999951475979395,0.0031152496809904685));
#1350=DIRECTION('',(0.0352398972335616,0.15857953755102708,0.9867171225397229));
#1351=DIRECTION('',(-0.006305760634171152,0.9836986589306989,-0.1797141780738775));
#1352=STYLED_ITEM('',(#18),#1353);
#1353=FACE_SURFACE('',(#1358),#1354,.T.);
#1354=PLANE('',#1355);
#1355=AXIS2_PLACEMENT_3D('',#99,#1356,#1357);
#1356=DIRECTION('',(-0.9992088026181708,0.0008590593979768138,0.03976217784921248));
#1357=DIRECTION('',(0.006305760634171152,-0.9836986589306989,0.1797141780738775));
#1358=FACE_BOUND('',#1359,.T.);
#1359=EDGE_LOOP('',(#1360,#1361,#1362));
#1360=ORIENTED_EDGE('',*,*,#1363,.T.);
#1361=ORIENTED_EDGE('',*,*,#1364,.T.);
#1362=ORIENTED_EDGE('',*,*,#1365,.T.);
#1363=EDGE_CURVE('',#100,#102,#1366,.F.);
#1364=EDGE_CURVE('',#102,#104,#1367,.T.);
#1365=EDGE_CURVE('',#104,#100,#1368,.T.);
#1366=LINE('',#99,#1369);
#1367=LINE('',#101,#1370);
#1368=LINE('',#103,#1371);
#1369=VECTOR('',#1372,1.0);
#1370=VECTOR('',#1373,1.0);
#1371=VECTOR('',#1374,1.0);
#1372=DIRECTION('',(0.006305760634171152,-0.9836986589306989,0.1797141780738775));
#1373=DIRECTION('',(0,0.9997666949933849,-0.02159989773133858));
#1374=DIRECTION('',(-0.03886610371682367,-0.233196622300942,-0.9716525929205895));
#1375=STYLED_ITEM('',(#18),#1376);
#1376=FACE_SURFACE('',(#1381),#1377,.T.);
#1377=PLANE('',#1378);
#1378=AXIS2_PLACEMENT_3D('',#103,#1379,#1380);
#1379=DIRECTION('',(-0.999321402643352,0.0007956078953448234,0.036825279727388936));
#1380=DIRECTION('',(0,-0.9997666949933849,0.02159989773133858));
#1381=FACE_BOUND('',#1382,.T.);
#1382=EDGE_LOOP('',(#1383,#1384,#1385));
#1383=ORIENTED_EDGE('',*,*,#1386,.T.);
#1384=ORIENTED_EDGE('',*,*,#1387,.T.);
#1385=ORIENTED_EDGE('',*,*,#1388,.T.);
#1386=EDGE_CURVE('',#104,#102,#1389,.F.);
#1387=EDGE_CURVE('',#102,#106,#1390,.T.);
#1388=EDGE_CURVE('',#106,#104,#1391,.T.);
#1389=LINE('',#103,#1392);
#1390=LINE('',#101,#1393);
#1391=LINE('',#105,#1394);
#1392=VECTOR('',#1395,1.0);
#1393=VECTOR('',#1396,1.0);
#1394=VECTOR('',#1397,1.0);
#1395=DIRECTION('',(0,-0.9997666949933849,0.02159989773133858));
#1396=DIRECTION('',(0.03603489868106806,0.22822102498009755,0.9729422643888377));
#1397=DIRECTION('',(-0.009450143147127497,0.9607645532912947,-0.27720419898240656));
#1398=STYLED_ITEM('',(#18),#1399);
#1399=FACE_SURFACE('',(#1404),#1400,.T.);
#1400=PLANE('',#1401);
#1401=AXIS2_PLACEMENT_3D('',#103,#1402,#1403);
#1402=DIRECTION('',(-0.9991162011559219,0.0022824382292249696,0.04197150299297025));
#1403=DIRECTION('',(0.009450143147127497,-0.9607645532912947,0.27720419898240656));
#1404=FACE_BOUND('',#1405,.T.);
#1405=EDGE_LOOP('',(#1406,#1407,#1408));
#1406=ORIENTED_EDGE('',*,*,#1409,.T.);
#1407=ORIENTED_EDGE('',*,*,#1410,.T.);
#1408=ORIENTED_EDGE('',*,*,#1411,.T.);
#1409=EDGE_CURVE('',#104,#106,#1412,.F.);
#1410=EDGE_CURVE('',#106,#108,#1413,.T.);
#1411=EDGE_CURVE('',#108,#104,#1414,.T.);
#1412=LINE('',#103,#1415);
#1413=LINE('',#105,#1416);
#1414=LINE('',#107,#1417);
#1415=VECTOR('',#1418,1.0);
#1416=VECTOR('',#1419,1.0);
#1417=VECTOR('',#1420,1.0);
#1418=DIRECTION('',(0.009450143147127497,-0.9607645532912947,0.27720419898240656));
#1419=DIRECTION('',(0,0.9985246431075322,-0.054300433764155887));
#1420=DIRECTION('',(-0.04014298526381389,-0.34790587228638636,-0.9366696561556576));
#1421=STYLED_ITEM('',(#18),#1422);
#1422=FACE_SURFACE('',(#1427),#1423,.T.);
#1423=PLANE('',#1424);
#1424=AXIS2_PLACEMENT_3D('',#107,#1425,#1426);
#1425=DIRECTION('',(-0.9994071480738356,0.0018695067462020344,0.034378151832937374));
#1426=DIRECTION('',(0,-0.9985246431075322,0.054300433764155887));
#1427=FACE_BOUND('',#1428,.T.);
#1428=EDGE_LOOP('',(#1429,#1430,#1431));
#1429=ORIENTED_EDGE('',*,*,#1432,.T.);
#1430=ORIENTED_EDGE('',*,*,#1433,.T.);
#1431=ORIENTED_EDGE('',*,*,#1434,.T.);
#1432=EDGE_CURVE('',#108,#106,#1435,.F.);
#1433=EDGE_CURVE('',#106,#110,#1436,.T.);
#1434=EDGE_CURVE('',#110,#108,#1437,.T.);
#1435=LINE('',#107,#1438);
#1436=LINE('',#105,#1439);
#1437=LINE('',#109,#1440);
#1438=VECTOR('',#1441,1.0);
#1439=VECTOR('',#1442,1.0);
#1440=VECTOR('',#1443,1.0);
#1441=DIRECTION('',(0,-0.9985246431075322,0.054300433764155887));
#1442=DIRECTION('',(0.03290648922365514,0.3455181368483786,0.9378349428741705));
#1443=DIRECTION('',(-0.012588766249599195,0.909538361533541,-0.4154292862367731));
#1444=STYLED_ITEM('',(#18),#1445);
#1445=FACE_SURFACE('',(#1450),#1446,.T.);
#1446=PLANE('',#1447);
#1447=AXIS2_PLACEMENT_3D('',#107,#1448,#1449);
#1448=DIRECTION('',(-0.9994933633384016,0.0006999865978033147,0.03182022409180884));
#1449=DIRECTION('',(0.012588766249599195,-0.909538361533541,0.4154292862367731));
#1450=FACE_BOUND('',#1451,.T.);
#1451=EDGE_LOOP('',(#1452,#1453,#1454));
#1452=ORIENTED_EDGE('',*,*,#1455,.T.);
#1453=ORIENTED_EDGE('',*,*,#1456,.T.);
#1454=ORIENTED_EDGE('',*,*,#1457,.T.);
#1455=EDGE_CURVE('',#108,#110,#1458,.F.);
#1456=EDGE_CURVE('',#110,#112,#1459,.T.);
#1457=EDGE_CURVE('',#112,#108,#1460,.T.);
#1458=LINE('',#107,#1461);
#1459=LINE('',#109,#1462);
#1460=LINE('',#111,#1463);
#1461=VECTOR('',#1464,1.0);
#1462=VECTOR('',#1465,1.0);
#1463=VECTOR('',#1466,1.0);
#1464=DIRECTION('',(0.012588766249599195,-0.909538361533541,0.4154292862367731));
#1465=DIRECTION('',(-0.002880194366682486,0.9936670565054567,-0.11232758030061696));
#1466=DIRECTION('',(-0.027624262547542796,-0.5156529008874651,-0.8563521389738257));
#1467=STYLED_ITEM('',(#18),#1468);
#1468=FACE_SURFACE('',(#1473),#1469,.T.);
#1469=PLANE('',#1470);
#1470=AXIS2_PLACEMENT_3D('',#111,#1471,#1472);
#1471=DIRECTION('',(-0.9994741074673456,0.0007676041118986962,0.03241788528390757));
#1472=DIRECTION('',(0.002880194366682486,-0.9936670565054567,0.11232758030061696));
#1473=FACE_BOUND('',#1474,.T.);
#1474=EDGE_LOOP('',(#1475,#1476,#1477));
#1475=ORIENTED_EDGE('',*,*,#1478,.T.);
#1476=ORIENTED_EDGE('',*,*,#1479,.T.);
#1477=ORIENTED_EDGE('',*,*,#1480,.T.);
#1478=EDGE_CURVE('',#112,#110,#1481,.F.);
#1479=EDGE_CURVE('',#110,#114,#1482,.T.);
#1480=EDGE_CURVE('',#114,#112,#1483,.T.);
#1481=LINE('',#111,#1484);
#1482=LINE('',#109,#1485);
#1483=LINE('',#113,#1486);
#1484=VECTOR('',#1487,1.0);
#1485=VECTOR('',#1488,1.0);
#1486=VECTOR('',#1489,1.0);
#1487=DIRECTION('',(0.002880194366682486,-0.9936670565054567,0.11232758030061696));
#1488=DIRECTION('',(0.028212140377730552,0.5134609548746957,0.8576490674830078));
#1489=DIRECTION('',(-0.018876419746135,0.7991017692530475,-0.6008993619186302));
#1490=STYLED_ITEM('',(#18),#1491);
#1491=FACE_SURFACE('',(#1496),#1492,.T.);
#1492=PLANE('',#1493);
#1493=AXIS2_PLACEMENT_3D('',#111,#1494,#1495);
#1494=DIRECTION('',(-0.9995189374398931,-0.00028984165215018037,0.0310130567800692));
#1495=DIRECTION('',(0.018876419746135,-0.7991017692530475,0.6008993619186302));
#1496=FACE_BOUND('',#1497,.T.);
#1497=EDGE_LOOP('',(#1498,#1499,#1500));
#1498=ORIENTED_EDGE('',*,*,#1501,.T.);
#1499=ORIENTED_EDGE('',*,*,#1502,.T.);
#1500=ORIENTED_EDGE('',*,*,#1503,.T.);
#1501=EDGE_CURVE('',#112,#114,#1504,.F.);
#1502=EDGE_CURVE('',#114,#116,#1505,.T.);
#1503=EDGE_CURVE('',#116,#112,#1506,.T.);
#1504=LINE('',#111,#1507);
#1505=LINE('',#113,#1508);
#1506=LINE('',#115,#1509);
#1507=VECTOR('',#1510,1.0);
#1508=VECTOR('',#1511,1.0);
#1509=VECTOR('',#1512,1.0);
#1510=DIRECTION('',(0.018876419746135,-0.7991017692530475,0.6008993619186302));
#1511=DIRECTION('',(-0.011886875976517941,0.9271763261683984,-0.3744365932603148));
#1512=DIRECTION('',(-0.02295214588926061,-0.665612230788557,-0.7459447414009692));
#1513=STYLED_ITEM('',(#18),#1514);
#1514=FACE_SURFACE('',(#1519),#1515,.T.);
#1515=PLANE('',#1516);
#1516=AXIS2_PLACEMENT_3D('',#115,#1517,#1518);
#1517=DIRECTION('',(-0.9993458691553601,0.0017749582507976733,0.036120400403732676));
#1518=DIRECTION('',(0.011886875976517941,-0.9271763261683984,0.3744365932603148));
#1519=FACE_BOUND('',#1520,.T.);
#1520=EDGE_LOOP('',(#1521,#1522,#1523));
#1521=ORIENTED_EDGE('',*,*,#1524,.T.);
#1522=ORIENTED_EDGE('',*,*,#1525,.T.);
#1523=ORIENTED_EDGE('',*,*,#1526,.T.);
#1524=EDGE_CURVE('',#116,#114,#1527,.F.);
#1525=EDGE_CURVE('',#114,#118,#1528,.T.);
#1526=EDGE_CURVE('',#118,#116,#1529,.T.);
#1527=LINE('',#115,#1530);
#1528=LINE('',#113,#1531);
#1529=LINE('',#117,#1532);
#1530=VECTOR('',#1533,1.0);
#1531=VECTOR('',#1534,1.0);
#1532=VECTOR('',#1535,1.0);
#1533=DIRECTION('',(0.011886875976517941,-0.9271763261683984,0.3744365932603148));
#1534=DIRECTION('',(0.02809041405250677,0.6671473337470352,0.7443959723914289));
#1535=DIRECTION('',(-0.025175537705933757,0.6828864602734525,-0.7300905934720784));
#1536=STYLED_ITEM('',(#18),#1537);
#1537=FACE_SURFACE('',(#1542),#1538,.T.);
#1538=PLANE('',#1539);
#1539=AXIS2_PLACEMENT_3D('',#115,#1540,#1541);
#1540=DIRECTION('',(-0.9992900695587935,0.003284977217484516,0.037530864709760754));
#1541=DIRECTION('',(0.025175537705933757,-0.6828864602734525,0.7300905934720784));
#1542=FACE_BOUND('',#1543,.T.);
#1543=EDGE_LOOP('',(#1544,#1545,#1546));
#1544=ORIENTED_EDGE('',*,*,#1547,.T.);
#1545=ORIENTED_EDGE('',*,*,#1548,.T.);
#1546=ORIENTED_EDGE('',*,*,#1549,.T.);
#1547=EDGE_CURVE('',#116,#118,#1550,.F.);
#1548=EDGE_CURVE('',#118,#120,#1551,.T.);
#1549=EDGE_CURVE('',#120,#116,#1552,.T.);
#1550=LINE('',#115,#1553);
#1551=LINE('',#117,#1554);
#1552=LINE('',#119,#1555);
#1553=VECTOR('',#1556,1.0);
#1554=VECTOR('',#1557,1.0);
#1555=VECTOR('',#1558,1.0);
#1556=DIRECTION('',(0.025175537705933757,-0.6828864602734525,0.7300905934720784));
#1557=DIRECTION('',(-0.018039830818850168,0.8328388561369154,-0.5532214784447379));
#1558=DIRECTION('',(-0.02602014739414439,-0.7806044218243318,-0.6244835374594654));
#1559=STYLED_ITEM('',(#18),#1560);
#1560=FACE_SURFACE('',(#1565),#1561,.T.);
#1561=PLANE('',#1562);
#1562=AXIS2_PLACEMENT_3D('',#119,#1563,#1564);
#1563=DIRECTION('',(-0.9993570379259249,0.0021276927861757318,0.0357908322245991));
#1564=DIRECTION('',(0.018039830818850168,-0.8328388561369154,0.5532214784447379));
#1565=FACE_BOUND('',#1566,.T.);
#1566=EDGE_LOOP('',(#1567,#1568,#1569));
#1567=ORIENTED_EDGE('',*,*,#1570,.T.);
#1568=ORIENTED_EDGE('',*,*,#1571,.T.);
#1569=ORIENTED_EDGE('',*,*,#1572,.T.);
#1570=EDGE_CURVE('',#120,#118,#1573,.F.);
#1571=EDGE_CURVE('',#118,#122,#1574,.T.);
#1572=EDGE_CURVE('',#122,#120,#1575,.T.);
#1573=LINE('',#119,#1576);
#1574=LINE('',#117,#1577);
#1575=LINE('',#121,#1578);
#1576=VECTOR('',#1579,1.0);
#1577=VECTOR('',#1580,1.0);
#1578=VECTOR('',#1581,1.0);
#1579=DIRECTION('',(0.018039830818850168,-0.8328388561369154,0.5532214784447379));
#1580=DIRECTION('',(0.02409502539944978,0.7790724879155421,0.6264706603856939));
#1581=DIRECTION('',(-0.02830174685694353,0.5660349371388702,-0.8238952973910221));
#1582=STYLED_ITEM('',(#18),#1583);
#1583=FACE_SURFACE('',(#1588),#1584,.T.);
#1584=PLANE('',#1585);
#1585=AXIS2_PLACEMENT_3D('',#119,#1586,#1587);
#1586=DIRECTION('',(-0.9994705895275966,-0.0027913142590410295,0.032415262363057216));
#1587=DIRECTION('',(0.02830174685694353,-0.5660349371388702,0.8238952973910221));
#1588=FACE_BOUND('',#1589,.T.);
#1589=EDGE_LOOP('',(#1590,#1591,#1592));
#1590=ORIENTED_EDGE('',*,*,#1593,.T.);
#1591=ORIENTED_EDGE('',*,*,#1594,.T.);
#1592=ORIENTED_EDGE('',*,*,#1595,.T.);
#1593=EDGE_CURVE('',#120,#122,#1596,.F.);
#1594=EDGE_CURVE('',#122,#124,#1597,.T.);
#1595=EDGE_CURVE('',#124,#120,#1598,.T.);
#1596=LINE('',#119,#1599);
#1597=LINE('',#121,#1600);
#1598=LINE('',#123,#1601);
#1599=VECTOR('',#1602,1.0);
#1600=VECTOR('',#1603,1.0);
#1601=VECTOR('',#1604,1.0);
#1602=DIRECTION('',(0.02830174685694353,-0.5660349371388702,0.8238952973910221));
#1603=DIRECTION('',(-0.024260252834091212,0.7278075850227357,-0.6853521425630762));
#1604=DIRECTION('',(-0.01429008947267383,-0.8574053683604282,-0.5144432210162571));
#1605=STYLED_ITEM('',(#18),#1606);
#1606=FACE_SURFACE('',(#1611),#1607,.T.);
#1607=PLANE('',#1608);
#1608=AXIS2_PLACEMENT_3D('',#123,#1609,#1610);
#1609=DIRECTION('',(-0.9993864367665137,-0.0003325007552733296,0.0350234128887899));
#1610=DIRECTION('',(0.024260252834091212,-0.7278075850227357,0.6853521425630762));
#1611=FACE_BOUND('',#1612,.T.);
#1612=EDGE_LOOP('',(#1613,#1614,#1615));
#1613=ORIENTED_EDGE('',*,*,#1616,.T.);
#1614=ORIENTED_EDGE('',*,*,#1617,.T.);
#1615=ORIENTED_EDGE('',*,*,#1618,.T.);
#1616=EDGE_CURVE('',#124,#122,#1619,.F.);
#1617=EDGE_CURVE('',#122,#126,#1620,.T.);
#1618=EDGE_CURVE('',#126,#124,#1621,.T.);
#1619=LINE('',#123,#1622);
#1620=LINE('',#121,#1623);
#1621=LINE('',#125,#1624);
#1622=VECTOR('',#1625,1.0);
#1623=VECTOR('',#1626,1.0);
#1624=VECTOR('',#1627,1.0);
#1625=DIRECTION('',(0.024260252834091212,-0.7278075850227357,0.6853521425630762));
#1626=DIRECTION('',(0.01756008143682252,0.860443990404303,0.5092423616678526));
#1627=DIRECTION('',(-0.03147830790259578,0.44699197221685955,-0.8939839444337194));
#1628=STYLED_ITEM('',(#18),#1629);
#1629=FACE_SURFACE('',(#1634),#1630,.T.);
#1630=PLANE('',#1631);
#1631=AXIS2_PLACEMENT_3D('',#123,#1632,#1633);
#1632=DIRECTION('',(-0.9993600672849473,0.0011260395124337345,0.03575175451977138));
#1633=DIRECTION('',(0.03147830790259578,-0.44699197221685955,0.8939839444337194));
#1634=FACE_BOUND('',#1635,.T.);
#1635=EDGE_LOOP('',(#1636,#1637,#1638));
#1636=ORIENTED_EDGE('',*,*,#1639,.T.);
#1637=ORIENTED_EDGE('',*,*,#1640,.T.);
#1638=ORIENTED_EDGE('',*,*,#1641,.T.);
#1639=EDGE_CURVE('',#124,#126,#1642,.F.);
#1640=EDGE_CURVE('',#126,#128,#1643,.T.);
#1641=EDGE_CURVE('',#128,#124,#1644,.T.);
#1642=LINE('',#123,#1645);
#1643=LINE('',#125,#1646);
#1644=LINE('',#127,#1647);
#1645=VECTOR('',#1648,1.0);
#1646=VECTOR('',#1649,1.0);
#1647=VECTOR('',#1650,1.0);
#1648=DIRECTION('',(0.03147830790259578,-0.44699197221685955,0.8939839444337194));
#1649=DIRECTION('',(-0.027353096162013382,0.6200035130056362,-0.7841220899777163));
#1650=DIRECTION('',(-0.014872457840313416,-0.9220923860994318,-0.3866839038481488));
#1651=STYLED_ITEM('',(#18),#1652);
#1652=FACE_SURFACE('',(#1657),#1653,.T.);
#1653=PLANE('',#1654);
#1654=AXIS2_PLACEMENT_3D('',#127,#1655,#1656);
#1655=DIRECTION('',(-0.9994783722081612,-0.0034897987856430165,0.03210614882791582));
#1656=DIRECTION('',(0.027353096162013382,-0.6200035130056362,0.7841220899777163));
#1657=FACE_BOUND('',#1658,.T.);
#1658=EDGE_LOOP('',(#1659,#1660,#1661));
#1659=ORIENTED_EDGE('',*,*,#1662,.T.);
#1660=ORIENTED_EDGE('',*,*,#1663,.T.);
#1661=ORIENTED_EDGE('',*,*,#1664,.T.);
#1662=EDGE_CURVE('',#128,#126,#1665,.F.);
#1663=EDGE_CURVE('',#126,#130,#1666,.T.);
#1664=EDGE_CURVE('',#130,#128,#1667,.T.);
#1665=LINE('',#127,#1668);
#1666=LINE('',#125,#1669);
#1667=LINE('',#129,#1670);
#1668=VECTOR('',#1671,1.0);
#1669=VECTOR('',#1672,1.0);
#1670=VECTOR('',#1673,1.0);
#1671=DIRECTION('',(0.027353096162013382,-0.6200035130056362,0.7841220899777163));
#1672=DIRECTION('',(0.009219429215147963,0.9219429215147957,0.38721602703621405));
#1673=DIRECTION('',(-0.03147893174809071,0.327380890180143,-0.9443679524427203));
#1674=STYLED_ITEM('',(#18),#1675);
#1675=FACE_SURFACE('',(#1680),#1676,.T.);
#1676=PLANE('',#1677);
#1677=AXIS2_PLACEMENT_3D('',#127,#1678,#1679);
#1678=DIRECTION('',(-0.9994328759134576,0.0009943616315923449,0.033659141229400634));
#1679=DIRECTION('',(0.03147893174809071,-0.327380890180143,0.9443679524427203));
#1680=FACE_BOUND('',#1681,.T.);
#1681=EDGE_LOOP('',(#1682,#1683,#1684));
#1682=ORIENTED_EDGE('',*,*,#1685,.T.);
#1683=ORIENTED_EDGE('',*,*,#1686,.T.);
#1684=ORIENTED_EDGE('',*,*,#1687,.T.);
#1685=EDGE_CURVE('',#128,#130,#1688,.F.);
#1686=EDGE_CURVE('',#130,#132,#1689,.T.);
#1687=EDGE_CURVE('',#132,#128,#1690,.T.);
#1688=LINE('',#127,#1691);
#1689=LINE('',#129,#1692);
#1690=LINE('',#131,#1693);
#1691=VECTOR('',#1694,1.0);
#1692=VECTOR('',#1695,1.0);
#1693=VECTOR('',#1696,1.0);
#1694=DIRECTION('',(0.03147893174809071,-0.327380890180143,0.9443679524427203));
#1695=DIRECTION('',(-0.025195360449590094,0.6410819492173473,-0.7670587514652978));
#1696=DIRECTION('',(-0.007832124016211988,-0.9790155020264977,-0.20363522442151125));
#1697=STYLED_ITEM('',(#18),#1698);
#1698=FACE_SURFACE('',(#1703),#1699,.T.);
#1699=PLANE('',#1700);
#1700=AXIS2_PLACEMENT_3D('',#131,#1701,#1702);
#1701=DIRECTION('',(-0.9993838163206465,0.0026041577065375595,0.035002943290813604));
#1702=DIRECTION('',(0.025195360449590094,-0.6410819492173473,0.7670587514652978));
#1703=FACE_BOUND('',#1704,.T.);
#1704=EDGE_LOOP('',(#1705,#1706,#1707));
#1705=ORIENTED_EDGE('',*,*,#1708,.T.);
#1706=ORIENTED_EDGE('',*,*,#1709,.T.);
#1707=ORIENTED_EDGE('',*,*,#1710,.T.);
#1708=EDGE_CURVE('',#132,#130,#1711,.F.);
#1709=EDGE_CURVE('',#130,#134,#1712,.T.);
#1710=EDGE_CURVE('',#134,#132,#1713,.T.);
#1711=LINE('',#131,#1714);
#1712=LINE('',#129,#1715);
#1713=LINE('',#133,#1716);
#1714=VECTOR('',#1717,1.0);
#1715=VECTOR('',#1718,1.0);
#1716=VECTOR('',#1719,1.0);
#1717=DIRECTION('',(0.025195360449590094,-0.6410819492173473,0.7670587514652978));
#1718=DIRECTION('',(0.009647436916995537,0.9792148470750459,0.20259617525690607));
#1719=DIRECTION('',(-0.034672034274848426,0.0819520810132781,-0.9960329846229174));
#1720=STYLED_ITEM('',(#18),#1721);
#1721=FACE_SURFACE('',(#1726),#1722,.T.);
#1722=PLANE('',#1723);
#1723=AXIS2_PLACEMENT_3D('',#131,#1724,#1725);
#1724=DIRECTION('',(-0.9993986263239895,-0.003327342077270029,0.03451542403656605));
#1725=DIRECTION('',(0.034672034274848426,-0.0819520810132781,0.9960329846229174));
#1726=FACE_BOUND('',#1727,.T.);
#1727=EDGE_LOOP('',(#1728,#1729,#1730));
#1728=ORIENTED_EDGE('',*,*,#1731,.T.);
#1729=ORIENTED_EDGE('',*,*,#1732,.T.);
#1730=ORIENTED_EDGE('',*,*,#1733,.T.);
#1731=EDGE_CURVE('',#132,#134,#1734,.F.);
#1732=EDGE_CURVE('',#134,#136,#1735,.T.);
#1733=EDGE_CURVE('',#136,#132,#1736,.T.);
#1734=LINE('',#131,#1737);
#1735=LINE('',#133,#1738);
#1736=LINE('',#135,#1739);
#1737=VECTOR('',#1740,1.0);
#1738=VECTOR('',#1741,1.0);
#1739=VECTOR('',#1742,1.0);
#1740=DIRECTION('',(0.034672034274848426,-0.0819520810132781,0.9960329846229174));
#1741=DIRECTION('',(-0.004826302041952387,0.9990445226841431,-0.04343671837757145));
#1742=DIRECTION('',(-0.028048532290260674,-0.5076784344537175,-0.8610899413110019));
#1743=STYLED_ITEM('',(#18),#1744);
#1744=FACE_SURFACE('',(#1749),#1745,.T.);
#1745=PLANE('',#1746);
#1746=AXIS2_PLACEMENT_3D('',#131,#1747,#1748);
#1747=DIRECTION('',(-0.9993262101157797,-0.0061592906774447335,0.03618271568004984));
#1748=DIRECTION('',(0.028048532290260674,0.5076784344537175,0.8610899413110019));
#1749=FACE_BOUND('',#1750,.T.);
#1750=EDGE_LOOP('',(#1751,#1752,#1753));
#1751=ORIENTED_EDGE('',*,*,#1754,.T.);
#1752=ORIENTED_EDGE('',*,*,#1755,.T.);
#1753=ORIENTED_EDGE('',*,*,#1756,.T.);
#1754=EDGE_CURVE('',#132,#136,#1757,.F.);
#1755=EDGE_CURVE('',#136,#138,#1758,.T.);
#1756=EDGE_CURVE('',#138,#132,#1759,.T.);
#1757=LINE('',#131,#1760);
#1758=LINE('',#135,#1761);
#1759=LINE('',#137,#1762);
#1760=VECTOR('',#1763,1.0);
#1761=VECTOR('',#1764,1.0);
#1762=VECTOR('',#1765,1.0);
#1763=DIRECTION('',(0.028048532290260674,0.5076784344537175,0.8610899413110019));
#1764=DIRECTION('',(-0.034611394608057226,-0.16991048262137148,-0.984851501120173));
#1765=DIRECTION('',(0.007864999743011145,-0.9988549673624145,0.047189998458066866));
#1766=STYLED_ITEM('',(#18),#1767);
#1767=FACE_SURFACE('',(#1772),#1768,.T.);
#1768=PLANE('',#1769);
#1769=AXIS2_PLACEMENT_3D('',#137,#1770,#1771);
#1770=DIRECTION('',(-0.999377990864875,-0.0007802673573926365,0.03525652503774069));
#1771=DIRECTION('',(0.034611394608057226,0.16991048262137148,0.984851501120173));
#1772=FACE_BOUND('',#1773,.T.);
#1773=EDGE_LOOP('',(#1774,#1775,#1776));
#1774=ORIENTED_EDGE('',*,*,#1777,.T.);
#1775=ORIENTED_EDGE('',*,*,#1778,.T.);
#1776=ORIENTED_EDGE('',*,*,#1779,.T.);
#1777=EDGE_CURVE('',#138,#136,#1780,.F.);
#1778=EDGE_CURVE('',#136,#140,#1781,.T.);
#1779=EDGE_CURVE('',#140,#138,#1782,.T.);
#1780=LINE('',#137,#1783);
#1781=LINE('',#135,#1784);
#1782=LINE('',#139,#1785);
#1783=VECTOR('',#1786,1.0);
#1784=VECTOR('',#1787,1.0);
#1785=VECTOR('',#1788,1.0);
#1786=DIRECTION('',(0.034611394608057226,0.16991048262137148,0.984851501120173));
#1787=DIRECTION('',(-0.00916198189240515,0.9711700805949459,-0.23821152920253366));
#1788=DIRECTION('',(-0.030419315242821283,-0.4867090438851402,-0.8730343474689701));
#1789=STYLED_ITEM('',(#18),#1790);
#1790=FACE_SURFACE('',(#1795),#1791,.T.);
#1791=PLANE('',#1792);
#1792=AXIS2_PLACEMENT_3D('',#137,#1793,#1794);
#1793=DIRECTION('',(-0.9995025668396197,0.007538082050169197,0.03062345832881231));
#1794=DIRECTION('',(0.030419315242821283,0.4867090438851402,0.8730343474689701));
#1795=FACE_BOUND('',#1796,.T.);
#1796=EDGE_LOOP('',(#1797,#1798,#1799));
#1797=ORIENTED_EDGE('',*,*,#1800,.T.);
#1798=ORIENTED_EDGE('',*,*,#1801,.T.);
#1799=ORIENTED_EDGE('',*,*,#1802,.T.);
#1800=EDGE_CURVE('',#138,#140,#1803,.F.);
#1801=EDGE_CURVE('',#140,#142,#1804,.T.);
#1802=EDGE_CURVE('',#142,#138,#1805,.T.);
#1803=LINE('',#137,#1806);
#1804=LINE('',#139,#1807);
#1805=LINE('',#141,#1808);
#1806=VECTOR('',#1809,1.0);
#1807=VECTOR('',#1810,1.0);
#1808=VECTOR('',#1811,1.0);
#1809=DIRECTION('',(0.030419315242821283,0.4867090438851402,0.8730343474689701));
#1810=DIRECTION('',(-0.0314761247354106,-0.29902318498640074,-0.9537265794829405));
#1811=DIRECTION('',(0,-0.9710148789347658,0.2390190471224043));
#1812=STYLED_ITEM('',(#18),#1813);
#1813=FACE_SURFACE('',(#1818),#1814,.T.);
#1814=PLANE('',#1815);
#1815=AXIS2_PLACEMENT_3D('',#141,#1816,#1817);
#1816=DIRECTION('',(-0.9994816907473602,0.0029696093330177416,0.032055128781640005));
#1817=DIRECTION('',(0.0314761247354106,0.29902318498640074,0.9537265794829405));
#1818=FACE_BOUND('',#1819,.T.);
#1819=EDGE_LOOP('',(#1820,#1821,#1822));
#1820=ORIENTED_EDGE('',*,*,#1823,.T.);
#1821=ORIENTED_EDGE('',*,*,#1824,.T.);
#1822=ORIENTED_EDGE('',*,*,#1825,.T.);
#1823=EDGE_CURVE('',#142,#140,#1826,.F.);
#1824=EDGE_CURVE('',#140,#144,#1827,.T.);
#1825=EDGE_CURVE('',#144,#142,#1828,.T.);
#1826=LINE('',#141,#1829);
#1827=LINE('',#139,#1830);
#1828=LINE('',#143,#1831);
#1829=VECTOR('',#1832,1.0);
#1830=VECTOR('',#1833,1.0);
#1831=VECTOR('',#1834,1.0);
#1832=DIRECTION('',(0.0314761247354106,0.29902318498640074,0.9537265794829405));
#1833=DIRECTION('',(-0.008798372803435518,0.9326275171641629,-0.36073328494085594));
#1834=DIRECTION('',(-0.027244471719990452,-0.6084598684131194,-0.7931168434041658));
#1835=STYLED_ITEM('',(#18),#1836);
#1836=FACE_SURFACE('',(#1841),#1837,.T.);
#1837=PLANE('',#1838);
#1838=AXIS2_PLACEMENT_3D('',#141,#1839,#1840);
#1839=DIRECTION('',(-0.9993641599020734,-0.0016765574208287024,0.03561551710192838));
#1840=DIRECTION('',(0.027244471719990452,0.6084598684131194,0.7931168434041658));
#1841=FACE_BOUND('',#1842,.T.);
#1842=EDGE_LOOP('',(#1843,#1844,#1845));
#1843=ORIENTED_EDGE('',*,*,#1846,.T.);
#1844=ORIENTED_EDGE('',*,*,#1847,.T.);
#1845=ORIENTED_EDGE('',*,*,#1848,.T.);
#1846=EDGE_CURVE('',#142,#144,#1849,.F.);
#1847=EDGE_CURVE('',#144,#146,#1850,.T.);
#1848=EDGE_CURVE('',#146,#142,#1851,.T.);
#1849=LINE('',#141,#1852);
#1850=LINE('',#143,#1853);
#1851=LINE('',#145,#1854);
#1852=VECTOR('',#1855,1.0);
#1853=VECTOR('',#1856,1.0);
#1854=VECTOR('',#1857,1.0);
#1855=DIRECTION('',(0.027244471719990452,0.6084598684131194,0.7931168434041658));
#1856=DIRECTION('',(-0.03147129219553582,-0.4280095738592865,-0.9032260860118773));
#1857=DIRECTION('',(0.014357683075131604,-0.9332493998835542,0.3589420768782893));
#1858=STYLED_ITEM('',(#18),#1859);
#1859=FACE_SURFACE('',(#1864),#1860,.T.);
#1860=PLANE('',#1861);
#1861=AXIS2_PLACEMENT_3D('',#145,#1862,#1863);
#1862=DIRECTION('',(-0.9994119244597194,0.0011659974770504998,0.03427018671678862));
#1863=DIRECTION('',(0.03147129219553582,0.4280095738592865,0.9032260860118773));
#1864=FACE_BOUND('',#1865,.T.);
#1865=EDGE_LOOP('',(#1866,#1867,#1868));
#1866=ORIENTED_EDGE('',*,*,#1869,.T.);
#1867=ORIENTED_EDGE('',*,*,#1870,.T.);
#1868=ORIENTED_EDGE('',*,*,#1871,.T.);
#1869=EDGE_CURVE('',#146,#144,#1872,.F.);
#1870=EDGE_CURVE('',#144,#148,#1873,.T.);
#1871=EDGE_CURVE('',#148,#146,#1874,.T.);
#1872=LINE('',#145,#1875);
#1873=LINE('',#143,#1876);
#1874=LINE('',#147,#1877);
#1875=VECTOR('',#1878,1.0);
#1876=VECTOR('',#1879,1.0);
#1877=VECTOR('',#1880,1.0);
#1878=DIRECTION('',(0.03147129219553582,0.4280095738592865,0.9032260860118773));
#1879=DIRECTION('',(-0.016058171714224103,0.8671412725681016,-0.49780332314094666));
#1880=DIRECTION('',(-0.02409627623647491,-0.7349364252124841,-0.6777077691508563));
#1881=STYLED_ITEM('',(#18),#1882);
#1882=FACE_SURFACE('',(#1887),#1883,.T.);
#1883=PLANE('',#1884);
#1884=AXIS2_PLACEMENT_3D('',#145,#1885,#1886);
#1885=DIRECTION('',(-0.9994819602979622,0.003243072036125164,0.03202020491364073));
#1886=DIRECTION('',(0.02409627623647491,0.7349364252124841,0.6777077691508563));
#1887=FACE_BOUND('',#1888,.T.);
#1888=EDGE_LOOP('',(#1889,#1890,#1891));
#1889=ORIENTED_EDGE('',*,*,#1892,.T.);
#1890=ORIENTED_EDGE('',*,*,#1893,.T.);
#1891=ORIENTED_EDGE('',*,*,#1894,.T.);
#1892=EDGE_CURVE('',#146,#148,#1895,.F.);
#1893=EDGE_CURVE('',#148,#150,#1896,.T.);
#1894=EDGE_CURVE('',#150,#146,#1897,.T.);
#1895=LINE('',#145,#1898);
#1896=LINE('',#147,#1899);
#1897=LINE('',#149,#1900);
#1898=VECTOR('',#1901,1.0);
#1899=VECTOR('',#1902,1.0);
#1900=VECTOR('',#1903,1.0);
#1901=DIRECTION('',(0.02409627623647491,0.7349364252124841,0.6777077691508563));
#1902=DIRECTION('',(-0.028378461871662725,-0.5581097501426999,-0.8292817191385878));
#1903=DIRECTION('',(0.012981540392700225,-0.8697632063109135,0.4932985349226085));
#1904=STYLED_ITEM('',(#18),#1905);
#1905=FACE_SURFACE('',(#1910),#1906,.T.);
#1906=PLANE('',#1907);
#1907=AXIS2_PLACEMENT_3D('',#149,#1908,#1909);
#1908=DIRECTION('',(-0.9994165286696175,6.697155589825141E-05,0.034155493508108654));
#1909=DIRECTION('',(0.028378461871662725,0.5581097501426999,0.8292817191385878));
#1910=FACE_BOUND('',#1911,.T.);
#1911=EDGE_LOOP('',(#1912,#1913,#1914));
#1912=ORIENTED_EDGE('',*,*,#1915,.T.);
#1913=ORIENTED_EDGE('',*,*,#1916,.T.);
#1914=ORIENTED_EDGE('',*,*,#1917,.T.);
#1915=EDGE_CURVE('',#150,#148,#1918,.F.);
#1916=EDGE_CURVE('',#148,#152,#1919,.T.);
#1917=EDGE_CURVE('',#152,#150,#1920,.T.);
#1918=LINE('',#149,#1921);
#1919=LINE('',#147,#1922);
#1920=LINE('',#151,#1923);
#1921=VECTOR('',#1924,1.0);
#1922=VECTOR('',#1925,1.0);
#1923=VECTOR('',#1926,1.0);
#1924=DIRECTION('',(0.028378461871662725,0.5581097501426999,0.8292817191385878));
#1925=DIRECTION('',(-0.0211740675778221,0.7834405003794169,-0.6211059822827812));
#1926=DIRECTION('',(-0.017801333122528205,-0.8544639898813532,-0.5192055494070723));
#1927=STYLED_ITEM('',(#18),#1928);
#1928=FACE_SURFACE('',(#1933),#1929,.T.);
#1929=PLANE('',#1930);
#1930=AXIS2_PLACEMENT_3D('',#149,#1931,#1932);
#1931=DIRECTION('',(-0.9993711937021211,-0.0007205271764254674,0.03544993708013296));
#1932=DIRECTION('',(0.017801333122528205,0.8544639898813532,0.5192055494070723));
#1933=FACE_BOUND('',#1934,.T.);
#1934=EDGE_LOOP('',(#1935,#1936,#1937));
#1935=ORIENTED_EDGE('',*,*,#1938,.T.);
#1936=ORIENTED_EDGE('',*,*,#1939,.T.);
#1937=ORIENTED_EDGE('',*,*,#1940,.T.);
#1938=EDGE_CURVE('',#150,#152,#1941,.F.);
#1939=EDGE_CURVE('',#152,#154,#1942,.T.);
#1940=EDGE_CURVE('',#154,#150,#1943,.T.);
#1941=LINE('',#149,#1944);
#1942=LINE('',#151,#1945);
#1943=LINE('',#153,#1946);
#1944=VECTOR('',#1947,1.0);
#1945=VECTOR('',#1948,1.0);
#1946=VECTOR('',#1949,1.0);
#1947=DIRECTION('',(0.017801333122528205,0.8544639898813532,0.5192055494070723));
#1948=DIRECTION('',(-0.025127432607820466,-0.6910043967150621,-0.7224136874748378));
#1949=DIRECTION('',(0.02286199571414209,-0.777307854280831,0.6287048821389069));
#1950=STYLED_ITEM('',(#18),#1951);
#1951=FACE_SURFACE('',(#1956),#1952,.T.);
#1952=PLANE('',#1953);
#1953=AXIS2_PLACEMENT_3D('',#153,#1954,#1955);
#1954=DIRECTION('',(-0.999357793316143,-0.0011036726609476525,0.035815957964946236));
#1955=DIRECTION('',(0.025127432607820466,0.6910043967150621,0.7224136874748378));
#1956=FACE_BOUND('',#1957,.T.);
#1957=EDGE_LOOP('',(#1958,#1959,#1960));
#1958=ORIENTED_EDGE('',*,*,#1961,.T.);
#1959=ORIENTED_EDGE('',*,*,#1962,.T.);
#1960=ORIENTED_EDGE('',*,*,#1963,.T.);
#1961=EDGE_CURVE('',#154,#152,#1964,.F.);
#1962=EDGE_CURVE('',#152,#156,#1965,.T.);
#1963=EDGE_CURVE('',#156,#154,#1966,.T.);
#1964=LINE('',#153,#1967);
#1965=LINE('',#151,#1968);
#1966=LINE('',#155,#1969);
#1967=VECTOR('',#1970,1.0);
#1968=VECTOR('',#1971,1.0);
#1969=VECTOR('',#1972,1.0);
#1970=DIRECTION('',(0.025127432607820466,0.6910043967150621,0.7224136874748378));
#1971=DIRECTION('',(-0.028164209649956737,0.6421439800190123,-0.7660665024788225));
#1972=DIRECTION('',(-0.008645820361068481,-0.9625680001989563,-0.27090237131347894));
#1973=STYLED_ITEM('',(#18),#1974);
#1974=FACE_SURFACE('',(#1979),#1975,.T.);
#1975=PLANE('',#1976);
#1976=AXIS2_PLACEMENT_3D('',#153,#1977,#1978);
#1977=DIRECTION('',(-0.9993759038651644,-0.0009614426222246668,0.0353111653980695));
#1978=DIRECTION('',(0.008645820361068481,0.9625680001989563,0.27090237131347894));
#1979=FACE_BOUND('',#1980,.T.);
#1980=EDGE_LOOP('',(#1981,#1982,#1983));
#1981=ORIENTED_EDGE('',*,*,#1984,.T.);
#1982=ORIENTED_EDGE('',*,*,#1985,.T.);
#1983=ORIENTED_EDGE('',*,*,#1986,.T.);
#1984=EDGE_CURVE('',#154,#156,#1987,.F.);
#1985=EDGE_CURVE('',#156,#158,#1988,.T.);
#1986=EDGE_CURVE('',#158,#154,#1989,.T.);
#1987=LINE('',#153,#1990);
#1988=LINE('',#155,#1991);
#1989=LINE('',#157,#1992);
#1990=VECTOR('',#1993,1.0);
#1991=VECTOR('',#1994,1.0);
#1992=VECTOR('',#1995,1.0);
#1993=DIRECTION('',(0.008645820361068481,0.9625680001989563,0.27090237131347894));
#1994=DIRECTION('',(-0.018873804610883418,-0.8304474028788691,-0.5567772360210606));
#1995=DIRECTION('',(0.02761957927844961,-0.6444568498304909,0.7641416933704387));
#1996=STYLED_ITEM('',(#18),#1997);
#1997=FACE_SURFACE('',(#2002),#1998,.T.);
#1998=PLANE('',#1999);
#1999=AXIS2_PLACEMENT_3D('',#157,#2000,#2001);
#2000=DIRECTION('',(-0.9993262260688465,-0.0018638350501750417,0.036655422653442335));
#2001=DIRECTION('',(0.018873804610883418,0.8304474028788691,0.5567772360210606));
#2002=FACE_BOUND('',#2003,.T.);
#2003=EDGE_LOOP('',(#2004,#2005,#2006));
#2004=ORIENTED_EDGE('',*,*,#2007,.T.);
#2005=ORIENTED_EDGE('',*,*,#2008,.T.);
#2006=ORIENTED_EDGE('',*,*,#2009,.T.);
#2007=EDGE_CURVE('',#158,#156,#2010,.F.);
#2008=EDGE_CURVE('',#156,#160,#2011,.T.);
#2009=EDGE_CURVE('',#160,#158,#2012,.T.);
#2010=LINE('',#157,#2013);
#2011=LINE('',#155,#2014);
#2012=LINE('',#159,#2015);
#2013=VECTOR('',#2016,1.0);
#2014=VECTOR('',#2017,1.0);
#2015=VECTOR('',#2018,1.0);
#2016=DIRECTION('',(0.018873804610883418,0.8304474028788691,0.5567772360210606));
#2017=DIRECTION('',(-0.03282218742059173,0.4923328113088759,-0.8697879666456799));
#2018=DIRECTION('',(-0.006029651361392503,-0.9768035205455843,-0.21405262332943387));
#2019=STYLED_ITEM('',(#18),#2020);
#2020=FACE_SURFACE('',(#2025),#2021,.T.);
#2021=PLANE('',#2022);
#2022=AXIS2_PLACEMENT_3D('',#157,#2023,#2024);
#2023=DIRECTION('',(-0.9995356540559375,-0.0005063717587145481,0.03046670081599139));
#2024=DIRECTION('',(0.006029651361392503,0.9768035205455843,0.21405262332943387));
#2025=FACE_BOUND('',#2026,.T.);
#2026=EDGE_LOOP('',(#2027,#2028,#2029));
#2027=ORIENTED_EDGE('',*,*,#2030,.T.);
#2028=ORIENTED_EDGE('',*,*,#2031,.T.);
#2029=ORIENTED_EDGE('',*,*,#2032,.T.);
#2030=EDGE_CURVE('',#158,#160,#2033,.F.);
#2031=EDGE_CURVE('',#160,#162,#2034,.T.);
#2032=EDGE_CURVE('',#162,#158,#2035,.T.);
#2033=LINE('',#157,#2036);
#2034=LINE('',#159,#2037);
#2035=LINE('',#161,#2038);
#2036=VECTOR('',#2039,1.0);
#2037=VECTOR('',#2040,1.0);
#2038=VECTOR('',#2041,1.0);
#2039=DIRECTION('',(0.006029651361392503,0.9768035205455843,0.21405262332943387));
#2040=DIRECTION('',(-0.012593756791514183,-0.9036020497911416,-0.4281877309114819));
#2041=DIRECTION('',(0.026730897992154237,-0.4945216128548519,0.8687541847450112));
#2042=STYLED_ITEM('',(#18),#2043);
#2043=FACE_SURFACE('',(#2048),#2044,.T.);
#2044=PLANE('',#2045);
#2045=AXIS2_PLACEMENT_3D('',#161,#2046,#2047);
#2046=DIRECTION('',(-0.9996470845137697,0.0013605268247890814,0.026530273083386877));
#2047=DIRECTION('',(0.012593756791514183,0.9036020497911416,0.4281877309114819));
#2048=FACE_BOUND('',#2049,.T.);
#2049=EDGE_LOOP('',(#2050,#2051,#2052));
#2050=ORIENTED_EDGE('',*,*,#2053,.T.);
#2051=ORIENTED_EDGE('',*,*,#2054,.T.);
#2052=ORIENTED_EDGE('',*,*,#2055,.T.);
#2053=EDGE_CURVE('',#162,#160,#2056,.F.);
#2054=EDGE_CURVE('',#160,#164,#2057,.T.);
#2055=EDGE_CURVE('',#164,#162,#2058,.T.);
#2056=LINE('',#161,#2059);
#2057=LINE('',#159,#2060);
#2058=LINE('',#163,#2061);
#2059=VECTOR('',#2062,1.0);
#2060=VECTOR('',#2063,1.0);
#2061=VECTOR('',#2064,1.0);
#2062=DIRECTION('',(0.012593756791514183,0.9036020497911416,0.4281877309114819));
#2063=DIRECTION('',(-0.023978333375520213,0.3836533340083234,-0.9231658349575282));
#2064=DIRECTION('',(-0.006164916464136937,-0.9833041760298404,-0.1818650356920393));
#2065=STYLED_ITEM('',(#18),#2066);
#2066=FACE_SURFACE('',(#2071),#2067,.T.);
#2067=PLANE('',#2068);
#2068=AXIS2_PLACEMENT_3D('',#161,#2069,#2070);
#2069=DIRECTION('',(-0.9991213429925305,-0.0014826508521499121,0.04188488657323538));
#2070=DIRECTION('',(0.006164916464136937,0.9833041760298404,0.1818650356920393));
#2071=FACE_BOUND('',#2072,.T.);
#2072=EDGE_LOOP('',(#2073,#2074,#2075));
#2073=ORIENTED_EDGE('',*,*,#2076,.T.);
#2074=ORIENTED_EDGE('',*,*,#2077,.T.);
#2075=ORIENTED_EDGE('',*,*,#2078,.T.);
#2076=EDGE_CURVE('',#162,#164,#2079,.F.);
#2077=EDGE_CURVE('',#164,#166,#2080,.T.);
#2078=EDGE_CURVE('',#166,#162,#2081,.T.);
#2079=LINE('',#161,#2082);
#2080=LINE('',#163,#2083);
#2081=LINE('',#165,#2084);
#2082=VECTOR('',#2085,1.0);
#2083=VECTOR('',#2086,1.0);
#2084=VECTOR('',#2087,1.0);
#2085=DIRECTION('',(0.006164916464136937,0.9833041760298404,0.1818650356920393));
#2086=DIRECTION('',(-0.012608012463581246,-0.9424489316526972,-0.3341123302849027));
#2087=DIRECTION('',(0.03912553515233695,-0.39125535152336954,0.9194500760799185));
#2088=STYLED_ITEM('',(#18),#2089);
#2089=FACE_SURFACE('',(#2094),#2090,.T.);
#2090=PLANE('',#2091);
#2091=AXIS2_PLACEMENT_3D('',#165,#2092,#2093);
#2092=DIRECTION('',(-0.9993122132994615,0.00022271277318908225,0.037081676735984115));
#2093=DIRECTION('',(0.012608012463581246,0.9424489316526972,0.3341123302849027));
#2094=FACE_BOUND('',#2095,.T.);
#2095=EDGE_LOOP('',(#2096,#2097,#2098));
#2096=ORIENTED_EDGE('',*,*,#2099,.T.);
#2097=ORIENTED_EDGE('',*,*,#2100,.T.);
#2098=ORIENTED_EDGE('',*,*,#2101,.T.);
#2099=EDGE_CURVE('',#166,#164,#2102,.F.);
#2100=EDGE_CURVE('',#164,#168,#2103,.T.);
#2101=EDGE_CURVE('',#168,#166,#2104,.T.);
#2102=LINE('',#165,#2105);
#2103=LINE('',#163,#2106);
#2104=LINE('',#167,#2107);
#2105=VECTOR('',#2108,1.0);
#2106=VECTOR('',#2109,1.0);
#2107=VECTOR('',#2110,1.0);
#2108=DIRECTION('',(0.012608012463581246,0.9424489316526972,0.3341123302849027));
#2109=DIRECTION('',(-0.035305725243424284,0.30009866456910833,-0.9532545815724536));
#2110=DIRECTION('',(-0.006245001120899743,-0.9867101771021588,-0.16237002914339332));
#2111=STYLED_ITEM('',(#18),#2112);
#2112=FACE_SURFACE('',(#2117),#2113,.T.);
#2113=PLANE('',#2114);
#2114=AXIS2_PLACEMENT_3D('',#165,#2115,#2116);
#2115=DIRECTION('',(-0.9995543882951855,0.0014198215742829202,0.029816253059941712));
#2116=DIRECTION('',(0.006245001120899743,0.9867101771021588,0.16237002914339332));
#2117=FACE_BOUND('',#2118,.T.);
#2118=EDGE_LOOP('',(#2119,#2120,#2121));
#2119=ORIENTED_EDGE('',*,*,#2122,.T.);
#2120=ORIENTED_EDGE('',*,*,#2123,.T.);
#2121=ORIENTED_EDGE('',*,*,#2124,.T.);
#2122=EDGE_CURVE('',#166,#168,#2125,.F.);
#2123=EDGE_CURVE('',#168,#170,#2126,.T.);
#2124=EDGE_CURVE('',#170,#166,#2127,.T.);
#2125=LINE('',#165,#2128);
#2126=LINE('',#167,#2129);
#2127=LINE('',#169,#2130);
#2128=VECTOR('',#2131,1.0);
#2129=VECTOR('',#2132,1.0);
#2130=VECTOR('',#2133,1.0);
#2131=DIRECTION('',(0.006245001120899743,0.9867101771021588,0.16237002914339332));
#2132=DIRECTION('',(-0.00943783622685656,-0.9626592951393683,-0.2705513051698877));
#2133=DIRECTION('',(0.028205406366326,-0.28205406366325997,0.9589838164550808));
#2134=STYLED_ITEM('',(#18),#2135);
#2135=FACE_SURFACE('',(#2140),#2136,.T.);
#2136=PLANE('',#2137);
#2137=AXIS2_PLACEMENT_3D('',#169,#2138,#2139);
#2138=DIRECTION('',(-0.9994532252972024,0.0005070621111904917,0.03306044964962001));
#2139=DIRECTION('',(0.00943783622685656,0.9626592951393683,0.2705513051698877));
#2140=FACE_BOUND('',#2141,.T.);
#2141=EDGE_LOOP('',(#2142,#2143,#2144));
#2142=ORIENTED_EDGE('',*,*,#2145,.T.);
#2143=ORIENTED_EDGE('',*,*,#2146,.T.);
#2144=ORIENTED_EDGE('',*,*,#2147,.T.);
#2145=EDGE_CURVE('',#170,#168,#2148,.F.);
#2146=EDGE_CURVE('',#168,#172,#2149,.T.);
#2147=EDGE_CURVE('',#172,#170,#2150,.T.);
#2148=LINE('',#169,#2151);
#2149=LINE('',#167,#2152);
#2150=LINE('',#171,#2153);
#2151=VECTOR('',#2154,1.0);
#2152=VECTOR('',#2155,1.0);
#2153=VECTOR('',#2156,1.0);
#2154=DIRECTION('',(0.00943783622685656,0.9626592951393683,0.2705513051698877));
#2155=DIRECTION('',(-0.03218187669437451,0.21454584462916101,-0.9761835930626922));
#2156=DIRECTION('',(0,-0.9998824024700823,0.01533561966978656));
#2157=STYLED_ITEM('',(#18),#2158);
#2158=FACE_SURFACE('',(#2163),#2159,.T.);
#2159=PLANE('',#2160);
#2160=AXIS2_PLACEMENT_3D('',#169,#2161,#2162);
#2161=DIRECTION('',(-0.9993581465037028,0.0005493695489548151,0.035818894591853896));
#2162=DIRECTION('',(0,0.9998824024700823,-0.01533561966978656));
#2163=FACE_BOUND('',#2164,.T.);
#2164=EDGE_LOOP('',(#2165,#2166,#2167));
#2165=ORIENTED_EDGE('',*,*,#2168,.T.);
#2166=ORIENTED_EDGE('',*,*,#2169,.T.);
#2167=ORIENTED_EDGE('',*,*,#2170,.T.);
#2168=EDGE_CURVE('',#170,#172,#2171,.F.);
#2169=EDGE_CURVE('',#172,#174,#2172,.T.);
#2170=EDGE_CURVE('',#174,#170,#2173,.T.);
#2171=LINE('',#169,#2174);
#2172=LINE('',#171,#2175);
#2173=LINE('',#173,#2176);
#2174=VECTOR('',#2177,1.0);
#2175=VECTOR('',#2178,1.0);
#2176=VECTOR('',#2179,1.0);
#2177=DIRECTION('',(0,0.9998824024700823,-0.01533561966978656));
#2178=DIRECTION('',(-0.0063064816167499515,-0.9869643730213664,-0.16081528122712377));
#2179=DIRECTION('',(0.03476815235604633,-0.2259929903142992,0.9735082659692972));
#2180=STYLED_ITEM('',(#18),#2181);
#2181=FACE_SURFACE('',(#2186),#2182,.T.);
#2182=PLANE('',#2183);
#2183=AXIS2_PLACEMENT_3D('',#173,#2184,#2185);
#2184=DIRECTION('',(-0.9994140633329566,0.0008105720052679711,0.034218021353275264));
#2185=DIRECTION('',(0.0063064816167499515,0.9869643730213664,0.16081528122712377));
#2186=FACE_BOUND('',#2187,.T.);
#2187=EDGE_LOOP('',(#2188,#2189,#2190));
#2188=ORIENTED_EDGE('',*,*,#2191,.T.);
#2189=ORIENTED_EDGE('',*,*,#2192,.T.);
#2190=ORIENTED_EDGE('',*,*,#2193,.T.);
#2191=EDGE_CURVE('',#174,#172,#2194,.F.);
#2192=EDGE_CURVE('',#172,#48,#2195,.T.);
#2193=EDGE_CURVE('',#48,#174,#2196,.T.);
#2194=LINE('',#173,#2197);
#2195=LINE('',#171,#2198);
#2196=LINE('',#47,#2199);
#2197=VECTOR('',#2200,1.0);
#2198=VECTOR('',#2201,1.0);
#2199=VECTOR('',#2202,1.0);
#2200=DIRECTION('',(0.0063064816167499515,0.9869643730213664,0.16081528122712377));
#2201=DIRECTION('',(-0.034216317396275064,-0.04935045778308906,-0.9981952594259487));
#2202=DIRECTION('',(0.03364658318295772,-0.16015773595087895,0.9865178189243217));
#2203=STYLED_ITEM('',(#18),#2204);
#2204=FACE_SURFACE('',(#2209),#2205,.T.);
#2205=PLANE('',#2206);
#2206=AXIS2_PLACEMENT_3D('',#171,#2207,#2208);
#2207=DIRECTION('',(-0.9994130203890778,0,0.03425806002652076));
#2208=DIRECTION('',(-0.03381682717040493,0.15997960545999274,-0.9865409003366218));
#2209=FACE_BOUND('',#2210,.T.);
#2210=EDGE_LOOP('',(#2211,#2212,#2213));
#2211=ORIENTED_EDGE('',*,*,#2214,.T.);
#2212=ORIENTED_EDGE('',*,*,#2215,.T.);
#2213=ORIENTED_EDGE('',*,*,#2216,.T.);
#2214=EDGE_CURVE('',#172,#50,#2217,.F.);
#2215=EDGE_CURVE('',#50,#48,#2218,.T.);
#2216=EDGE_CURVE('',#48,#172,#2219,.T.);
#2217=LINE('',#171,#2220);
#2218=LINE('',#49,#2221);
#2219=LINE('',#47,#2222);
#2220=VECTOR('',#2223,1.0);
#2221=VECTOR('',#2224,1.0);
#2222=VECTOR('',#2225,1.0);
#2223=DIRECTION('',(-0.03381682717040493,0.15997960545999274,-0.9865409003366218));
#2224=DIRECTION('',(0,-1,0));
#2225=DIRECTION('',(0.034216317396275064,0.04935045778308906,0.9981952594259487));
#2226=STYLED_ITEM('',(#18),#2227);
#2227=FACE_SURFACE('',(#2232),#2228,.T.);
#2228=PLANE('',#2229);
#2229=AXIS2_PLACEMENT_3D('',#175,#2230,#2231);
#2230=DIRECTION('',(0,1,0));
#2231=DIRECTION('',(0,0,-1));
#2232=FACE_BOUND('',#2233,.T.);
#2233=EDGE_LOOP('',(#2234,#2235,#2236));
#2234=ORIENTED_EDGE('',*,*,#2237,.T.);
#2235=ORIENTED_EDGE('',*,*,#2238,.T.);
#2236=ORIENTED_EDGE('',*,*,#2239,.T.);
#2237=EDGE_CURVE('',#176,#178,#2240,.F.);
#2238=EDGE_CURVE('',#178,#36,#2241,.T.);
#2239=EDGE_CURVE('',#36,#176,#2242,.T.);
#2240=LINE('',#175,#2243);
#2241=LINE('',#177,#2244);
#2242=LINE('',#35,#2245);
#2243=VECTOR('',#2246,1.0);
#2244=VECTOR('',#2247,1.0);
#2245=VECTOR('',#2248,1.0);
#2246=DIRECTION('',(0,0,-1));
#2247=DIRECTION('',(-0.871929591003345,0,0.4896312779354885));
#2248=DIRECTION('',(0.6417545971396166,0,0.7669100579925708));
#2249=STYLED_ITEM('',(#18),#2250);
#2250=FACE_SURFACE('',(#2255),#2251,.T.);
#2251=PLANE('',#2252);
#2252=AXIS2_PLACEMENT_3D('',#35,#2253,#2254);
#2253=DIRECTION('',(0,1,0));
#2254=DIRECTION('',(0.871929591003345,0,-0.4896312779354885));
#2255=FACE_BOUND('',#2256,.T.);
#2256=EDGE_LOOP('',(#2257,#2258,#2259));
#2257=ORIENTED_EDGE('',*,*,#2260,.T.);
#2258=ORIENTED_EDGE('',*,*,#2261,.T.);
#2259=ORIENTED_EDGE('',*,*,#2262,.T.);
#2260=EDGE_CURVE('',#36,#178,#2263,.F.);
#2261=EDGE_CURVE('',#178,#180,#2264,.T.);
#2262=EDGE_CURVE('',#180,#36,#2265,.T.);
#2263=LINE('',#35,#2266);
#2264=LINE('',#177,#2267);
#2265=LINE('',#179,#2268);
#2266=VECTOR('',#2269,1.0);
#2267=VECTOR('',#2270,1.0);
#2268=VECTOR('',#2271,1.0);
#2269=DIRECTION('',(0.871929591003345,0,-0.4896312779354885));
#2270=DIRECTION('',(0.7071067811865475,0,-0.7071067811865475));
#2271=DIRECTION('',(-0.8429872037394154,0,0.5379336151716134));
#2272=STYLED_ITEM('',(#18),#2273);
#2273=FACE_SURFACE('',(#2278),#2274,.T.);
#2274=PLANE('',#2275);
#2275=AXIS2_PLACEMENT_3D('',#35,#2276,#2277);
#2276=DIRECTION('',(0,1,0));
#2277=DIRECTION('',(0.8429872037394154,0,-0.5379336151716134));
#2278=FACE_BOUND('',#2279,.T.);
#2279=EDGE_LOOP('',(#2280,#2281,#2282));
#2280=ORIENTED_EDGE('',*,*,#2283,.T.);
#2281=ORIENTED_EDGE('',*,*,#2284,.T.);
#2282=ORIENTED_EDGE('',*,*,#2285,.T.);
#2283=EDGE_CURVE('',#36,#180,#2286,.F.);
#2284=EDGE_CURVE('',#180,#40,#2287,.T.);
#2285=EDGE_CURVE('',#40,#36,#2288,.T.);
#2286=LINE('',#35,#2289);
#2287=LINE('',#179,#2290);
#2288=LINE('',#39,#2291);
#2289=VECTOR('',#2292,1.0);
#2290=VECTOR('',#2293,1.0);
#2291=VECTOR('',#2294,1.0);
#2292=DIRECTION('',(0.8429872037394154,0,-0.5379336151716134));
#2293=DIRECTION('',(-0.10963477945033351,0,-0.9939719388065625));
#2294=DIRECTION('',(0,0,1));
#2295=STYLED_ITEM('',(#18),#2296);
#2296=FACE_SURFACE('',(#2301),#2297,.T.);
#2297=PLANE('',#2298);
#2298=AXIS2_PLACEMENT_3D('',#39,#2299,#2300);
#2299=DIRECTION('',(0,1,0));
#2300=DIRECTION('',(0.10963477945033351,0,0.9939719388065625));
#2301=FACE_BOUND('',#2302,.T.);
#2302=EDGE_LOOP('',(#2303,#2304,#2305));
#2303=ORIENTED_EDGE('',*,*,#2306,.T.);
#2304=ORIENTED_EDGE('',*,*,#2307,.T.);
#2305=ORIENTED_EDGE('',*,*,#2308,.T.);
#2306=EDGE_CURVE('',#40,#180,#2309,.F.);
#2307=EDGE_CURVE('',#180,#182,#2310,.T.);
#2308=EDGE_CURVE('',#182,#40,#2311,.T.);
#2309=LINE('',#39,#2312);
#2310=LINE('',#179,#2313);
#2311=LINE('',#181,#2314);
#2312=VECTOR('',#2315,1.0);
#2313=VECTOR('',#2316,1.0);
#2314=VECTOR('',#2317,1.0);
#2315=DIRECTION('',(0.10963477945033351,0,0.9939719388065625));
#2316=DIRECTION('',(1,0,0));
#2317=DIRECTION('',(-0.12836754088903662,0,-0.9917266631719154));
#2318=STYLED_ITEM('',(#18),#2319);
#2319=FACE_SURFACE('',(#2324),#2320,.T.);
#2320=PLANE('',#2321);
#2321=AXIS2_PLACEMENT_3D('',#39,#2322,#2323);
#2322=DIRECTION('',(0,1,0));
#2323=DIRECTION('',(0.12836754088903662,0,0.9917266631719154));
#2324=FACE_BOUND('',#2325,.T.);
#2325=EDGE_LOOP('',(#2326,#2327,#2328));
#2326=ORIENTED_EDGE('',*,*,#2329,.T.);
#2327=ORIENTED_EDGE('',*,*,#2330,.T.);
#2328=ORIENTED_EDGE('',*,*,#2331,.T.);
#2329=EDGE_CURVE('',#40,#182,#2332,.F.);
#2330=EDGE_CURVE('',#182,#184,#2333,.T.);
#2331=EDGE_CURVE('',#184,#40,#2334,.T.);
#2332=LINE('',#39,#2335);
#2333=LINE('',#181,#2336);
#2334=LINE('',#183,#2337);
#2335=VECTOR('',#2338,1.0);
#2336=VECTOR('',#2339,1.0);
#2337=VECTOR('',#2340,1.0);
#2338=DIRECTION('',(0.12836754088903662,0,0.9917266631719154));
#2339=DIRECTION('',(0.10963477945033351,0,-0.9939719388065625));
#2340=DIRECTION('',(-1,0,0));
#2341=STYLED_ITEM('',(#18),#2342);
#2342=FACE_SURFACE('',(#2347),#2343,.T.);
#2343=PLANE('',#2344);
#2344=AXIS2_PLACEMENT_3D('',#183,#2345,#2346);
#2345=DIRECTION('',(0,1,-0));
#2346=DIRECTION('',(-0.10963477945033351,0,0.9939719388065625));
#2347=FACE_BOUND('',#2348,.T.);
#2348=EDGE_LOOP('',(#2349,#2350,#2351));
#2349=ORIENTED_EDGE('',*,*,#2352,.T.);
#2350=ORIENTED_EDGE('',*,*,#2353,.T.);
#2351=ORIENTED_EDGE('',*,*,#2354,.T.);
#2352=EDGE_CURVE('',#184,#182,#2355,.F.);
#2353=EDGE_CURVE('',#182,#186,#2356,.T.);
#2354=EDGE_CURVE('',#186,#184,#2357,.T.);
#2355=LINE('',#183,#2358);
#2356=LINE('',#181,#2359);
#2357=LINE('',#185,#2360);
#2358=VECTOR('',#2361,1.0);
#2359=VECTOR('',#2362,1.0);
#2360=VECTOR('',#2363,1.0);
#2361=DIRECTION('',(-0.10963477945033351,0,0.9939719388065625));
#2362=DIRECTION('',(0.8429872037394154,0,0.5379336151716134));
#2363=DIRECTION('',(0,0,-1));
#2364=STYLED_ITEM('',(#18),#2365);
#2365=FACE_SURFACE('',(#2370),#2366,.T.);
#2366=PLANE('',#2367);
#2367=AXIS2_PLACEMENT_3D('',#175,#2368,#2369);
#2368=DIRECTION('',(0,1,0));
#2369=DIRECTION('',(-0.6417545971396166,0,-0.7669100579925708));
#2370=FACE_BOUND('',#2371,.T.);
#2371=EDGE_LOOP('',(#2372,#2373,#2374));
#2372=ORIENTED_EDGE('',*,*,#2375,.T.);
#2373=ORIENTED_EDGE('',*,*,#2376,.T.);
#2374=ORIENTED_EDGE('',*,*,#2377,.T.);
#2375=EDGE_CURVE('',#176,#36,#2378,.F.);
#2376=EDGE_CURVE('',#36,#188,#2379,.T.);
#2377=EDGE_CURVE('',#188,#176,#2380,.T.);
#2378=LINE('',#175,#2381);
#2379=LINE('',#35,#2382);
#2380=LINE('',#187,#2383);
#2381=VECTOR('',#2384,1.0);
#2382=VECTOR('',#2385,1.0);
#2383=VECTOR('',#2386,1.0);
#2384=DIRECTION('',(-0.6417545971396166,0,-0.7669100579925708));
#2385=DIRECTION('',(0.3374074413682946,0,0.9413587087339772));
#2386=DIRECTION('',(0.7059447345951286,0,-0.7082669212220866));
#2387=STYLED_ITEM('',(#18),#2388);
#2388=FACE_SURFACE('',(#2393),#2389,.T.);
#2389=PLANE('',#2390);
#2390=AXIS2_PLACEMENT_3D('',#187,#2391,#2392);
#2391=DIRECTION('',(0,1,0));
#2392=DIRECTION('',(-0.3374074413682946,0,-0.9413587087339772));
#2393=FACE_BOUND('',#2394,.T.);
#2394=EDGE_LOOP('',(#2395,#2396,#2397));
#2395=ORIENTED_EDGE('',*,*,#2398,.T.);
#2396=ORIENTED_EDGE('',*,*,#2399,.T.);
#2397=ORIENTED_EDGE('',*,*,#2400,.T.);
#2398=EDGE_CURVE('',#188,#36,#2401,.F.);
#2399=EDGE_CURVE('',#36,#94,#2402,.T.);
#2400=EDGE_CURVE('',#94,#188,#2403,.T.);
#2401=LINE('',#187,#2404);
#2402=LINE('',#35,#2405);
#2403=LINE('',#93,#2406);
#2404=VECTOR('',#2407,1.0);
#2405=VECTOR('',#2408,1.0);
#2406=VECTOR('',#2409,1.0);
#2407=DIRECTION('',(-0.3374074413682946,0,-0.9413587087339772));
#2408=DIRECTION('',(0.03393997257151977,0,0.9994238731698601));
#2409=DIRECTION('',(0.8657978539310051,0,-0.5003939209547474));
#2410=STYLED_ITEM('',(#18),#2411);
#2411=FACE_SURFACE('',(#2416),#2412,.T.);
#2412=PLANE('',#2413);
#2413=AXIS2_PLACEMENT_3D('',#187,#2414,#2415);
#2414=DIRECTION('',(0,1,-0));
#2415=DIRECTION('',(-0.8657978539310051,0,0.5003939209547474));
#2416=FACE_BOUND('',#2417,.T.);
#2417=EDGE_LOOP('',(#2418,#2419,#2420));
#2418=ORIENTED_EDGE('',*,*,#2421,.T.);
#2419=ORIENTED_EDGE('',*,*,#2422,.T.);
#2420=ORIENTED_EDGE('',*,*,#2423,.T.);
#2421=EDGE_CURVE('',#188,#94,#2424,.F.);
#2422=EDGE_CURVE('',#94,#190,#2425,.T.);
#2423=EDGE_CURVE('',#190,#188,#2426,.T.);
#2424=LINE('',#187,#2427);
#2425=LINE('',#93,#2428);
#2426=LINE('',#189,#2429);
#2427=VECTOR('',#2430,1.0);
#2428=VECTOR('',#2431,1.0);
#2429=VECTOR('',#2432,1.0);
#2430=DIRECTION('',(-0.8657978539310051,0,0.5003939209547474));
#2431=DIRECTION('',(1,0,0));
#2432=DIRECTION('',(0,0,-1));
#2433=STYLED_ITEM('',(#18),#2434);
#2434=FACE_SURFACE('',(#2439),#2435,.T.);
#2435=PLANE('',#2436);
#2436=AXIS2_PLACEMENT_3D('',#181,#2437,#2438);
#2437=DIRECTION('',(0,1,0));
#2438=DIRECTION('',(0.7071067811865475,0,0.7071067811865475));
#2439=FACE_BOUND('',#2440,.T.);
#2440=EDGE_LOOP('',(#2441,#2442,#2443));
#2441=ORIENTED_EDGE('',*,*,#2444,.T.);
#2442=ORIENTED_EDGE('',*,*,#2445,.T.);
#2443=ORIENTED_EDGE('',*,*,#2446,.T.);
#2444=EDGE_CURVE('',#182,#192,#2447,.F.);
#2445=EDGE_CURVE('',#192,#186,#2448,.T.);
#2446=EDGE_CURVE('',#186,#182,#2449,.T.);
#2447=LINE('',#181,#2450);
#2448=LINE('',#191,#2451);
#2449=LINE('',#185,#2452);
#2450=VECTOR('',#2453,1.0);
#2451=VECTOR('',#2454,1.0);
#2452=VECTOR('',#2455,1.0);
#2453=DIRECTION('',(0.7071067811865475,0,0.7071067811865475));
#2454=DIRECTION('',(0.871929591003345,0,0.4896312779354885));
#2455=DIRECTION('',(-0.8429872037394154,0,-0.5379336151716134));
#2456=STYLED_ITEM('',(#18),#2457);
#2457=FACE_SURFACE('',(#2462),#2458,.T.);
#2458=PLANE('',#2459);
#2459=AXIS2_PLACEMENT_3D('',#185,#2460,#2461);
#2460=DIRECTION('',(0,1,0));
#2461=DIRECTION('',(-0.871929591003345,0,-0.4896312779354885));
#2462=FACE_BOUND('',#2463,.T.);
#2463=EDGE_LOOP('',(#2464,#2465,#2466));
#2464=ORIENTED_EDGE('',*,*,#2467,.T.);
#2465=ORIENTED_EDGE('',*,*,#2468,.T.);
#2466=ORIENTED_EDGE('',*,*,#2469,.T.);
#2467=EDGE_CURVE('',#186,#192,#2470,.F.);
#2468=EDGE_CURVE('',#192,#194,#2471,.T.);
#2469=EDGE_CURVE('',#194,#186,#2472,.T.);
#2470=LINE('',#185,#2473);
#2471=LINE('',#191,#2474);
#2472=LINE('',#193,#2475);
#2473=VECTOR('',#2476,1.0);
#2474=VECTOR('',#2477,1.0);
#2475=VECTOR('',#2478,1.0);
#2476=DIRECTION('',(-0.871929591003345,0,-0.4896312779354885));
#2477=DIRECTION('',(0,0,1));
#2478=DIRECTION('',(0.6417545971396166,0,-0.7669100579925708));
#2479=STYLED_ITEM('',(#18),#2480);
#2480=FACE_SURFACE('',(#2485),#2481,.T.);
#2481=PLANE('',#2482);
#2482=AXIS2_PLACEMENT_3D('',#185,#2483,#2484);
#2483=DIRECTION('',(0,1,0));
#2484=DIRECTION('',(-0.6417545971396166,0,0.7669100579925708));
#2485=FACE_BOUND('',#2486,.T.);
#2486=EDGE_LOOP('',(#2487,#2488,#2489));
#2487=ORIENTED_EDGE('',*,*,#2490,.T.);
#2488=ORIENTED_EDGE('',*,*,#2491,.T.);
#2489=ORIENTED_EDGE('',*,*,#2492,.T.);
#2490=EDGE_CURVE('',#186,#194,#2493,.F.);
#2491=EDGE_CURVE('',#194,#196,#2494,.T.);
#2492=EDGE_CURVE('',#196,#186,#2495,.T.);
#2493=LINE('',#185,#2496);
#2494=LINE('',#193,#2497);
#2495=LINE('',#195,#2498);
#2496=VECTOR('',#2499,1.0);
#2497=VECTOR('',#2500,1.0);
#2498=VECTOR('',#2501,1.0);
#2499=DIRECTION('',(-0.6417545971396166,0,0.7669100579925708));
#2500=DIRECTION('',(0.7059447345951286,0,0.7082669212220866));
#2501=DIRECTION('',(0.3374074413682946,0,-0.9413587087339772));
#2502=STYLED_ITEM('',(#18),#2503);
#2503=FACE_SURFACE('',(#2508),#2504,.T.);
#2504=PLANE('',#2505);
#2505=AXIS2_PLACEMENT_3D('',#197,#2506,#2507);
#2506=DIRECTION('',(-0,1,0));
#2507=DIRECTION('',(1,0,0));
#2508=FACE_BOUND('',#2509,.T.);
#2509=EDGE_LOOP('',(#2510,#2511,#2512));
#2510=ORIENTED_EDGE('',*,*,#2513,.T.);
#2511=ORIENTED_EDGE('',*,*,#2514,.T.);
#2512=ORIENTED_EDGE('',*,*,#2515,.T.);
#2513=EDGE_CURVE('',#198,#200,#2516,.F.);
#2514=EDGE_CURVE('',#200,#196,#2517,.T.);
#2515=EDGE_CURVE('',#196,#198,#2518,.T.);
#2516=LINE('',#197,#2519);
#2517=LINE('',#199,#2520);
#2518=LINE('',#195,#2521);
#2519=VECTOR('',#2522,1.0);
#2520=VECTOR('',#2523,1.0);
#2521=VECTOR('',#2524,1.0);
#2522=DIRECTION('',(1,0,0));
#2523=DIRECTION('',(-0.8657978539310051,0,-0.5003939209547474));
#2524=DIRECTION('',(0,0,1));
#2525=STYLED_ITEM('',(#18),#2526);
#2526=FACE_SURFACE('',(#2531),#2527,.T.);
#2527=PLANE('',#2528);
#2528=AXIS2_PLACEMENT_3D('',#195,#2529,#2530);
#2529=DIRECTION('',(-0,1,0));
#2530=DIRECTION('',(0.8657978539310051,0,0.5003939209547474));
#2531=FACE_BOUND('',#2532,.T.);
#2532=EDGE_LOOP('',(#2533,#2534,#2535));
#2533=ORIENTED_EDGE('',*,*,#2536,.T.);
#2534=ORIENTED_EDGE('',*,*,#2537,.T.);
#2535=ORIENTED_EDGE('',*,*,#2538,.T.);
#2536=EDGE_CURVE('',#196,#200,#2539,.F.);
#2537=EDGE_CURVE('',#200,#186,#2540,.T.);
#2538=EDGE_CURVE('',#186,#196,#2541,.T.);
#2539=LINE('',#195,#2542);
#2540=LINE('',#199,#2543);
#2541=LINE('',#185,#2544);
#2542=VECTOR('',#2545,1.0);
#2543=VECTOR('',#2546,1.0);
#2544=VECTOR('',#2547,1.0);
#2545=DIRECTION('',(0.8657978539310051,0,0.5003939209547474));
#2546=DIRECTION('',(0.03393997257151977,0,-0.9994238731698601));
#2547=DIRECTION('',(-0.3374074413682946,0,0.9413587087339772));
#2548=STYLED_ITEM('',(#18),#2549);
#2549=FACE_SURFACE('',(#2554),#2550,.T.);
#2550=PLANE('',#2551);
#2551=AXIS2_PLACEMENT_3D('',#201,#2552,#2553);
#2552=DIRECTION('',(0,1,-0));
#2553=DIRECTION('',(-1,0,0));
#2554=FACE_BOUND('',#2555,.T.);
#2555=EDGE_LOOP('',(#2556,#2557,#2558));
#2556=ORIENTED_EDGE('',*,*,#2559,.T.);
#2557=ORIENTED_EDGE('',*,*,#2560,.T.);
#2558=ORIENTED_EDGE('',*,*,#2561,.T.);
#2559=EDGE_CURVE('',#202,#52,#2562,.F.);
#2560=EDGE_CURVE('',#52,#184,#2563,.T.);
#2561=EDGE_CURVE('',#184,#202,#2564,.T.);
#2562=LINE('',#201,#2565);
#2563=LINE('',#51,#2566);
#2564=LINE('',#183,#2567);
#2565=VECTOR('',#2568,1.0);
#2566=VECTOR('',#2569,1.0);
#2567=VECTOR('',#2570,1.0);
#2568=DIRECTION('',(-1,0,0));
#2569=DIRECTION('',(0.8845236505919997,0,0.466495349969753));
#2570=DIRECTION('',(-0.49952764649823767,0,-0.8662979455037001));
#2571=STYLED_ITEM('',(#18),#2572);
#2572=FACE_SURFACE('',(#2577),#2573,.T.);
#2573=PLANE('',#2574);
#2574=AXIS2_PLACEMENT_3D('',#183,#2575,#2576);
#2575=DIRECTION('',(0,1,0));
#2576=DIRECTION('',(-0.8845236505919997,0,-0.466495349969753));
#2577=FACE_BOUND('',#2578,.T.);
#2578=EDGE_LOOP('',(#2579,#2580,#2581));
#2579=ORIENTED_EDGE('',*,*,#2582,.T.);
#2580=ORIENTED_EDGE('',*,*,#2583,.T.);
#2581=ORIENTED_EDGE('',*,*,#2584,.T.);
#2582=EDGE_CURVE('',#184,#52,#2585,.F.);
#2583=EDGE_CURVE('',#52,#40,#2586,.T.);
#2584=EDGE_CURVE('',#40,#184,#2587,.T.);
#2585=LINE('',#183,#2588);
#2586=LINE('',#51,#2589);
#2587=LINE('',#39,#2590);
#2588=VECTOR('',#2591,1.0);
#2589=VECTOR('',#2592,1.0);
#2590=VECTOR('',#2593,1.0);
#2591=DIRECTION('',(-0.8845236505919997,0,-0.466495349969753));
#2592=DIRECTION('',(-0.49952764649823767,0,0.8662979455037001));
#2593=DIRECTION('',(1,0,0));
#2594=STYLED_ITEM('',(#18),#2595);
#2595=FACE_SURFACE('',(#2600),#2596,.T.);
#2596=PLANE('',#2597);
#2597=AXIS2_PLACEMENT_3D('',#201,#2598,#2599);
#2598=DIRECTION('',(-0,-0,-1));
#2599=DIRECTION('',(0,-1,0));
#2600=FACE_BOUND('',#2601,.T.);
#2601=EDGE_LOOP('',(#2602,#2603,#2604));
#2602=ORIENTED_EDGE('',*,*,#2605,.T.);
#2603=ORIENTED_EDGE('',*,*,#2606,.T.);
#2604=ORIENTED_EDGE('',*,*,#2607,.T.);
#2605=EDGE_CURVE('',#202,#56,#2608,.F.);
#2606=EDGE_CURVE('',#56,#52,#2609,.T.);
#2607=EDGE_CURVE('',#52,#202,#2610,.T.);
#2608=LINE('',#201,#2611);
#2609=LINE('',#55,#2612);
#2610=LINE('',#51,#2613);
#2611=VECTOR('',#2614,1.0);
#2612=VECTOR('',#2615,1.0);
#2613=VECTOR('',#2616,1.0);
#2614=DIRECTION('',(0,-1,0));
#2615=DIRECTION('',(-0.9543461715124945,0.2987028371466272,0));
#2616=DIRECTION('',(1,0,0));
#2617=STYLED_ITEM('',(#18),#2618);
#2618=FACE_SURFACE('',(#2623),#2619,.T.);
#2619=PLANE('',#2620);
#2620=AXIS2_PLACEMENT_3D('',#51,#2621,#2622);
#2621=DIRECTION('',(0,0,-1));
#2622=DIRECTION('',(0.9543461715124945,-0.2987028371466272,0));
#2623=FACE_BOUND('',#2624,.T.);
#2624=EDGE_LOOP('',(#2625,#2626,#2627));
#2625=ORIENTED_EDGE('',*,*,#2628,.T.);
#2626=ORIENTED_EDGE('',*,*,#2629,.T.);
#2627=ORIENTED_EDGE('',*,*,#2630,.T.);
#2628=EDGE_CURVE('',#52,#56,#2631,.F.);
#2629=EDGE_CURVE('',#56,#54,#2632,.T.);
#2630=EDGE_CURVE('',#54,#52,#2633,.T.);
#2631=LINE('',#51,#2634);
#2632=LINE('',#55,#2635);
#2633=LINE('',#53,#2636);
#2634=VECTOR('',#2637,1.0);
#2635=VECTOR('',#2638,1.0);
#2636=VECTOR('',#2639,1.0);
#2637=DIRECTION('',(0.9543461715124945,-0.2987028371466272,0));
#2638=DIRECTION('',(-1,0,0));
#2639=DIRECTION('',(0,1,0));
#2640=STYLED_ITEM('',(#18),#2641);
#2641=FACE_SURFACE('',(#2646),#2642,.T.);
#2642=PLANE('',#2643);
#2643=AXIS2_PLACEMENT_3D('',#55,#2644,#2645);
#2644=DIRECTION('',(0.8662979455037,0,-0.49952764649823767));
#2645=DIRECTION('',(0,1,0));
#2646=FACE_BOUND('',#2647,.T.);
#2647=EDGE_LOOP('',(#2648,#2649,#2650));
#2648=ORIENTED_EDGE('',*,*,#2651,.T.);
#2649=ORIENTED_EDGE('',*,*,#2652,.T.);
#2650=ORIENTED_EDGE('',*,*,#2653,.T.);
#2651=EDGE_CURVE('',#56,#202,#2654,.F.);
#2652=EDGE_CURVE('',#202,#58,#2655,.T.);
#2653=EDGE_CURVE('',#58,#56,#2656,.T.);
#2654=LINE('',#55,#2657);
#2655=LINE('',#201,#2658);
#2656=LINE('',#57,#2659);
#2657=VECTOR('',#2660,1.0);
#2658=VECTOR('',#2661,1.0);
#2659=VECTOR('',#2662,1.0);
#2660=DIRECTION('',(0,1,0));
#2661=DIRECTION('',(0.4703326496137572,-0.3368598706693126,0.8156669824382722));
#2662=DIRECTION('',(-0.49952764649823767,0,-0.8662979455037001));
#2663=STYLED_ITEM('',(#18),#2664);
#2664=FACE_SURFACE('',(#2669),#2665,.T.);
#2665=PLANE('',#2666);
#2666=AXIS2_PLACEMENT_3D('',#57,#2667,#2668);
#2667=DIRECTION('',(0.8662979455037,0,-0.49952764649823767));
#2668=DIRECTION('',(-0.4703326496137572,0.3368598706693126,-0.8156669824382722));
#2669=FACE_BOUND('',#2670,.T.);
#2670=EDGE_LOOP('',(#2671,#2672,#2673));
#2671=ORIENTED_EDGE('',*,*,#2674,.T.);
#2672=ORIENTED_EDGE('',*,*,#2675,.T.);
#2673=ORIENTED_EDGE('',*,*,#2676,.T.);
#2674=EDGE_CURVE('',#58,#202,#2677,.F.);
#2675=EDGE_CURVE('',#202,#184,#2678,.T.);
#2676=EDGE_CURVE('',#184,#58,#2679,.T.);
#2677=LINE('',#57,#2680);
#2678=LINE('',#201,#2681);
#2679=LINE('',#183,#2682);
#2680=VECTOR('',#2683,1.0);
#2681=VECTOR('',#2684,1.0);
#2682=VECTOR('',#2685,1.0);
#2683=DIRECTION('',(-0.4703326496137572,0.3368598706693126,-0.8156669824382722));
#2684=DIRECTION('',(0.49952764649823767,0,0.8662979455037001));
#2685=DIRECTION('',(0,-1,0));
#2686=STYLED_ITEM('',(#18),#2687);
#2687=FACE_SURFACE('',(#2692),#2688,.T.);
#2688=PLANE('',#2689);
#2689=AXIS2_PLACEMENT_3D('',#185,#2690,#2691);
#2690=DIRECTION('',(1,0,0));
#2691=DIRECTION('',(0,-1,0));
#2692=FACE_BOUND('',#2693,.T.);
#2693=EDGE_LOOP('',(#2694,#2695,#2696));
#2694=ORIENTED_EDGE('',*,*,#2697,.T.);
#2695=ORIENTED_EDGE('',*,*,#2698,.T.);
#2696=ORIENTED_EDGE('',*,*,#2699,.T.);
#2697=EDGE_CURVE('',#186,#64,#2700,.F.);
#2698=EDGE_CURVE('',#64,#184,#2701,.T.);
#2699=EDGE_CURVE('',#184,#186,#2702,.T.);
#2700=LINE('',#185,#2703);
#2701=LINE('',#63,#2704);
#2702=LINE('',#183,#2705);
#2703=VECTOR('',#2706,1.0);
#2704=VECTOR('',#2707,1.0);
#2705=VECTOR('',#2708,1.0);
#2706=DIRECTION('',(0,-1,0));
#2707=DIRECTION('',(0,0.037381219009500984,-0.9993010779866914));
#2708=DIRECTION('',(0,0,1));
#2709=STYLED_ITEM('',(#18),#2710);
#2710=FACE_SURFACE('',(#2715),#2711,.T.);
#2711=PLANE('',#2712);
#2712=AXIS2_PLACEMENT_3D('',#183,#2713,#2714);
#2713=DIRECTION('',(1,0,0));
#2714=DIRECTION('',(0,-0.037381219009500984,0.9993010779866914));
#2715=FACE_BOUND('',#2716,.T.);
#2716=EDGE_LOOP('',(#2717,#2718,#2719));
#2717=ORIENTED_EDGE('',*,*,#2720,.T.);
#2718=ORIENTED_EDGE('',*,*,#2721,.T.);
#2719=ORIENTED_EDGE('',*,*,#2722,.T.);
#2720=EDGE_CURVE('',#184,#64,#2723,.F.);
#2721=EDGE_CURVE('',#64,#58,#2724,.T.);
#2722=EDGE_CURVE('',#58,#184,#2725,.T.);
#2723=LINE('',#183,#2726);
#2724=LINE('',#63,#2727);
#2725=LINE('',#57,#2728);
#2726=VECTOR('',#2729,1.0);
#2727=VECTOR('',#2730,1.0);
#2728=VECTOR('',#2731,1.0);
#2729=DIRECTION('',(0,-0.037381219009500984,0.9993010779866914));
#2730=DIRECTION('',(0,0,-1));
#2731=DIRECTION('',(0,1,0));
#2732=STYLED_ITEM('',(#18),#2733);
#2733=FACE_SURFACE('',(#2738),#2734,.T.);
#2734=PLANE('',#2735);
#2735=AXIS2_PLACEMENT_3D('',#203,#2736,#2737);
#2736=DIRECTION('',(1,0,0));
#2737=DIRECTION('',(0,-1,0));
#2738=FACE_BOUND('',#2739,.T.);
#2739=EDGE_LOOP('',(#2740,#2741,#2742));
#2740=ORIENTED_EDGE('',*,*,#2743,.T.);
#2741=ORIENTED_EDGE('',*,*,#2744,.T.);
#2742=ORIENTED_EDGE('',*,*,#2745,.T.);
#2743=EDGE_CURVE('',#204,#206,#2746,.F.);
#2744=EDGE_CURVE('',#206,#208,#2747,.T.);
#2745=EDGE_CURVE('',#208,#204,#2748,.T.);
#2746=LINE('',#203,#2749);
#2747=LINE('',#205,#2750);
#2748=LINE('',#207,#2751);
#2749=VECTOR('',#2752,1.0);
#2750=VECTOR('',#2753,1.0);
#2751=VECTOR('',#2754,1.0);
#2752=DIRECTION('',(0,-1,0));
#2753=DIRECTION('',(0,0.30708611331989083,-0.9516817319913644));
#2754=DIRECTION('',(0,-0.16023994989725712,0.9870780913671039));
#2755=STYLED_ITEM('',(#18),#2756);
#2756=FACE_SURFACE('',(#2761),#2757,.T.);
#2757=PLANE('',#2758);
#2758=AXIS2_PLACEMENT_3D('',#207,#2759,#2760);
#2759=DIRECTION('',(1,0,0));
#2760=DIRECTION('',(0,-0.30708611331989083,0.9516817319913644));
#2761=FACE_BOUND('',#2762,.T.);
#2762=EDGE_LOOP('',(#2763,#2764,#2765));
#2763=ORIENTED_EDGE('',*,*,#2766,.T.);
#2764=ORIENTED_EDGE('',*,*,#2767,.T.);
#2765=ORIENTED_EDGE('',*,*,#2768,.T.);
#2766=EDGE_CURVE('',#208,#206,#2769,.F.);
#2767=EDGE_CURVE('',#206,#210,#2770,.T.);
#2768=EDGE_CURVE('',#210,#208,#2771,.T.);
#2769=LINE('',#207,#2772);
#2770=LINE('',#205,#2773);
#2771=LINE('',#209,#2774);
#2772=VECTOR('',#2775,1.0);
#2773=VECTOR('',#2776,1.0);
#2774=VECTOR('',#2777,1.0);
#2775=DIRECTION('',(0,-0.30708611331989083,0.9516817319913644));
#2776=DIRECTION('',(0,0.15999974260332153,-0.98711705606117));
#2777=DIRECTION('',(0,0.848650769870789,0.5289535620427536));
#2778=STYLED_ITEM('',(#18),#2779);
#2779=FACE_SURFACE('',(#2784),#2780,.T.);
#2780=PLANE('',#2781);
#2781=AXIS2_PLACEMENT_3D('',#207,#2782,#2783);
#2782=DIRECTION('',(1,0,0));
#2783=DIRECTION('',(0,-0.848650769870789,-0.5289535620427536));
#2784=FACE_BOUND('',#2785,.T.);
#2785=EDGE_LOOP('',(#2786,#2787,#2788));
#2786=ORIENTED_EDGE('',*,*,#2789,.T.);
#2787=ORIENTED_EDGE('',*,*,#2790,.T.);
#2788=ORIENTED_EDGE('',*,*,#2791,.T.);
#2789=EDGE_CURVE('',#208,#210,#2792,.F.);
#2790=EDGE_CURVE('',#210,#212,#2793,.T.);
#2791=EDGE_CURVE('',#212,#208,#2794,.T.);
#2792=LINE('',#207,#2795);
#2793=LINE('',#209,#2796);
#2794=LINE('',#211,#2797);
#2795=VECTOR('',#2798,1.0);
#2796=VECTOR('',#2799,1.0);
#2797=VECTOR('',#2800,1.0);
#2798=DIRECTION('',(0,-0.848650769870789,-0.5289535620427536));
#2799=DIRECTION('',(0,1,0));
#2800=DIRECTION('',(0,0.3544993514160697,0.935056260256882));
#2801=STYLED_ITEM('',(#18),#2802);
#2802=FACE_SURFACE('',(#2807),#2803,.T.);
#2803=PLANE('',#2804);
#2804=AXIS2_PLACEMENT_3D('',#63,#2805,#2806);
#2805=DIRECTION('',(0.99942387316986,0,0.03393997257151977));
#2806=DIRECTION('',(-0.03307900160147778,0.22381111721850958,0.9740710258818152));
#2807=FACE_BOUND('',#2808,.T.);
#2808=EDGE_LOOP('',(#2809,#2810,#2811));
#2809=ORIENTED_EDGE('',*,*,#2812,.T.);
#2810=ORIENTED_EDGE('',*,*,#2813,.T.);
#2811=ORIENTED_EDGE('',*,*,#2814,.T.);
#2812=EDGE_CURVE('',#64,#200,#2815,.F.);
#2813=EDGE_CURVE('',#200,#74,#2816,.T.);
#2814=EDGE_CURVE('',#74,#64,#2817,.T.);
#2815=LINE('',#63,#2818);
#2816=LINE('',#199,#2819);
#2817=LINE('',#73,#2820);
#2818=VECTOR('',#2821,1.0);
#2819=VECTOR('',#2822,1.0);
#2820=VECTOR('',#2823,1.0);
#2821=DIRECTION('',(-0.03307900160147778,0.22381111721850958,0.9740710258818152));
#2822=DIRECTION('',(0,-1,0));
#2823=DIRECTION('',(0.03393997257151977,0,-0.9994238731698601));
#2824=STYLED_ITEM('',(#18),#2825);
#2825=FACE_SURFACE('',(#2830),#2826,.T.);
#2826=PLANE('',#2827);
#2827=AXIS2_PLACEMENT_3D('',#73,#2828,#2829);
#2828=DIRECTION('',(0.9994059993535876,-0,0.034462275839778955));
#2829=DIRECTION('',(0,1,0));
#2830=FACE_BOUND('',#2831,.T.);
#2831=EDGE_LOOP('',(#2832,#2833,#2834));
#2832=ORIENTED_EDGE('',*,*,#2835,.T.);
#2833=ORIENTED_EDGE('',*,*,#2836,.T.);
#2834=ORIENTED_EDGE('',*,*,#2837,.T.);
#2835=EDGE_CURVE('',#74,#200,#2838,.F.);
#2836=EDGE_CURVE('',#200,#214,#2839,.T.);
#2837=EDGE_CURVE('',#214,#74,#2840,.T.);
#2838=LINE('',#73,#2841);
#2839=LINE('',#199,#2842);
#2840=LINE('',#213,#2843);
#2841=VECTOR('',#2844,1.0);
#2842=VECTOR('',#2845,1.0);
#2843=VECTOR('',#2846,1.0);
#2844=DIRECTION('',(0,1,0));
#2845=DIRECTION('',(-0.034416322714285255,0.05162448407142789,0.9980733587142706));
#2846=DIRECTION('',(0.006131134094849531,-0.9840470222233488,-0.17780288875063605));
#2847=STYLED_ITEM('',(#18),#2848);
#2848=FACE_SURFACE('',(#2853),#2849,.T.);
#2849=PLANE('',#2850);
#2850=AXIS2_PLACEMENT_3D('',#73,#2851,#2852);
#2851=DIRECTION('',(0.9994917926998143,0.0004682400313812593,0.031873767850452546));
#2852=DIRECTION('',(-0.006131134094849531,0.9840470222233488,0.17780288875063605));
#2853=FACE_BOUND('',#2854,.T.);
#2854=EDGE_LOOP('',(#2855,#2856,#2857));
#2855=ORIENTED_EDGE('',*,*,#2858,.T.);
#2856=ORIENTED_EDGE('',*,*,#2859,.T.);
#2857=ORIENTED_EDGE('',*,*,#2860,.T.);
#2858=EDGE_CURVE('',#74,#214,#2861,.F.);
#2859=EDGE_CURVE('',#214,#216,#2862,.T.);
#2860=EDGE_CURVE('',#216,#74,#2863,.T.);
#2861=LINE('',#73,#2864);
#2862=LINE('',#213,#2865);
#2863=LINE('',#215,#2866);
#2864=VECTOR('',#2867,1.0);
#2865=VECTOR('',#2868,1.0);
#2866=VECTOR('',#2869,1.0);
#2867=DIRECTION('',(-0.006131134094849531,0.9840470222233488,0.17780288875063605));
#2868=DIRECTION('',(-0.003144203278357265,-0.9935682359608948,0.11319131802086153));
#2869=DIRECTION('',(0.03185366767432997,-0.053089446123883235,-0.9980815871290045));
#2870=STYLED_ITEM('',(#18),#2871);
#2871=FACE_SURFACE('',(#2876),#2872,.T.);
#2872=PLANE('',#2873);
#2873=AXIS2_PLACEMENT_3D('',#215,#2874,#2875);
#2874=DIRECTION('',(0.9995924451177859,8.893171219909136E-05,0.028547079615908296));
#2875=DIRECTION('',(0.003144203278357265,0.9935682359608948,-0.11319131802086153));
#2876=FACE_BOUND('',#2877,.T.);
#2877=EDGE_LOOP('',(#2878,#2879,#2880));
#2878=ORIENTED_EDGE('',*,*,#2881,.T.);
#2879=ORIENTED_EDGE('',*,*,#2882,.T.);
#2880=ORIENTED_EDGE('',*,*,#2883,.T.);
#2881=EDGE_CURVE('',#216,#214,#2884,.F.);
#2882=EDGE_CURVE('',#214,#218,#2885,.T.);
#2883=EDGE_CURVE('',#218,#216,#2886,.T.);
#2884=LINE('',#215,#2887);
#2885=LINE('',#213,#2888);
#2886=LINE('',#217,#2889);
#2887=VECTOR('',#2890,1.0);
#2888=VECTOR('',#2891,1.0);
#2889=VECTOR('',#2892,1.0);
#2890=DIRECTION('',(0.003144203278357265,0.9935682359608948,-0.11319131802086153));
#2891=DIRECTION('',(-0.028272964322665697,0.1413648216133285,0.9895537512932995));
#2892=DIRECTION('',(0,-0.9999951475979395,0.0031152496809904685));
#2893=STYLED_ITEM('',(#18),#2894);
#2894=FACE_SURFACE('',(#2899),#2895,.T.);
#2895=PLANE('',#2896);
#2896=AXIS2_PLACEMENT_3D('',#215,#2897,#2898);
#2897=DIRECTION('',(0.9993634850851574,0.00011113299806340398,0.03567369237835264));
#2898=DIRECTION('',(0,0.9999951475979395,-0.0031152496809904685));
#2899=FACE_BOUND('',#2900,.T.);
#2900=EDGE_LOOP('',(#2901,#2902,#2903));
#2901=ORIENTED_EDGE('',*,*,#2904,.T.);
#2902=ORIENTED_EDGE('',*,*,#2905,.T.);
#2903=ORIENTED_EDGE('',*,*,#2906,.T.);
#2904=EDGE_CURVE('',#216,#218,#2907,.F.);
#2905=EDGE_CURVE('',#218,#220,#2908,.T.);
#2906=EDGE_CURVE('',#220,#216,#2909,.T.);
#2907=LINE('',#215,#2910);
#2908=LINE('',#217,#2911);
#2909=LINE('',#219,#2912);
#2910=VECTOR('',#2913,1.0);
#2911=VECTOR('',#2914,1.0);
#2912=VECTOR('',#2915,1.0);
#2913=DIRECTION('',(0,0.9999951475979395,-0.0031152496809904685));
#2914=DIRECTION('',(-0.006305760634171152,-0.9836986589306989,0.1797141780738775));
#2915=DIRECTION('',(0.0352398972335616,-0.15857953755102708,-0.9867171225397229));
#2916=STYLED_ITEM('',(#18),#2917);
#2917=FACE_SURFACE('',(#2922),#2918,.T.);
#2918=PLANE('',#2919);
#2919=AXIS2_PLACEMENT_3D('',#219,#2920,#2921);
#2920=DIRECTION('',(0.9992088026181708,0.0008590593979768136,0.03976217784921248));
#2921=DIRECTION('',(0.006305760634171152,0.9836986589306989,-0.1797141780738775));
#2922=FACE_BOUND('',#2923,.T.);
#2923=EDGE_LOOP('',(#2924,#2925,#2926));
#2924=ORIENTED_EDGE('',*,*,#2927,.T.);
#2925=ORIENTED_EDGE('',*,*,#2928,.T.);
#2926=ORIENTED_EDGE('',*,*,#2929,.T.);
#2927=EDGE_CURVE('',#220,#218,#2930,.F.);
#2928=EDGE_CURVE('',#218,#222,#2931,.T.);
#2929=EDGE_CURVE('',#222,#220,#2932,.T.);
#2930=LINE('',#219,#2933);
#2931=LINE('',#217,#2934);
#2932=LINE('',#221,#2935);
#2933=VECTOR('',#2936,1.0);
#2934=VECTOR('',#2937,1.0);
#2935=VECTOR('',#2938,1.0);
#2936=DIRECTION('',(0.006305760634171152,0.9836986589306989,-0.1797141780738775));
#2937=DIRECTION('',(-0.03886610371682367,0.233196622300942,0.9716525929205895));
#2938=DIRECTION('',(0,-0.9997666949933849,0.02159989773133858));
#2939=STYLED_ITEM('',(#18),#2940);
#2940=FACE_SURFACE('',(#2945),#2941,.T.);
#2941=PLANE('',#2942);
#2942=AXIS2_PLACEMENT_3D('',#219,#2943,#2944);
#2943=DIRECTION('',(0.999321402643352,0.0007956078953448234,0.036825279727388936));
#2944=DIRECTION('',(0,0.9997666949933849,-0.02159989773133858));
#2945=FACE_BOUND('',#2946,.T.);
#2946=EDGE_LOOP('',(#2947,#2948,#2949));
#2947=ORIENTED_EDGE('',*,*,#2950,.T.);
#2948=ORIENTED_EDGE('',*,*,#2951,.T.);
#2949=ORIENTED_EDGE('',*,*,#2952,.T.);
#2950=EDGE_CURVE('',#220,#222,#2953,.F.);
#2951=EDGE_CURVE('',#222,#224,#2954,.T.);
#2952=EDGE_CURVE('',#224,#220,#2955,.T.);
#2953=LINE('',#219,#2956);
#2954=LINE('',#221,#2957);
#2955=LINE('',#223,#2958);
#2956=VECTOR('',#2959,1.0);
#2957=VECTOR('',#2960,1.0);
#2958=VECTOR('',#2961,1.0);
#2959=DIRECTION('',(0,0.9997666949933849,-0.02159989773133858));
#2960=DIRECTION('',(-0.009450143147127497,-0.9607645532912947,0.27720419898240656));
#2961=DIRECTION('',(0.03603489868106806,-0.22822102498009755,-0.9729422643888377));
#2962=STYLED_ITEM('',(#18),#2963);
#2963=FACE_SURFACE('',(#2968),#2964,.T.);
#2964=PLANE('',#2965);
#2965=AXIS2_PLACEMENT_3D('',#223,#2966,#2967);
#2966=DIRECTION('',(0.9991162011559221,0.0022824382292249705,0.04197150299297025));
#2967=DIRECTION('',(0.009450143147127497,0.9607645532912947,-0.27720419898240656));
#2968=FACE_BOUND('',#2969,.T.);
#2969=EDGE_LOOP('',(#2970,#2971,#2972));
#2970=ORIENTED_EDGE('',*,*,#2973,.T.);
#2971=ORIENTED_EDGE('',*,*,#2974,.T.);
#2972=ORIENTED_EDGE('',*,*,#2975,.T.);
#2973=EDGE_CURVE('',#224,#222,#2976,.F.);
#2974=EDGE_CURVE('',#222,#226,#2977,.T.);
#2975=EDGE_CURVE('',#226,#224,#2978,.T.);
#2976=LINE('',#223,#2979);
#2977=LINE('',#221,#2980);
#2978=LINE('',#225,#2981);
#2979=VECTOR('',#2982,1.0);
#2980=VECTOR('',#2983,1.0);
#2981=VECTOR('',#2984,1.0);
#2982=DIRECTION('',(0.009450143147127497,0.9607645532912947,-0.27720419898240656));
#2983=DIRECTION('',(-0.04014298526381389,0.34790587228638636,0.9366696561556576));
#2984=DIRECTION('',(0,-0.9985246431075322,0.054300433764155887));
#2985=STYLED_ITEM('',(#18),#2986);
#2986=FACE_SURFACE('',(#2991),#2987,.T.);
#2987=PLANE('',#2988);
#2988=AXIS2_PLACEMENT_3D('',#223,#2989,#2990);
#2989=DIRECTION('',(0.9994071480738356,0.0018695067462020344,0.034378151832937374));
#2990=DIRECTION('',(0,0.9985246431075322,-0.054300433764155887));
#2991=FACE_BOUND('',#2992,.T.);
#2992=EDGE_LOOP('',(#2993,#2994,#2995));
#2993=ORIENTED_EDGE('',*,*,#2996,.T.);
#2994=ORIENTED_EDGE('',*,*,#2997,.T.);
#2995=ORIENTED_EDGE('',*,*,#2998,.T.);
#2996=EDGE_CURVE('',#224,#226,#2999,.F.);
#2997=EDGE_CURVE('',#226,#228,#3000,.T.);
#2998=EDGE_CURVE('',#228,#224,#3001,.T.);
#2999=LINE('',#223,#3002);
#3000=LINE('',#225,#3003);
#3001=LINE('',#227,#3004);
#3002=VECTOR('',#3005,1.0);
#3003=VECTOR('',#3006,1.0);
#3004=VECTOR('',#3007,1.0);
#3005=DIRECTION('',(0,0.9985246431075322,-0.054300433764155887));
#3006=DIRECTION('',(-0.012588766249599195,-0.909538361533541,0.4154292862367731));
#3007=DIRECTION('',(0.03290648922365514,-0.3455181368483786,-0.9378349428741705));
#3008=STYLED_ITEM('',(#18),#3009);
#3009=FACE_SURFACE('',(#3014),#3010,.T.);
#3010=PLANE('',#3011);
#3011=AXIS2_PLACEMENT_3D('',#227,#3012,#3013);
#3012=DIRECTION('',(0.9994933633384016,0.0006999865978033148,0.031820224091808846));
#3013=DIRECTION('',(0.012588766249599195,0.909538361533541,-0.4154292862367731));
#3014=FACE_BOUND('',#3015,.T.);
#3015=EDGE_LOOP('',(#3016,#3017,#3018));
#3016=ORIENTED_EDGE('',*,*,#3019,.T.);
#3017=ORIENTED_EDGE('',*,*,#3020,.T.);
#3018=ORIENTED_EDGE('',*,*,#3021,.T.);
#3019=EDGE_CURVE('',#228,#226,#3022,.F.);
#3020=EDGE_CURVE('',#226,#230,#3023,.T.);
#3021=EDGE_CURVE('',#230,#228,#3024,.T.);
#3022=LINE('',#227,#3025);
#3023=LINE('',#225,#3026);
#3024=LINE('',#229,#3027);
#3025=VECTOR('',#3028,1.0);
#3026=VECTOR('',#3029,1.0);
#3027=VECTOR('',#3030,1.0);
#3028=DIRECTION('',(0.012588766249599195,0.909538361533541,-0.4154292862367731));
#3029=DIRECTION('',(-0.027624262547542796,0.5156529008874651,0.8563521389738257));
#3030=DIRECTION('',(-0.002880194366682486,-0.9936670565054567,0.11232758030061696));
#3031=STYLED_ITEM('',(#18),#3032);
#3032=FACE_SURFACE('',(#3037),#3033,.T.);
#3033=PLANE('',#3034);
#3034=AXIS2_PLACEMENT_3D('',#227,#3035,#3036);
#3035=DIRECTION('',(0.9994741074673456,0.0007676041118986961,0.03241788528390758));
#3036=DIRECTION('',(0.002880194366682486,0.9936670565054567,-0.11232758030061696));
#3037=FACE_BOUND('',#3038,.T.);
#3038=EDGE_LOOP('',(#3039,#3040,#3041));
#3039=ORIENTED_EDGE('',*,*,#3042,.T.);
#3040=ORIENTED_EDGE('',*,*,#3043,.T.);
#3041=ORIENTED_EDGE('',*,*,#3044,.T.);
#3042=EDGE_CURVE('',#228,#230,#3045,.F.);
#3043=EDGE_CURVE('',#230,#232,#3046,.T.);
#3044=EDGE_CURVE('',#232,#228,#3047,.T.);
#3045=LINE('',#227,#3048);
#3046=LINE('',#229,#3049);
#3047=LINE('',#231,#3050);
#3048=VECTOR('',#3051,1.0);
#3049=VECTOR('',#3052,1.0);
#3050=VECTOR('',#3053,1.0);
#3051=DIRECTION('',(0.002880194366682486,0.9936670565054567,-0.11232758030061696));
#3052=DIRECTION('',(-0.018876419746135,-0.7991017692530475,0.6008993619186302));
#3053=DIRECTION('',(0.028212140377730552,-0.5134609548746957,-0.8576490674830078));
#3054=STYLED_ITEM('',(#18),#3055);
#3055=FACE_SURFACE('',(#3060),#3056,.T.);
#3056=PLANE('',#3057);
#3057=AXIS2_PLACEMENT_3D('',#231,#3058,#3059);
#3058=DIRECTION('',(0.9995189374398931,-0.00028984165215017847,0.0310130567800692));
#3059=DIRECTION('',(0.018876419746135,0.7991017692530475,-0.6008993619186302));
#3060=FACE_BOUND('',#3061,.T.);
#3061=EDGE_LOOP('',(#3062,#3063,#3064));
#3062=ORIENTED_EDGE('',*,*,#3065,.T.);
#3063=ORIENTED_EDGE('',*,*,#3066,.T.);
#3064=ORIENTED_EDGE('',*,*,#3067,.T.);
#3065=EDGE_CURVE('',#232,#230,#3068,.F.);
#3066=EDGE_CURVE('',#230,#234,#3069,.T.);
#3067=EDGE_CURVE('',#234,#232,#3070,.T.);
#3068=LINE('',#231,#3071);
#3069=LINE('',#229,#3072);
#3070=LINE('',#233,#3073);
#3071=VECTOR('',#3074,1.0);
#3072=VECTOR('',#3075,1.0);
#3073=VECTOR('',#3076,1.0);
#3074=DIRECTION('',(0.018876419746135,0.7991017692530475,-0.6008993619186302));
#3075=DIRECTION('',(-0.02295214588926061,0.665612230788557,0.7459447414009692));
#3076=DIRECTION('',(-0.011886875976517941,-0.9271763261683984,0.3744365932603148));
#3077=STYLED_ITEM('',(#18),#3078);
#3078=FACE_SURFACE('',(#3083),#3079,.T.);
#3079=PLANE('',#3080);
#3080=AXIS2_PLACEMENT_3D('',#231,#3081,#3082);
#3081=DIRECTION('',(0.9993458691553601,0.0017749582507976733,0.03612040040373268));
#3082=DIRECTION('',(0.011886875976517941,0.9271763261683984,-0.3744365932603148));
#3083=FACE_BOUND('',#3084,.T.);
#3084=EDGE_LOOP('',(#3085,#3086,#3087));
#3085=ORIENTED_EDGE('',*,*,#3088,.T.);
#3086=ORIENTED_EDGE('',*,*,#3089,.T.);
#3087=ORIENTED_EDGE('',*,*,#3090,.T.);
#3088=EDGE_CURVE('',#232,#234,#3091,.F.);
#3089=EDGE_CURVE('',#234,#236,#3092,.T.);
#3090=EDGE_CURVE('',#236,#232,#3093,.T.);
#3091=LINE('',#231,#3094);
#3092=LINE('',#233,#3095);
#3093=LINE('',#235,#3096);
#3094=VECTOR('',#3097,1.0);
#3095=VECTOR('',#3098,1.0);
#3096=VECTOR('',#3099,1.0);
#3097=DIRECTION('',(0.011886875976517941,0.9271763261683984,-0.3744365932603148));
#3098=DIRECTION('',(-0.025175537705933757,-0.6828864602734525,0.7300905934720784));
#3099=DIRECTION('',(0.02809041405250677,-0.6671473337470352,-0.7443959723914289));
#3100=STYLED_ITEM('',(#18),#3101);
#3101=FACE_SURFACE('',(#3106),#3102,.T.);
#3102=PLANE('',#3103);
#3103=AXIS2_PLACEMENT_3D('',#235,#3104,#3105);
#3104=DIRECTION('',(0.9992900695587935,0.0032849772174845158,0.03753086470976075));
#3105=DIRECTION('',(0.025175537705933757,0.6828864602734525,-0.7300905934720784));
#3106=FACE_BOUND('',#3107,.T.);
#3107=EDGE_LOOP('',(#3108,#3109,#3110));
#3108=ORIENTED_EDGE('',*,*,#3111,.T.);
#3109=ORIENTED_EDGE('',*,*,#3112,.T.);
#3110=ORIENTED_EDGE('',*,*,#3113,.T.);
#3111=EDGE_CURVE('',#236,#234,#3114,.F.);
#3112=EDGE_CURVE('',#234,#238,#3115,.T.);
#3113=EDGE_CURVE('',#238,#236,#3116,.T.);
#3114=LINE('',#235,#3117);
#3115=LINE('',#233,#3118);
#3116=LINE('',#237,#3119);
#3117=VECTOR('',#3120,1.0);
#3118=VECTOR('',#3121,1.0);
#3119=VECTOR('',#3122,1.0);
#3120=DIRECTION('',(0.025175537705933757,0.6828864602734525,-0.7300905934720784));
#3121=DIRECTION('',(-0.02602014739414439,0.7806044218243318,0.6244835374594654));
#3122=DIRECTION('',(-0.018039830818850168,-0.8328388561369154,0.5532214784447379));
#3123=STYLED_ITEM('',(#18),#3124);
#3124=FACE_SURFACE('',(#3129),#3125,.T.);
#3125=PLANE('',#3126);
#3126=AXIS2_PLACEMENT_3D('',#235,#3127,#3128);
#3127=DIRECTION('',(0.9993570379259247,0.0021276927861757387,0.03579083222459909));
#3128=DIRECTION('',(0.018039830818850168,0.8328388561369154,-0.5532214784447379));
#3129=FACE_BOUND('',#3130,.T.);
#3130=EDGE_LOOP('',(#3131,#3132,#3133));
#3131=ORIENTED_EDGE('',*,*,#3134,.T.);
#3132=ORIENTED_EDGE('',*,*,#3135,.T.);
#3133=ORIENTED_EDGE('',*,*,#3136,.T.);
#3134=EDGE_CURVE('',#236,#238,#3137,.F.);
#3135=EDGE_CURVE('',#238,#240,#3138,.T.);
#3136=EDGE_CURVE('',#240,#236,#3139,.T.);
#3137=LINE('',#235,#3140);
#3138=LINE('',#237,#3141);
#3139=LINE('',#239,#3142);
#3140=VECTOR('',#3143,1.0);
#3141=VECTOR('',#3144,1.0);
#3142=VECTOR('',#3145,1.0);
#3143=DIRECTION('',(0.018039830818850168,0.8328388561369154,-0.5532214784447379));
#3144=DIRECTION('',(-0.02830174685694353,-0.5660349371388702,0.8238952973910221));
#3145=DIRECTION('',(0.02409502539944978,-0.7790724879155421,-0.6264706603856939));
#3146=STYLED_ITEM('',(#18),#3147);
#3147=FACE_SURFACE('',(#3152),#3148,.T.);
#3148=PLANE('',#3149);
#3149=AXIS2_PLACEMENT_3D('',#239,#3150,#3151);
#3150=DIRECTION('',(0.9994705895275964,-0.0027913142590410356,0.0324152623630572));
#3151=DIRECTION('',(0.02830174685694353,0.5660349371388702,-0.8238952973910221));
#3152=FACE_BOUND('',#3153,.T.);
#3153=EDGE_LOOP('',(#3154,#3155,#3156));
#3154=ORIENTED_EDGE('',*,*,#3157,.T.);
#3155=ORIENTED_EDGE('',*,*,#3158,.T.);
#3156=ORIENTED_EDGE('',*,*,#3159,.T.);
#3157=EDGE_CURVE('',#240,#238,#3160,.F.);
#3158=EDGE_CURVE('',#238,#242,#3161,.T.);
#3159=EDGE_CURVE('',#242,#240,#3162,.T.);
#3160=LINE('',#239,#3163);
#3161=LINE('',#237,#3164);
#3162=LINE('',#241,#3165);
#3163=VECTOR('',#3166,1.0);
#3164=VECTOR('',#3167,1.0);
#3165=VECTOR('',#3168,1.0);
#3166=DIRECTION('',(0.02830174685694353,0.5660349371388702,-0.8238952973910221));
#3167=DIRECTION('',(-0.01429008947267383,0.8574053683604282,0.5144432210162571));
#3168=DIRECTION('',(-0.024260252834091212,-0.7278075850227357,0.6853521425630762));
#3169=STYLED_ITEM('',(#18),#3170);
#3170=FACE_SURFACE('',(#3175),#3171,.T.);
#3171=PLANE('',#3172);
#3172=AXIS2_PLACEMENT_3D('',#239,#3173,#3174);
#3173=DIRECTION('',(0.999386436766514,-0.0003325007552733207,0.035023412888789913));
#3174=DIRECTION('',(0.024260252834091212,0.7278075850227357,-0.6853521425630762));
#3175=FACE_BOUND('',#3176,.T.);
#3176=EDGE_LOOP('',(#3177,#3178,#3179));
#3177=ORIENTED_EDGE('',*,*,#3180,.T.);
#3178=ORIENTED_EDGE('',*,*,#3181,.T.);
#3179=ORIENTED_EDGE('',*,*,#3182,.T.);
#3180=EDGE_CURVE('',#240,#242,#3183,.F.);
#3181=EDGE_CURVE('',#242,#244,#3184,.T.);
#3182=EDGE_CURVE('',#244,#240,#3185,.T.);
#3183=LINE('',#239,#3186);
#3184=LINE('',#241,#3187);
#3185=LINE('',#243,#3188);
#3186=VECTOR('',#3189,1.0);
#3187=VECTOR('',#3190,1.0);
#3188=VECTOR('',#3191,1.0);
#3189=DIRECTION('',(0.024260252834091212,0.7278075850227357,-0.6853521425630762));
#3190=DIRECTION('',(-0.03147830790259578,-0.44699197221685955,0.8939839444337194));
#3191=DIRECTION('',(0.01756008143682252,-0.860443990404303,-0.5092423616678526));
#3192=STYLED_ITEM('',(#18),#3193);
#3193=FACE_SURFACE('',(#3198),#3194,.T.);
#3194=PLANE('',#3195);
#3195=AXIS2_PLACEMENT_3D('',#243,#3196,#3197);
#3196=DIRECTION('',(0.9993600672849473,0.001126039512433729,0.035751754519771375));
#3197=DIRECTION('',(0.03147830790259578,0.44699197221685955,-0.8939839444337194));
#3198=FACE_BOUND('',#3199,.T.);
#3199=EDGE_LOOP('',(#3200,#3201,#3202));
#3200=ORIENTED_EDGE('',*,*,#3203,.T.);
#3201=ORIENTED_EDGE('',*,*,#3204,.T.);
#3202=ORIENTED_EDGE('',*,*,#3205,.T.);
#3203=EDGE_CURVE('',#244,#242,#3206,.F.);
#3204=EDGE_CURVE('',#242,#246,#3207,.T.);
#3205=EDGE_CURVE('',#246,#244,#3208,.T.);
#3206=LINE('',#243,#3209);
#3207=LINE('',#241,#3210);
#3208=LINE('',#245,#3211);
#3209=VECTOR('',#3212,1.0);
#3210=VECTOR('',#3213,1.0);
#3211=VECTOR('',#3214,1.0);
#3212=DIRECTION('',(0.03147830790259578,0.44699197221685955,-0.8939839444337194));
#3213=DIRECTION('',(-0.014872457840313416,0.9220923860994318,0.3866839038481488));
#3214=DIRECTION('',(-0.027353096162013382,-0.6200035130056362,0.7841220899777163));
#3215=STYLED_ITEM('',(#18),#3216);
#3216=FACE_SURFACE('',(#3221),#3217,.T.);
#3217=PLANE('',#3218);
#3218=AXIS2_PLACEMENT_3D('',#243,#3219,#3220);
#3219=DIRECTION('',(0.9994783722081612,-0.0034897987856430212,0.03210614882791582));
#3220=DIRECTION('',(0.027353096162013382,0.6200035130056362,-0.7841220899777163));
#3221=FACE_BOUND('',#3222,.T.);
#3222=EDGE_LOOP('',(#3223,#3224,#3225));
#3223=ORIENTED_EDGE('',*,*,#3226,.T.);
#3224=ORIENTED_EDGE('',*,*,#3227,.T.);
#3225=ORIENTED_EDGE('',*,*,#3228,.T.);
#3226=EDGE_CURVE('',#244,#246,#3229,.F.);
#3227=EDGE_CURVE('',#246,#248,#3230,.T.);
#3228=EDGE_CURVE('',#248,#244,#3231,.T.);
#3229=LINE('',#243,#3232);
#3230=LINE('',#245,#3233);
#3231=LINE('',#247,#3234);
#3232=VECTOR('',#3235,1.0);
#3233=VECTOR('',#3236,1.0);
#3234=VECTOR('',#3237,1.0);
#3235=DIRECTION('',(0.027353096162013382,0.6200035130056362,-0.7841220899777163));
#3236=DIRECTION('',(-0.03147893174809071,-0.327380890180143,0.9443679524427203));
#3237=DIRECTION('',(0.009219429215147963,-0.9219429215147957,-0.38721602703621405));
#3238=STYLED_ITEM('',(#18),#3239);
#3239=FACE_SURFACE('',(#3244),#3240,.T.);
#3240=PLANE('',#3241);
#3241=AXIS2_PLACEMENT_3D('',#247,#3242,#3243);
#3242=DIRECTION('',(0.9994328759134576,0.00099436163159235,0.03365914122940062));
#3243=DIRECTION('',(0.03147893174809071,0.327380890180143,-0.9443679524427203));
#3244=FACE_BOUND('',#3245,.T.);
#3245=EDGE_LOOP('',(#3246,#3247,#3248));
#3246=ORIENTED_EDGE('',*,*,#3249,.T.);
#3247=ORIENTED_EDGE('',*,*,#3250,.T.);
#3248=ORIENTED_EDGE('',*,*,#3251,.T.);
#3249=EDGE_CURVE('',#248,#246,#3252,.F.);
#3250=EDGE_CURVE('',#246,#250,#3253,.T.);
#3251=EDGE_CURVE('',#250,#248,#3254,.T.);
#3252=LINE('',#247,#3255);
#3253=LINE('',#245,#3256);
#3254=LINE('',#249,#3257);
#3255=VECTOR('',#3258,1.0);
#3256=VECTOR('',#3259,1.0);
#3257=VECTOR('',#3260,1.0);
#3258=DIRECTION('',(0.03147893174809071,0.327380890180143,-0.9443679524427203));
#3259=DIRECTION('',(-0.007832124016211988,0.9790155020264977,0.20363522442151125));
#3260=DIRECTION('',(-0.025195360449590094,-0.6410819492173473,0.7670587514652978));
#3261=STYLED_ITEM('',(#18),#3262);
#3262=FACE_SURFACE('',(#3267),#3263,.T.);
#3263=PLANE('',#3264);
#3264=AXIS2_PLACEMENT_3D('',#247,#3265,#3266);
#3265=DIRECTION('',(0.9993838163206465,0.002604157706537556,0.0350029432908136));
#3266=DIRECTION('',(0.025195360449590094,0.6410819492173473,-0.7670587514652978));
#3267=FACE_BOUND('',#3268,.T.);
#3268=EDGE_LOOP('',(#3269,#3270,#3271));
#3269=ORIENTED_EDGE('',*,*,#3272,.T.);
#3270=ORIENTED_EDGE('',*,*,#3273,.T.);
#3271=ORIENTED_EDGE('',*,*,#3274,.T.);
#3272=EDGE_CURVE('',#248,#250,#3275,.F.);
#3273=EDGE_CURVE('',#250,#252,#3276,.T.);
#3274=EDGE_CURVE('',#252,#248,#3277,.T.);
#3275=LINE('',#247,#3278);
#3276=LINE('',#249,#3279);
#3277=LINE('',#251,#3280);
#3278=VECTOR('',#3281,1.0);
#3279=VECTOR('',#3282,1.0);
#3280=VECTOR('',#3283,1.0);
#3281=DIRECTION('',(0.025195360449590094,0.6410819492173473,-0.7670587514652978));
#3282=DIRECTION('',(-0.034672034274848426,-0.0819520810132781,0.9960329846229174));
#3283=DIRECTION('',(0.009647436916995537,-0.9792148470750459,-0.20259617525690607));
#3284=STYLED_ITEM('',(#18),#3285);
#3285=FACE_SURFACE('',(#3290),#3286,.T.);
#3286=PLANE('',#3287);
#3287=AXIS2_PLACEMENT_3D('',#251,#3288,#3289);
#3288=DIRECTION('',(0.9993986263239895,-0.0033273420772700294,0.03451542403656606));
#3289=DIRECTION('',(0.034672034274848426,0.0819520810132781,-0.9960329846229174));
#3290=FACE_BOUND('',#3291,.T.);
#3291=EDGE_LOOP('',(#3292,#3293,#3294));
#3292=ORIENTED_EDGE('',*,*,#3295,.T.);
#3293=ORIENTED_EDGE('',*,*,#3296,.T.);
#3294=ORIENTED_EDGE('',*,*,#3297,.T.);
#3295=EDGE_CURVE('',#252,#250,#3298,.F.);
#3296=EDGE_CURVE('',#250,#254,#3299,.T.);
#3297=EDGE_CURVE('',#254,#252,#3300,.T.);
#3298=LINE('',#251,#3301);
#3299=LINE('',#249,#3302);
#3300=LINE('',#253,#3303);
#3301=VECTOR('',#3304,1.0);
#3302=VECTOR('',#3305,1.0);
#3303=VECTOR('',#3306,1.0);
#3304=DIRECTION('',(0.034672034274848426,0.0819520810132781,-0.9960329846229174));
#3305=DIRECTION('',(-0.028048532290260674,0.5076784344537175,0.8610899413110019));
#3306=DIRECTION('',(-0.004826302041952387,-0.9990445226841431,0.04343671837757145));
#3307=STYLED_ITEM('',(#18),#3308);
#3308=FACE_SURFACE('',(#3313),#3309,.T.);
#3309=PLANE('',#3310);
#3310=AXIS2_PLACEMENT_3D('',#63,#3311,#3312);
#3311=DIRECTION('',(0.99942387316986,-0,0.03393997257151977));
#3312=DIRECTION('',(0,1,0));
#3313=FACE_BOUND('',#3314,.T.);
#3314=EDGE_LOOP('',(#3315,#3316,#3317));
#3315=ORIENTED_EDGE('',*,*,#3318,.T.);
#3316=ORIENTED_EDGE('',*,*,#3319,.T.);
#3317=ORIENTED_EDGE('',*,*,#3320,.T.);
#3318=EDGE_CURVE('',#64,#186,#3321,.F.);
#3319=EDGE_CURVE('',#186,#200,#3322,.T.);
#3320=EDGE_CURVE('',#200,#64,#3323,.T.);
#3321=LINE('',#63,#3324);
#3322=LINE('',#185,#3325);
#3323=LINE('',#199,#3326);
#3324=VECTOR('',#3327,1.0);
#3325=VECTOR('',#3328,1.0);
#3326=VECTOR('',#3329,1.0);
#3327=DIRECTION('',(0,1,0));
#3328=DIRECTION('',(-0.03393997257151977,0,0.9994238731698601));
#3329=DIRECTION('',(0.03307900160147778,-0.22381111721850958,-0.9740710258818152));
#3330=STYLED_ITEM('',(#18),#3331);
#3331=FACE_SURFACE('',(#3336),#3332,.T.);
#3332=PLANE('',#3333);
#3333=AXIS2_PLACEMENT_3D('',#249,#3334,#3335);
#3334=DIRECTION('',(0.9993262101157797,-0.0061592906774447335,0.03618271568004984));
#3335=DIRECTION('',(0.007864999743011145,0.9988549673624145,-0.047189998458066866));
#3336=FACE_BOUND('',#3337,.T.);
#3337=EDGE_LOOP('',(#3338,#3339,#3340));
#3338=ORIENTED_EDGE('',*,*,#3341,.T.);
#3339=ORIENTED_EDGE('',*,*,#3342,.T.);
#3340=ORIENTED_EDGE('',*,*,#3343,.T.);
#3341=EDGE_CURVE('',#250,#256,#3344,.F.);
#3342=EDGE_CURVE('',#256,#254,#3345,.T.);
#3343=EDGE_CURVE('',#254,#250,#3346,.T.);
#3344=LINE('',#249,#3347);
#3345=LINE('',#255,#3348);
#3346=LINE('',#253,#3349);
#3347=VECTOR('',#3350,1.0);
#3348=VECTOR('',#3351,1.0);
#3349=VECTOR('',#3352,1.0);
#3350=DIRECTION('',(0.007864999743011145,0.9988549673624145,-0.047189998458066866));
#3351=DIRECTION('',(-0.034611394608057226,0.16991048262137148,0.984851501120173));
#3352=DIRECTION('',(0.028048532290260674,-0.5076784344537175,-0.8610899413110019));
#3353=STYLED_ITEM('',(#18),#3354);
#3354=FACE_SURFACE('',(#3359),#3355,.T.);
#3355=PLANE('',#3356);
#3356=AXIS2_PLACEMENT_3D('',#253,#3357,#3358);
#3357=DIRECTION('',(0.999377990864875,-0.0007802673573926224,0.035256525037740696));
#3358=DIRECTION('',(0.034611394608057226,-0.16991048262137148,-0.984851501120173));
#3359=FACE_BOUND('',#3360,.T.);
#3360=EDGE_LOOP('',(#3361,#3362,#3363));
#3361=ORIENTED_EDGE('',*,*,#3364,.T.);
#3362=ORIENTED_EDGE('',*,*,#3365,.T.);
#3363=ORIENTED_EDGE('',*,*,#3366,.T.);
#3364=EDGE_CURVE('',#254,#256,#3367,.F.);
#3365=EDGE_CURVE('',#256,#258,#3368,.T.);
#3366=EDGE_CURVE('',#258,#254,#3369,.T.);
#3367=LINE('',#253,#3370);
#3368=LINE('',#255,#3371);
#3369=LINE('',#257,#3372);
#3370=VECTOR('',#3373,1.0);
#3371=VECTOR('',#3374,1.0);
#3372=VECTOR('',#3375,1.0);
#3373=DIRECTION('',(0.034611394608057226,-0.16991048262137148,-0.984851501120173));
#3374=DIRECTION('',(-0.030419315242821283,0.4867090438851402,0.8730343474689701));
#3375=DIRECTION('',(-0.00916198189240515,-0.9711700805949459,0.23821152920253366));
#3376=STYLED_ITEM('',(#18),#3377);
#3377=FACE_SURFACE('',(#3382),#3378,.T.);
#3378=PLANE('',#3379);
#3379=AXIS2_PLACEMENT_3D('',#255,#3380,#3381);
#3380=DIRECTION('',(0.9995025668396197,0.007538082050169197,0.03062345832881231));
#3381=DIRECTION('',(0,0.9710148789347658,-0.2390190471224043));
#3382=FACE_BOUND('',#3383,.T.);
#3383=EDGE_LOOP('',(#3384,#3385,#3386));
#3384=ORIENTED_EDGE('',*,*,#3387,.T.);
#3385=ORIENTED_EDGE('',*,*,#3388,.T.);
#3386=ORIENTED_EDGE('',*,*,#3389,.T.);
#3387=EDGE_CURVE('',#256,#260,#3390,.F.);
#3388=EDGE_CURVE('',#260,#258,#3391,.T.);
#3389=EDGE_CURVE('',#258,#256,#3392,.T.);
#3390=LINE('',#255,#3393);
#3391=LINE('',#259,#3394);
#3392=LINE('',#257,#3395);
#3393=VECTOR('',#3396,1.0);
#3394=VECTOR('',#3397,1.0);
#3395=VECTOR('',#3398,1.0);
#3396=DIRECTION('',(0,0.9710148789347658,-0.2390190471224043));
#3397=DIRECTION('',(-0.0314761247354106,0.29902318498640074,0.9537265794829405));
#3398=DIRECTION('',(0.030419315242821283,-0.4867090438851402,-0.8730343474689701));
#3399=STYLED_ITEM('',(#18),#3400);
#3400=FACE_SURFACE('',(#3405),#3401,.T.);
#3401=PLANE('',#3402);
#3402=AXIS2_PLACEMENT_3D('',#257,#3403,#3404);
#3403=DIRECTION('',(0.9994816907473602,0.0029696093330177347,0.03205512878164002));
#3404=DIRECTION('',(0.0314761247354106,-0.29902318498640074,-0.9537265794829405));
#3405=FACE_BOUND('',#3406,.T.);
#3406=EDGE_LOOP('',(#3407,#3408,#3409));
#3407=ORIENTED_EDGE('',*,*,#3410,.T.);
#3408=ORIENTED_EDGE('',*,*,#3411,.T.);
#3409=ORIENTED_EDGE('',*,*,#3412,.T.);
#3410=EDGE_CURVE('',#258,#260,#3413,.F.);
#3411=EDGE_CURVE('',#260,#262,#3414,.T.);
#3412=EDGE_CURVE('',#262,#258,#3415,.T.);
#3413=LINE('',#257,#3416);
#3414=LINE('',#259,#3417);
#3415=LINE('',#261,#3418);
#3416=VECTOR('',#3419,1.0);
#3417=VECTOR('',#3420,1.0);
#3418=VECTOR('',#3421,1.0);
#3419=DIRECTION('',(0.0314761247354106,-0.29902318498640074,-0.9537265794829405));
#3420=DIRECTION('',(-0.027244471719990452,0.6084598684131194,0.7931168434041658));
#3421=DIRECTION('',(-0.008798372803435518,-0.9326275171641629,0.36073328494085594));
#3422=STYLED_ITEM('',(#18),#3423);
#3423=FACE_SURFACE('',(#3428),#3424,.T.);
#3424=PLANE('',#3425);
#3425=AXIS2_PLACEMENT_3D('',#259,#3426,#3427);
#3426=DIRECTION('',(0.9993641599020734,-0.0016765574208287024,0.03561551710192838));
#3427=DIRECTION('',(0.014357683075131604,0.9332493998835542,-0.3589420768782893));
#3428=FACE_BOUND('',#3429,.T.);
#3429=EDGE_LOOP('',(#3430,#3431,#3432));
#3430=ORIENTED_EDGE('',*,*,#3433,.T.);
#3431=ORIENTED_EDGE('',*,*,#3434,.T.);
#3432=ORIENTED_EDGE('',*,*,#3435,.T.);
#3433=EDGE_CURVE('',#260,#264,#3436,.F.);
#3434=EDGE_CURVE('',#264,#262,#3437,.T.);
#3435=EDGE_CURVE('',#262,#260,#3438,.T.);
#3436=LINE('',#259,#3439);
#3437=LINE('',#263,#3440);
#3438=LINE('',#261,#3441);
#3439=VECTOR('',#3442,1.0);
#3440=VECTOR('',#3443,1.0);
#3441=VECTOR('',#3444,1.0);
#3442=DIRECTION('',(0.014357683075131604,0.9332493998835542,-0.3589420768782893));
#3443=DIRECTION('',(-0.03147129219553582,0.4280095738592865,0.9032260860118773));
#3444=DIRECTION('',(0.027244471719990452,-0.6084598684131194,-0.7931168434041658));
#3445=STYLED_ITEM('',(#18),#3446);
#3446=FACE_SURFACE('',(#3451),#3447,.T.);
#3447=PLANE('',#3448);
#3448=AXIS2_PLACEMENT_3D('',#261,#3449,#3450);
#3449=DIRECTION('',(0.9994119244597194,0.001165997477050497,0.03427018671678863));
#3450=DIRECTION('',(0.03147129219553582,-0.4280095738592865,-0.9032260860118773));
#3451=FACE_BOUND('',#3452,.T.);
#3452=EDGE_LOOP('',(#3453,#3454,#3455));
#3453=ORIENTED_EDGE('',*,*,#3456,.T.);
#3454=ORIENTED_EDGE('',*,*,#3457,.T.);
#3455=ORIENTED_EDGE('',*,*,#3458,.T.);
#3456=EDGE_CURVE('',#262,#264,#3459,.F.);
#3457=EDGE_CURVE('',#264,#266,#3460,.T.);
#3458=EDGE_CURVE('',#266,#262,#3461,.T.);
#3459=LINE('',#261,#3462);
#3460=LINE('',#263,#3463);
#3461=LINE('',#265,#3464);
#3462=VECTOR('',#3465,1.0);
#3463=VECTOR('',#3466,1.0);
#3464=VECTOR('',#3467,1.0);
#3465=DIRECTION('',(0.03147129219553582,-0.4280095738592865,-0.9032260860118773));
#3466=DIRECTION('',(-0.02409627623647491,0.7349364252124841,0.6777077691508563));
#3467=DIRECTION('',(-0.016058171714224103,-0.8671412725681016,0.49780332314094666));
#3468=STYLED_ITEM('',(#18),#3469);
#3469=FACE_SURFACE('',(#3474),#3470,.T.);
#3470=PLANE('',#3471);
#3471=AXIS2_PLACEMENT_3D('',#263,#3472,#3473);
#3472=DIRECTION('',(0.9994819602979622,0.003243072036125164,0.03202020491364073));
#3473=DIRECTION('',(0.012981540392700225,0.8697632063109135,-0.4932985349226085));
#3474=FACE_BOUND('',#3475,.T.);
#3475=EDGE_LOOP('',(#3476,#3477,#3478));
#3476=ORIENTED_EDGE('',*,*,#3479,.T.);
#3477=ORIENTED_EDGE('',*,*,#3480,.T.);
#3478=ORIENTED_EDGE('',*,*,#3481,.T.);
#3479=EDGE_CURVE('',#264,#268,#3482,.F.);
#3480=EDGE_CURVE('',#268,#266,#3483,.T.);
#3481=EDGE_CURVE('',#266,#264,#3484,.T.);
#3482=LINE('',#263,#3485);
#3483=LINE('',#267,#3486);
#3484=LINE('',#265,#3487);
#3485=VECTOR('',#3488,1.0);
#3486=VECTOR('',#3489,1.0);
#3487=VECTOR('',#3490,1.0);
#3488=DIRECTION('',(0.012981540392700225,0.8697632063109135,-0.4932985349226085));
#3489=DIRECTION('',(-0.028378461871662725,0.5581097501426999,0.8292817191385878));
#3490=DIRECTION('',(0.02409627623647491,-0.7349364252124841,-0.6777077691508563));
#3491=STYLED_ITEM('',(#18),#3492);
#3492=FACE_SURFACE('',(#3497),#3493,.T.);
#3493=PLANE('',#3494);
#3494=AXIS2_PLACEMENT_3D('',#265,#3495,#3496);
#3495=DIRECTION('',(0.9994165286696175,6.697155589825624E-05,0.03415549350810865));
#3496=DIRECTION('',(0.028378461871662725,-0.5581097501426999,-0.8292817191385878));
#3497=FACE_BOUND('',#3498,.T.);
#3498=EDGE_LOOP('',(#3499,#3500,#3501));
#3499=ORIENTED_EDGE('',*,*,#3502,.T.);
#3500=ORIENTED_EDGE('',*,*,#3503,.T.);
#3501=ORIENTED_EDGE('',*,*,#3504,.T.);
#3502=EDGE_CURVE('',#266,#268,#3505,.F.);
#3503=EDGE_CURVE('',#268,#270,#3506,.T.);
#3504=EDGE_CURVE('',#270,#266,#3507,.T.);
#3505=LINE('',#265,#3508);
#3506=LINE('',#267,#3509);
#3507=LINE('',#269,#3510);
#3508=VECTOR('',#3511,1.0);
#3509=VECTOR('',#3512,1.0);
#3510=VECTOR('',#3513,1.0);
#3511=DIRECTION('',(0.028378461871662725,-0.5581097501426999,-0.8292817191385878));
#3512=DIRECTION('',(-0.017801333122528205,0.8544639898813532,0.5192055494070723));
#3513=DIRECTION('',(-0.0211740675778221,-0.7834405003794169,0.6211059822827812));
#3514=STYLED_ITEM('',(#18),#3515);
#3515=FACE_SURFACE('',(#3520),#3516,.T.);
#3516=PLANE('',#3517);
#3517=AXIS2_PLACEMENT_3D('',#267,#3518,#3519);
#3518=DIRECTION('',(0.9993711937021211,-0.0007205271764254674,0.03544993708013296));
#3519=DIRECTION('',(0.02286199571414209,0.777307854280831,-0.6287048821389069));
#3520=FACE_BOUND('',#3521,.T.);
#3521=EDGE_LOOP('',(#3522,#3523,#3524));
#3522=ORIENTED_EDGE('',*,*,#3525,.T.);
#3523=ORIENTED_EDGE('',*,*,#3526,.T.);
#3524=ORIENTED_EDGE('',*,*,#3527,.T.);
#3525=EDGE_CURVE('',#268,#272,#3528,.F.);
#3526=EDGE_CURVE('',#272,#270,#3529,.T.);
#3527=EDGE_CURVE('',#270,#268,#3530,.T.);
#3528=LINE('',#267,#3531);
#3529=LINE('',#271,#3532);
#3530=LINE('',#269,#3533);
#3531=VECTOR('',#3534,1.0);
#3532=VECTOR('',#3535,1.0);
#3533=VECTOR('',#3536,1.0);
#3534=DIRECTION('',(0.02286199571414209,0.777307854280831,-0.6287048821389069));
#3535=DIRECTION('',(-0.025127432607820466,0.6910043967150621,0.7224136874748378));
#3536=DIRECTION('',(0.017801333122528205,-0.8544639898813532,-0.5192055494070723));
#3537=STYLED_ITEM('',(#18),#3538);
#3538=FACE_SURFACE('',(#3543),#3539,.T.);
#3539=PLANE('',#3540);
#3540=AXIS2_PLACEMENT_3D('',#269,#3541,#3542);
#3541=DIRECTION('',(0.999357793316143,-0.0011036726609476508,0.035815957964946236));
#3542=DIRECTION('',(0.025127432607820466,-0.6910043967150621,-0.7224136874748378));
#3543=FACE_BOUND('',#3544,.T.);
#3544=EDGE_LOOP('',(#3545,#3546,#3547));
#3545=ORIENTED_EDGE('',*,*,#3548,.T.);
#3546=ORIENTED_EDGE('',*,*,#3549,.T.);
#3547=ORIENTED_EDGE('',*,*,#3550,.T.);
#3548=EDGE_CURVE('',#270,#272,#3551,.F.);
#3549=EDGE_CURVE('',#272,#274,#3552,.T.);
#3550=EDGE_CURVE('',#274,#270,#3553,.T.);
#3551=LINE('',#269,#3554);
#3552=LINE('',#271,#3555);
#3553=LINE('',#273,#3556);
#3554=VECTOR('',#3557,1.0);
#3555=VECTOR('',#3558,1.0);
#3556=VECTOR('',#3559,1.0);
#3557=DIRECTION('',(0.025127432607820466,-0.6910043967150621,-0.7224136874748378));
#3558=DIRECTION('',(-0.008645820361068481,0.9625680001989563,0.27090237131347894));
#3559=DIRECTION('',(-0.028164209649956737,-0.6421439800190123,0.7660665024788225));
#3560=STYLED_ITEM('',(#18),#3561);
#3561=FACE_SURFACE('',(#3566),#3562,.T.);
#3562=PLANE('',#3563);
#3563=AXIS2_PLACEMENT_3D('',#271,#3564,#3565);
#3564=DIRECTION('',(0.9993759038651644,-0.0009614426222246668,0.0353111653980695));
#3565=DIRECTION('',(0.02761957927844961,0.6444568498304909,-0.7641416933704387));
#3566=FACE_BOUND('',#3567,.T.);
#3567=EDGE_LOOP('',(#3568,#3569,#3570));
#3568=ORIENTED_EDGE('',*,*,#3571,.T.);
#3569=ORIENTED_EDGE('',*,*,#3572,.T.);
#3570=ORIENTED_EDGE('',*,*,#3573,.T.);
#3571=EDGE_CURVE('',#272,#276,#3574,.F.);
#3572=EDGE_CURVE('',#276,#274,#3575,.T.);
#3573=EDGE_CURVE('',#274,#272,#3576,.T.);
#3574=LINE('',#271,#3577);
#3575=LINE('',#275,#3578);
#3576=LINE('',#273,#3579);
#3577=VECTOR('',#3580,1.0);
#3578=VECTOR('',#3581,1.0);
#3579=VECTOR('',#3582,1.0);
#3580=DIRECTION('',(0.02761957927844961,0.6444568498304909,-0.7641416933704387));
#3581=DIRECTION('',(-0.018873804610883418,0.8304474028788691,0.5567772360210606));
#3582=DIRECTION('',(0.008645820361068481,-0.9625680001989563,-0.27090237131347894));
#3583=STYLED_ITEM('',(#18),#3584);
#3584=FACE_SURFACE('',(#3589),#3585,.T.);
#3585=PLANE('',#3586);
#3586=AXIS2_PLACEMENT_3D('',#273,#3587,#3588);
#3587=DIRECTION('',(0.9993262260688465,-0.0018638350501750417,0.03665542265344233));
#3588=DIRECTION('',(0.018873804610883418,-0.8304474028788691,-0.5567772360210606));
#3589=FACE_BOUND('',#3590,.T.);
#3590=EDGE_LOOP('',(#3591,#3592,#3593));
#3591=ORIENTED_EDGE('',*,*,#3594,.T.);
#3592=ORIENTED_EDGE('',*,*,#3595,.T.);
#3593=ORIENTED_EDGE('',*,*,#3596,.T.);
#3594=EDGE_CURVE('',#274,#276,#3597,.F.);
#3595=EDGE_CURVE('',#276,#278,#3598,.T.);
#3596=EDGE_CURVE('',#278,#274,#3599,.T.);
#3597=LINE('',#273,#3600);
#3598=LINE('',#275,#3601);
#3599=LINE('',#277,#3602);
#3600=VECTOR('',#3603,1.0);
#3601=VECTOR('',#3604,1.0);
#3602=VECTOR('',#3605,1.0);
#3603=DIRECTION('',(0.018873804610883418,-0.8304474028788691,-0.5567772360210606));
#3604=DIRECTION('',(-0.006029651361392503,0.9768035205455843,0.21405262332943387));
#3605=DIRECTION('',(-0.03282218742059173,-0.4923328113088759,0.8697879666456799));
#3606=STYLED_ITEM('',(#18),#3607);
#3607=FACE_SURFACE('',(#3612),#3608,.T.);
#3608=PLANE('',#3609);
#3609=AXIS2_PLACEMENT_3D('',#275,#3610,#3611);
#3610=DIRECTION('',(0.9995356540559375,-0.0005063717587145481,0.03046670081599139));
#3611=DIRECTION('',(0.026730897992154237,0.4945216128548519,-0.8687541847450112));
#3612=FACE_BOUND('',#3613,.T.);
#3613=EDGE_LOOP('',(#3614,#3615,#3616));
#3614=ORIENTED_EDGE('',*,*,#3617,.T.);
#3615=ORIENTED_EDGE('',*,*,#3618,.T.);
#3616=ORIENTED_EDGE('',*,*,#3619,.T.);
#3617=EDGE_CURVE('',#276,#280,#3620,.F.);
#3618=EDGE_CURVE('',#280,#278,#3621,.T.);
#3619=EDGE_CURVE('',#278,#276,#3622,.T.);
#3620=LINE('',#275,#3623);
#3621=LINE('',#279,#3624);
#3622=LINE('',#277,#3625);
#3623=VECTOR('',#3626,1.0);
#3624=VECTOR('',#3627,1.0);
#3625=VECTOR('',#3628,1.0);
#3626=DIRECTION('',(0.026730897992154237,0.4945216128548519,-0.8687541847450112));
#3627=DIRECTION('',(-0.012593756791514183,0.9036020497911416,0.4281877309114819));
#3628=DIRECTION('',(0.006029651361392503,-0.9768035205455843,-0.21405262332943387));
#3629=STYLED_ITEM('',(#18),#3630);
#3630=FACE_SURFACE('',(#3635),#3631,.T.);
#3631=PLANE('',#3632);
#3632=AXIS2_PLACEMENT_3D('',#277,#3633,#3634);
#3633=DIRECTION('',(0.9996470845137697,0.0013605268247890803,0.02653027308338688));
#3634=DIRECTION('',(0.012593756791514183,-0.9036020497911416,-0.4281877309114819));
#3635=FACE_BOUND('',#3636,.T.);
#3636=EDGE_LOOP('',(#3637,#3638,#3639));
#3637=ORIENTED_EDGE('',*,*,#3640,.T.);
#3638=ORIENTED_EDGE('',*,*,#3641,.T.);
#3639=ORIENTED_EDGE('',*,*,#3642,.T.);
#3640=EDGE_CURVE('',#278,#280,#3643,.F.);
#3641=EDGE_CURVE('',#280,#282,#3644,.T.);
#3642=EDGE_CURVE('',#282,#278,#3645,.T.);
#3643=LINE('',#277,#3646);
#3644=LINE('',#279,#3647);
#3645=LINE('',#281,#3648);
#3646=VECTOR('',#3649,1.0);
#3647=VECTOR('',#3650,1.0);
#3648=VECTOR('',#3651,1.0);
#3649=DIRECTION('',(0.012593756791514183,-0.9036020497911416,-0.4281877309114819));
#3650=DIRECTION('',(-0.006164916464136937,0.9833041760298404,0.1818650356920393));
#3651=DIRECTION('',(-0.023978333375520213,-0.3836533340083234,0.9231658349575282));
#3652=STYLED_ITEM('',(#18),#3653);
#3653=FACE_SURFACE('',(#3658),#3654,.T.);
#3654=PLANE('',#3655);
#3655=AXIS2_PLACEMENT_3D('',#279,#3656,#3657);
#3656=DIRECTION('',(0.9991213429925305,-0.0014826508521499121,0.04188488657323538));
#3657=DIRECTION('',(0.03912553515233695,0.39125535152336954,-0.9194500760799185));
#3658=FACE_BOUND('',#3659,.T.);
#3659=EDGE_LOOP('',(#3660,#3661,#3662));
#3660=ORIENTED_EDGE('',*,*,#3663,.T.);
#3661=ORIENTED_EDGE('',*,*,#3664,.T.);
#3662=ORIENTED_EDGE('',*,*,#3665,.T.);
#3663=EDGE_CURVE('',#280,#284,#3666,.F.);
#3664=EDGE_CURVE('',#284,#282,#3667,.T.);
#3665=EDGE_CURVE('',#282,#280,#3668,.T.);
#3666=LINE('',#279,#3669);
#3667=LINE('',#283,#3670);
#3668=LINE('',#281,#3671);
#3669=VECTOR('',#3672,1.0);
#3670=VECTOR('',#3673,1.0);
#3671=VECTOR('',#3674,1.0);
#3672=DIRECTION('',(0.03912553515233695,0.39125535152336954,-0.9194500760799185));
#3673=DIRECTION('',(-0.012608012463581246,0.9424489316526972,0.3341123302849027));
#3674=DIRECTION('',(0.006164916464136937,-0.9833041760298404,-0.1818650356920393));
#3675=STYLED_ITEM('',(#18),#3676);
#3676=FACE_SURFACE('',(#3681),#3677,.T.);
#3677=PLANE('',#3678);
#3678=AXIS2_PLACEMENT_3D('',#281,#3679,#3680);
#3679=DIRECTION('',(0.9993122132994615,0.00022271277318908073,0.037081676735984115));
#3680=DIRECTION('',(0.012608012463581246,-0.9424489316526972,-0.3341123302849027));
#3681=FACE_BOUND('',#3682,.T.);
#3682=EDGE_LOOP('',(#3683,#3684,#3685));
#3683=ORIENTED_EDGE('',*,*,#3686,.T.);
#3684=ORIENTED_EDGE('',*,*,#3687,.T.);
#3685=ORIENTED_EDGE('',*,*,#3688,.T.);
#3686=EDGE_CURVE('',#282,#284,#3689,.F.);
#3687=EDGE_CURVE('',#284,#286,#3690,.T.);
#3688=EDGE_CURVE('',#286,#282,#3691,.T.);
#3689=LINE('',#281,#3692);
#3690=LINE('',#283,#3693);
#3691=LINE('',#285,#3694);
#3692=VECTOR('',#3695,1.0);
#3693=VECTOR('',#3696,1.0);
#3694=VECTOR('',#3697,1.0);
#3695=DIRECTION('',(0.012608012463581246,-0.9424489316526972,-0.3341123302849027));
#3696=DIRECTION('',(-0.006245001120899743,0.9867101771021588,0.16237002914339332));
#3697=DIRECTION('',(-0.035305725243424284,-0.30009866456910833,0.9532545815724536));
#3698=STYLED_ITEM('',(#18),#3699);
#3699=FACE_SURFACE('',(#3704),#3700,.T.);
#3700=PLANE('',#3701);
#3701=AXIS2_PLACEMENT_3D('',#283,#3702,#3703);
#3702=DIRECTION('',(0.9995543882951855,0.0014198215742829202,0.029816253059941712));
#3703=DIRECTION('',(0.028205406366326,0.28205406366325997,-0.9589838164550808));
#3704=FACE_BOUND('',#3705,.T.);
#3705=EDGE_LOOP('',(#3706,#3707,#3708));
#3706=ORIENTED_EDGE('',*,*,#3709,.T.);
#3707=ORIENTED_EDGE('',*,*,#3710,.T.);
#3708=ORIENTED_EDGE('',*,*,#3711,.T.);
#3709=EDGE_CURVE('',#284,#288,#3712,.F.);
#3710=EDGE_CURVE('',#288,#286,#3713,.T.);
#3711=EDGE_CURVE('',#286,#284,#3714,.T.);
#3712=LINE('',#283,#3715);
#3713=LINE('',#287,#3716);
#3714=LINE('',#285,#3717);
#3715=VECTOR('',#3718,1.0);
#3716=VECTOR('',#3719,1.0);
#3717=VECTOR('',#3720,1.0);
#3718=DIRECTION('',(0.028205406366326,0.28205406366325997,-0.9589838164550808));
#3719=DIRECTION('',(-0.00943783622685656,0.9626592951393683,0.2705513051698877));
#3720=DIRECTION('',(0.006245001120899743,-0.9867101771021588,-0.16237002914339332));
#3721=STYLED_ITEM('',(#18),#3722);
#3722=FACE_SURFACE('',(#3727),#3723,.T.);
#3723=PLANE('',#3724);
#3724=AXIS2_PLACEMENT_3D('',#285,#3725,#3726);
#3725=DIRECTION('',(0.9994532252972024,0.0005070621111904902,0.03306044964962));
#3726=DIRECTION('',(0.00943783622685656,-0.9626592951393683,-0.2705513051698877));
#3727=FACE_BOUND('',#3728,.T.);
#3728=EDGE_LOOP('',(#3729,#3730,#3731));
#3729=ORIENTED_EDGE('',*,*,#3732,.T.);
#3730=ORIENTED_EDGE('',*,*,#3733,.T.);
#3731=ORIENTED_EDGE('',*,*,#3734,.T.);
#3732=EDGE_CURVE('',#286,#288,#3735,.F.);
#3733=EDGE_CURVE('',#288,#290,#3736,.T.);
#3734=EDGE_CURVE('',#290,#286,#3737,.T.);
#3735=LINE('',#285,#3738);
#3736=LINE('',#287,#3739);
#3737=LINE('',#289,#3740);
#3738=VECTOR('',#3741,1.0);
#3739=VECTOR('',#3742,1.0);
#3740=VECTOR('',#3743,1.0);
#3741=DIRECTION('',(0.00943783622685656,-0.9626592951393683,-0.2705513051698877));
#3742=DIRECTION('',(0,0.9998824024700823,-0.01533561966978656));
#3743=DIRECTION('',(-0.03218187669437451,-0.21454584462916101,0.9761835930626922));
#3744=STYLED_ITEM('',(#18),#3745);
#3745=FACE_SURFACE('',(#3750),#3746,.T.);
#3746=PLANE('',#3747);
#3747=AXIS2_PLACEMENT_3D('',#287,#3748,#3749);
#3748=DIRECTION('',(0.9993581465037028,0.0005493695489548151,0.035818894591853896));
#3749=DIRECTION('',(0.03476815235604633,0.2259929903142992,-0.9735082659692972));
#3750=FACE_BOUND('',#3751,.T.);
#3751=EDGE_LOOP('',(#3752,#3753,#3754));
#3752=ORIENTED_EDGE('',*,*,#3755,.T.);
#3753=ORIENTED_EDGE('',*,*,#3756,.T.);
#3754=ORIENTED_EDGE('',*,*,#3757,.T.);
#3755=EDGE_CURVE('',#288,#292,#3758,.F.);
#3756=EDGE_CURVE('',#292,#290,#3759,.T.);
#3757=EDGE_CURVE('',#290,#288,#3760,.T.);
#3758=LINE('',#287,#3761);
#3759=LINE('',#291,#3762);
#3760=LINE('',#289,#3763);
#3761=VECTOR('',#3764,1.0);
#3762=VECTOR('',#3765,1.0);
#3763=VECTOR('',#3766,1.0);
#3764=DIRECTION('',(0.03476815235604633,0.2259929903142992,-0.9735082659692972));
#3765=DIRECTION('',(-0.0063064816167499515,0.9869643730213664,0.16081528122712377));
#3766=DIRECTION('',(0,-0.9998824024700823,0.01533561966978656));
#3767=STYLED_ITEM('',(#18),#3768);
#3768=FACE_SURFACE('',(#3773),#3769,.T.);
#3769=PLANE('',#3770);
#3770=AXIS2_PLACEMENT_3D('',#289,#3771,#3772);
#3771=DIRECTION('',(0.9994140633329566,0.0008105720052679704,0.03421802135327527));
#3772=DIRECTION('',(0.0063064816167499515,-0.9869643730213664,-0.16081528122712377));
#3773=FACE_BOUND('',#3774,.T.);
#3774=EDGE_LOOP('',(#3775,#3776,#3777));
#3775=ORIENTED_EDGE('',*,*,#3778,.T.);
#3776=ORIENTED_EDGE('',*,*,#3779,.T.);
#3777=ORIENTED_EDGE('',*,*,#3780,.T.);
#3778=EDGE_CURVE('',#290,#292,#3781,.F.);
#3779=EDGE_CURVE('',#292,#206,#3782,.T.);
#3780=EDGE_CURVE('',#206,#290,#3783,.T.);
#3781=LINE('',#289,#3784);
#3782=LINE('',#291,#3785);
#3783=LINE('',#205,#3786);
#3784=VECTOR('',#3787,1.0);
#3785=VECTOR('',#3788,1.0);
#3786=VECTOR('',#3789,1.0);
#3787=DIRECTION('',(0.0063064816167499515,-0.9869643730213664,-0.16081528122712377));
#3788=DIRECTION('',(0.03364658318295772,0.16015773595087895,-0.9865178189243217));
#3789=DIRECTION('',(-0.034216317396275064,0.04935045778308906,0.9981952594259487));
#3790=STYLED_ITEM('',(#18),#3791);
#3791=FACE_SURFACE('',(#3796),#3792,.T.);
#3792=PLANE('',#3793);
#3793=AXIS2_PLACEMENT_3D('',#289,#3794,#3795);
#3794=DIRECTION('',(0.9994130203890778,0,0.03425806002652076));
#3795=DIRECTION('',(0.034216317396275064,-0.04935045778308906,-0.9981952594259487));
#3796=FACE_BOUND('',#3797,.T.);
#3797=EDGE_LOOP('',(#3798,#3799,#3800));
#3798=ORIENTED_EDGE('',*,*,#3801,.T.);
#3799=ORIENTED_EDGE('',*,*,#3802,.T.);
#3800=ORIENTED_EDGE('',*,*,#3803,.T.);
#3801=EDGE_CURVE('',#290,#206,#3804,.F.);
#3802=EDGE_CURVE('',#206,#204,#3805,.T.);
#3803=EDGE_CURVE('',#204,#290,#3806,.T.);
#3804=LINE('',#289,#3807);
#3805=LINE('',#205,#3808);
#3806=LINE('',#203,#3809);
#3807=VECTOR('',#3810,1.0);
#3808=VECTOR('',#3811,1.0);
#3809=VECTOR('',#3812,1.0);
#3810=DIRECTION('',(0.034216317396275064,-0.04935045778308906,-0.9981952594259487));
#3811=DIRECTION('',(0,1,0));
#3812=DIRECTION('',(-0.03381682717040493,-0.15997960545999274,0.9865409003366218));
#3813=STYLED_ITEM('',(#18),#3814);
#3814=FACE_SURFACE('',(#3819),#3815,.T.);
#3815=PLANE('',#3816);
#3816=AXIS2_PLACEMENT_3D('',#171,#3817,#3818);
#3817=DIRECTION('',(-0,0.9766894896410071,0.2146570306903291));
#3818=DIRECTION('',(0.03218187669437451,-0.21454584462916101,0.9761835930626922));
#3819=FACE_BOUND('',#3820,.T.);
#3820=EDGE_LOOP('',(#3821,#3822,#3823));
#3821=ORIENTED_EDGE('',*,*,#3824,.T.);
#3822=ORIENTED_EDGE('',*,*,#3825,.T.);
#3823=ORIENTED_EDGE('',*,*,#3826,.T.);
#3824=EDGE_CURVE('',#172,#168,#3827,.F.);
#3825=EDGE_CURVE('',#168,#294,#3828,.T.);
#3826=EDGE_CURVE('',#294,#172,#3829,.T.);
#3827=LINE('',#171,#3830);
#3828=LINE('',#167,#3831);
#3829=LINE('',#293,#3832);
#3830=VECTOR('',#3833,1.0);
#3831=VECTOR('',#3834,1.0);
#3832=VECTOR('',#3835,1.0);
#3833=DIRECTION('',(0.03218187669437451,-0.21454584462916101,0.9761835930626922));
#3834=DIRECTION('',(0.9687671618720007,0.05322896493802148,-0.2421917904680001));
#3835=DIRECTION('',(-1,0,0));
#3836=STYLED_ITEM('',(#18),#3837);
#3837=FACE_SURFACE('',(#3842),#3838,.T.);
#3838=PLANE('',#3839);
#3839=AXIS2_PLACEMENT_3D('',#293,#3840,#3841);
#3840=DIRECTION('',(0.011123629215461214,0.9663778903921294,0.2568852620029701));
#3841=DIRECTION('',(-0.9687671618720007,-0.05322896493802148,0.2421917904680001));
#3842=FACE_BOUND('',#3843,.T.);
#3843=EDGE_LOOP('',(#3844,#3845,#3846));
#3844=ORIENTED_EDGE('',*,*,#3847,.T.);
#3845=ORIENTED_EDGE('',*,*,#3848,.T.);
#3846=ORIENTED_EDGE('',*,*,#3849,.T.);
#3847=EDGE_CURVE('',#294,#168,#3850,.F.);
#3848=EDGE_CURVE('',#168,#296,#3851,.T.);
#3849=EDGE_CURVE('',#296,#294,#3852,.T.);
#3850=LINE('',#293,#3853);
#3851=LINE('',#167,#3854);
#3852=LINE('',#295,#3855);
#3853=VECTOR('',#3856,1.0);
#3854=VECTOR('',#3857,1.0);
#3855=VECTOR('',#3858,1.0);
#3856=DIRECTION('',(-0.9687671618720007,-0.05322896493802148,0.2421917904680001));
#3857=DIRECTION('',(0.9817456754974304,-0.05933627709050409,0.1807059347756258));
#3858=DIRECTION('',(0,0.2569011563432507,-0.9664376833865185));
#3859=STYLED_ITEM('',(#18),#3860);
#3860=FACE_SURFACE('',(#3865),#3861,.T.);
#3861=PLANE('',#3862);
#3862=AXIS2_PLACEMENT_3D('',#167,#3863,#3864);
#3863=DIRECTION('',(0.0023942077502506023,0.9538719122530582,0.30020433505188204));
#3864=DIRECTION('',(0.035305725243424284,-0.30009866456910833,0.9532545815724536));
#3865=FACE_BOUND('',#3866,.T.);
#3866=EDGE_LOOP('',(#3867,#3868,#3869));
#3867=ORIENTED_EDGE('',*,*,#3870,.T.);
#3868=ORIENTED_EDGE('',*,*,#3871,.T.);
#3869=ORIENTED_EDGE('',*,*,#3872,.T.);
#3870=EDGE_CURVE('',#168,#164,#3873,.F.);
#3871=EDGE_CURVE('',#164,#296,#3874,.T.);
#3872=EDGE_CURVE('',#296,#168,#3875,.T.);
#3873=LINE('',#167,#3876);
#3874=LINE('',#163,#3877);
#3875=LINE('',#295,#3878);
#3876=VECTOR('',#3879,1.0);
#3877=VECTOR('',#3880,1.0);
#3878=VECTOR('',#3881,1.0);
#3879=DIRECTION('',(0.035305725243424284,-0.30009866456910833,0.9532545815724536));
#3880=DIRECTION('',(0.9992606114569972,-0.0138019421471958,0.035885049582709876));
#3881=DIRECTION('',(-0.9817456754974304,0.05933627709050409,-0.1807059347756258));
#3882=STYLED_ITEM('',(#18),#3883);
#3883=FACE_SURFACE('',(#3888),#3884,.T.);
#3884=PLANE('',#3885);
#3885=AXIS2_PLACEMENT_3D('',#295,#3886,#3887);
#3886=DIRECTION('',(-0.0010279396413833033,0.9234213913946547,0.3837862390118405));
#3887=DIRECTION('',(-0.9992606114569972,0.0138019421471958,-0.035885049582709876));
#3888=FACE_BOUND('',#3889,.T.);
#3889=EDGE_LOOP('',(#3890,#3891,#3892));
#3890=ORIENTED_EDGE('',*,*,#3893,.T.);
#3891=ORIENTED_EDGE('',*,*,#3894,.T.);
#3892=ORIENTED_EDGE('',*,*,#3895,.T.);
#3893=EDGE_CURVE('',#296,#164,#3896,.F.);
#3894=EDGE_CURVE('',#164,#160,#3897,.T.);
#3895=EDGE_CURVE('',#160,#296,#3898,.T.);
#3896=LINE('',#295,#3899);
#3897=LINE('',#163,#3900);
#3898=LINE('',#159,#3901);
#3899=VECTOR('',#3902,1.0);
#3900=VECTOR('',#3903,1.0);
#3901=VECTOR('',#3904,1.0);
#3902=DIRECTION('',(-0.9992606114569972,0.0138019421471958,-0.035885049582709876));
#3903=DIRECTION('',(0.023978333375520213,-0.3836533340083234,0.9231658349575282));
#3904=DIRECTION('',(0.98188918876916,0.07364168915768737,-0.1745580780034064));
#3905=STYLED_ITEM('',(#18),#3906);
#3906=FACE_SURFACE('',(#3911),#3907,.T.);
#3907=PLANE('',#3908);
#3908=AXIS2_PLACEMENT_3D('',#295,#3909,#3910);
#3909=DIRECTION('',(0.011363725867161558,0.896812960327361,0.44226392564089073));
#3910=DIRECTION('',(-0.98188918876916,-0.07364168915768737,0.1745580780034064));
#3911=FACE_BOUND('',#3912,.T.);
#3912=EDGE_LOOP('',(#3913,#3914,#3915));
#3913=ORIENTED_EDGE('',*,*,#3916,.T.);
#3914=ORIENTED_EDGE('',*,*,#3917,.T.);
#3915=ORIENTED_EDGE('',*,*,#3918,.T.);
#3916=EDGE_CURVE('',#296,#160,#3919,.F.);
#3917=EDGE_CURVE('',#160,#298,#3920,.T.);
#3918=EDGE_CURVE('',#298,#296,#3921,.T.);
#3919=LINE('',#295,#3922);
#3920=LINE('',#159,#3923);
#3921=LINE('',#297,#3924);
#3922=VECTOR('',#3925,1.0);
#3923=VECTOR('',#3926,1.0);
#3924=VECTOR('',#3927,1.0);
#3925=DIRECTION('',(-0.98188918876916,-0.07364168915768737,0.1745580780034064));
#3926=DIRECTION('',(0.9678643390640007,-0.12098304238299991,0.22045798834235564));
#3927=DIRECTION('',(0,0.44229248412044514,-0.8968708705775686));
#3928=STYLED_ITEM('',(#18),#3929);
#3929=FACE_SURFACE('',(#3934),#3930,.T.);
#3930=PLANE('',#3931);
#3931=AXIS2_PLACEMENT_3D('',#297,#3932,#3933);
#3932=DIRECTION('',(-0.0034502373213574746,0.8701958556105782,0.4926938894898131));
#3933=DIRECTION('',(-0.9678643390640007,0.12098304238299991,-0.22045798834235564));
#3934=FACE_BOUND('',#3935,.T.);
#3935=EDGE_LOOP('',(#3936,#3937,#3938));
#3936=ORIENTED_EDGE('',*,*,#3939,.T.);
#3937=ORIENTED_EDGE('',*,*,#3940,.T.);
#3938=ORIENTED_EDGE('',*,*,#3941,.T.);
#3939=EDGE_CURVE('',#298,#160,#3942,.F.);
#3940=EDGE_CURVE('',#160,#156,#3943,.T.);
#3941=EDGE_CURVE('',#156,#298,#3944,.T.);
#3942=LINE('',#297,#3945);
#3943=LINE('',#159,#3946);
#3944=LINE('',#155,#3947);
#3945=VECTOR('',#3948,1.0);
#3946=VECTOR('',#3949,1.0);
#3947=VECTOR('',#3950,1.0);
#3948=DIRECTION('',(-0.9678643390640007,0.12098304238299991,-0.22045798834235564));
#3949=DIRECTION('',(0.03282218742059173,-0.4923328113088759,0.8697879666456799));
#3950=DIRECTION('',(0.9968547886448174,0.04200230851031569,-0.0672036936165046));
#3951=STYLED_ITEM('',(#18),#3952);
#3952=FACE_SURFACE('',(#3957),#3953,.T.);
#3953=PLANE('',#3954);
#3954=AXIS2_PLACEMENT_3D('',#297,#3955,#3956);
#3955=DIRECTION('',(0.007617787249769534,0.7932863076154825,0.6088011197979283));
#3956=DIRECTION('',(-0.9968547886448174,-0.04200230851031569,0.0672036936165046));
#3957=FACE_BOUND('',#3958,.T.);
#3958=EDGE_LOOP('',(#3959,#3960,#3961));
#3959=ORIENTED_EDGE('',*,*,#3962,.T.);
#3960=ORIENTED_EDGE('',*,*,#3963,.T.);
#3961=ORIENTED_EDGE('',*,*,#3964,.T.);
#3962=EDGE_CURVE('',#298,#156,#3965,.F.);
#3963=EDGE_CURVE('',#156,#300,#3966,.T.);
#3964=EDGE_CURVE('',#300,#298,#3967,.T.);
#3965=LINE('',#297,#3968);
#3966=LINE('',#155,#3969);
#3967=LINE('',#299,#3970);
#3968=VECTOR('',#3971,1.0);
#3969=VECTOR('',#3972,1.0);
#3970=VECTOR('',#3973,1.0);
#3971=DIRECTION('',(-0.9968547886448174,-0.04200230851031569,0.0672036936165046));
#3972=DIRECTION('',(0.9354923162473945,-0.2207341420359017,0.27591767754487756));
#3973=DIRECTION('',(0,0.6088187851390504,-0.7933093260902779));
#3974=STYLED_ITEM('',(#18),#3975);
#3975=FACE_SURFACE('',(#3980),#3976,.T.);
#3976=PLANE('',#3977);
#3977=AXIS2_PLACEMENT_3D('',#299,#3978,#3979);
#3978=DIRECTION('',(-0.00873516940957414,0.7661831468752924,0.6425629014031701));
#3979=DIRECTION('',(-0.9354923162473945,0.2207341420359017,-0.27591767754487756));
#3980=FACE_BOUND('',#3981,.T.);
#3981=EDGE_LOOP('',(#3982,#3983,#3984));
#3982=ORIENTED_EDGE('',*,*,#3985,.T.);
#3983=ORIENTED_EDGE('',*,*,#3986,.T.);
#3984=ORIENTED_EDGE('',*,*,#3987,.T.);
#3985=EDGE_CURVE('',#300,#156,#3988,.F.);
#3986=EDGE_CURVE('',#156,#152,#3989,.T.);
#3987=EDGE_CURVE('',#152,#300,#3990,.T.);
#3988=LINE('',#299,#3991);
#3989=LINE('',#155,#3992);
#3990=LINE('',#151,#3993);
#3991=VECTOR('',#3994,1.0);
#3992=VECTOR('',#3995,1.0);
#3993=VECTOR('',#3996,1.0);
#3994=DIRECTION('',(-0.9354923162473945,0.2207341420359017,-0.27591767754487756));
#3995=DIRECTION('',(0.028164209649956737,-0.6421439800190123,0.7660665024788225));
#3996=DIRECTION('',(0.992531803413437,0.08483177806952462,-0.08765950400517536));
#3997=STYLED_ITEM('',(#18),#3998);
#3998=FACE_SURFACE('',(#4003),#3999,.T.);
#3999=PLANE('',#4000);
#4000=AXIS2_PLACEMENT_3D('',#299,#4001,#4002);
#4001=DIRECTION('',(0.010464119727254242,0.6567447857959502,0.754040309617573));
#4002=DIRECTION('',(-0.992531803413437,-0.08483177806952462,0.08765950400517536));
#4003=FACE_BOUND('',#4004,.T.);
#4004=EDGE_LOOP('',(#4005,#4006,#4007));
#4005=ORIENTED_EDGE('',*,*,#4008,.T.);
#4006=ORIENTED_EDGE('',*,*,#4009,.T.);
#4007=ORIENTED_EDGE('',*,*,#4010,.T.);
#4008=EDGE_CURVE('',#300,#152,#4011,.F.);
#4009=EDGE_CURVE('',#152,#302,#4012,.T.);
#4010=EDGE_CURVE('',#302,#300,#4013,.T.);
#4011=LINE('',#299,#4014);
#4012=LINE('',#151,#4015);
#4013=LINE('',#301,#4016);
#4014=VECTOR('',#4017,1.0);
#4015=VECTOR('',#4018,1.0);
#4016=VECTOR('',#4019,1.0);
#4017=DIRECTION('',(-0.992531803413437,-0.08483177806952462,0.08765950400517536));
#4018=DIRECTION('',(0.9449766554508557,-0.2530706712603434,0.20730257113879177));
#4019=DIRECTION('',(0,0.7540815958863061,-0.6567807448042016));
#4020=STYLED_ITEM('',(#18),#4021);
#4021=FACE_SURFACE('',(#4026),#4022,.T.);
#4022=PLANE('',#4023);
#4023=AXIS2_PLACEMENT_3D('',#301,#4024,#4025);
#4024=DIRECTION('',(-0.005571789965844728,0.6211431453923908,0.7836773239596918));
#4025=DIRECTION('',(-0.9449766554508557,0.2530706712603434,-0.20730257113879177));
#4026=FACE_BOUND('',#4027,.T.);
#4027=EDGE_LOOP('',(#4028,#4029,#4030));
#4028=ORIENTED_EDGE('',*,*,#4031,.T.);
#4029=ORIENTED_EDGE('',*,*,#4032,.T.);
#4030=ORIENTED_EDGE('',*,*,#4033,.T.);
#4031=EDGE_CURVE('',#302,#152,#4034,.F.);
#4032=EDGE_CURVE('',#152,#148,#4035,.T.);
#4033=EDGE_CURVE('',#148,#302,#4036,.T.);
#4034=LINE('',#301,#4037);
#4035=LINE('',#151,#4038);
#4036=LINE('',#147,#4039);
#4037=VECTOR('',#4040,1.0);
#4038=VECTOR('',#4041,1.0);
#4039=VECTOR('',#4042,1.0);
#4040=DIRECTION('',(-0.9449766554508557,0.2530706712603434,-0.20730257113879177));
#4041=DIRECTION('',(0.0211740675778221,-0.7834405003794169,0.6211059822827812));
#4042=DIRECTION('',(0.9983115261220368,0.04876809179331761,-0.03155582410155866));
#4043=STYLED_ITEM('',(#18),#4044);
#4044=FACE_SURFACE('',(#4049),#4045,.T.);
#4045=PLANE('',#4046);
#4046=AXIS2_PLACEMENT_3D('',#301,#4047,#4048);
#4047=DIRECTION('',(0.002553139370856188,0.5058863296253278,0.8625963731534971));
#4048=DIRECTION('',(-0.9983115261220368,-0.04876809179331761,0.03155582410155866));
#4049=FACE_BOUND('',#4050,.T.);
#4050=EDGE_LOOP('',(#4051,#4052,#4053));
#4051=ORIENTED_EDGE('',*,*,#4054,.T.);
#4052=ORIENTED_EDGE('',*,*,#4055,.T.);
#4053=ORIENTED_EDGE('',*,*,#4056,.T.);
#4054=EDGE_CURVE('',#302,#148,#4057,.F.);
#4055=EDGE_CURVE('',#148,#304,#4058,.T.);
#4056=EDGE_CURVE('',#304,#302,#4059,.T.);
#4057=LINE('',#301,#4060);
#4058=LINE('',#147,#4061);
#4059=LINE('',#303,#4062);
#4060=VECTOR('',#4063,1.0);
#4061=VECTOR('',#4064,1.0);
#4062=VECTOR('',#4065,1.0);
#4063=DIRECTION('',(-0.9983115261220368,-0.04876809179331761,0.03155582410155866));
#4064=DIRECTION('',(0.9201997650806297,-0.3388461228816762,0.1959992279413615));
#4065=DIRECTION('',(0.45733222869725065,0.7665145804925756,-0.450890929701515));
#4066=STYLED_ITEM('',(#18),#4067);
#4067=FACE_SURFACE('',(#4072),#4068,.T.);
#4068=PLANE('',#4069);
#4069=AXIS2_PLACEMENT_3D('',#303,#4070,#4071);
#4070=DIRECTION('',(-0.0014010718064577106,0.4978475152279767,0.8672634481973299));
#4071=DIRECTION('',(-0.9201997650806297,0.3388461228816762,-0.1959992279413615));
#4072=FACE_BOUND('',#4073,.T.);
#4073=EDGE_LOOP('',(#4074,#4075,#4076));
#4074=ORIENTED_EDGE('',*,*,#4077,.T.);
#4075=ORIENTED_EDGE('',*,*,#4078,.T.);
#4076=ORIENTED_EDGE('',*,*,#4079,.T.);
#4077=EDGE_CURVE('',#304,#148,#4080,.F.);
#4078=EDGE_CURVE('',#148,#144,#4081,.T.);
#4079=EDGE_CURVE('',#144,#304,#4082,.T.);
#4080=LINE('',#303,#4083);
#4081=LINE('',#147,#4084);
#4082=LINE('',#143,#4085);
#4083=VECTOR('',#4086,1.0);
#4084=VECTOR('',#4087,1.0);
#4085=VECTOR('',#4088,1.0);
#4086=DIRECTION('',(-0.9201997650806297,0.3388461228816762,-0.1959992279413615));
#4087=DIRECTION('',(0.016058171714224103,-0.8671412725681016,0.49780332314094666));
#4088=DIRECTION('',(0.9997026120508528,0.021811693353836804,-0.010905846676918402));
#4089=STYLED_ITEM('',(#18),#4090);
#4090=FACE_SURFACE('',(#4095),#4091,.T.);
#4091=PLANE('',#4092);
#4092=AXIS2_PLACEMENT_3D('',#303,#4093,#4094);
#4093=DIRECTION('',(0.0022200936018412897,0.36395303700954706,0.931414654187879));
#4094=DIRECTION('',(-0.9997026120508528,-0.021811693353836804,0.010905846676918402));
#4095=FACE_BOUND('',#4096,.T.);
#4096=EDGE_LOOP('',(#4097,#4098,#4099));
#4097=ORIENTED_EDGE('',*,*,#4100,.T.);
#4098=ORIENTED_EDGE('',*,*,#4101,.T.);
#4099=ORIENTED_EDGE('',*,*,#4102,.T.);
#4100=EDGE_CURVE('',#304,#144,#4103,.F.);
#4101=EDGE_CURVE('',#144,#306,#4104,.T.);
#4102=EDGE_CURVE('',#306,#304,#4105,.T.);
#4103=LINE('',#303,#4106);
#4104=LINE('',#143,#4107);
#4105=LINE('',#305,#4108);
#4106=VECTOR('',#4109,1.0);
#4107=VECTOR('',#4110,1.0);
#4108=VECTOR('',#4111,1.0);
#4109=DIRECTION('',(-0.9997026120508528,-0.021811693353836804,0.010905846676918402));
#4110=DIRECTION('',(0.8822517719093295,-0.43919957204219856,0.16951562429698908));
#4111=DIRECTION('',(0.3361606838112606,0.8769409142902433,-0.34346852476367895));
#4112=STYLED_ITEM('',(#18),#4113);
#4113=FACE_SURFACE('',(#4118),#4114,.T.);
#4114=PLANE('',#4115);
#4115=AXIS2_PLACEMENT_3D('',#305,#4116,#4117);
#4116=DIRECTION('',(0.0003860357294801245,0.3607503891991343,0.9326623224238709));
#4117=DIRECTION('',(-0.8822517719093295,0.43919957204219856,-0.16951562429698908));
#4118=FACE_BOUND('',#4119,.T.);
#4119=EDGE_LOOP('',(#4120,#4121,#4122));
#4120=ORIENTED_EDGE('',*,*,#4123,.T.);
#4121=ORIENTED_EDGE('',*,*,#4124,.T.);
#4122=ORIENTED_EDGE('',*,*,#4125,.T.);
#4123=EDGE_CURVE('',#306,#144,#4126,.F.);
#4124=EDGE_CURVE('',#144,#140,#4127,.T.);
#4125=EDGE_CURVE('',#140,#306,#4128,.T.);
#4126=LINE('',#305,#4129);
#4127=LINE('',#143,#4130);
#4128=LINE('',#139,#4131);
#4129=VECTOR('',#4132,1.0);
#4130=VECTOR('',#4133,1.0);
#4131=VECTOR('',#4134,1.0);
#4132=DIRECTION('',(-0.8822517719093295,0.43919957204219856,-0.16951562429698908));
#4133=DIRECTION('',(0.008798372803435518,-0.9326275171641629,0.36073328494085594));
#4134=DIRECTION('',(0.9992985995149627,-0.035063108754911004,0.013148665783091597));
#4135=STYLED_ITEM('',(#18),#4136);
#4136=FACE_SURFACE('',(#4141),#4137,.T.);
#4137=PLANE('',#4138);
#4138=AXIS2_PLACEMENT_3D('',#305,#4139,#4140);
#4139=DIRECTION('',(-0.004421904385901113,0.2381798498769471,0.9712109996670121));
#4140=DIRECTION('',(-0.9992985995149627,0.035063108754911004,-0.013148665783091597));
#4141=FACE_BOUND('',#4142,.T.);
#4142=EDGE_LOOP('',(#4143,#4144,#4145));
#4143=ORIENTED_EDGE('',*,*,#4146,.T.);
#4144=ORIENTED_EDGE('',*,*,#4147,.T.);
#4145=ORIENTED_EDGE('',*,*,#4148,.T.);
#4146=EDGE_CURVE('',#306,#140,#4149,.F.);
#4147=EDGE_CURVE('',#140,#136,#4150,.T.);
#4148=EDGE_CURVE('',#136,#306,#4151,.T.);
#4149=LINE('',#305,#4152);
#4150=LINE('',#139,#4153);
#4151=LINE('',#135,#4154);
#4152=VECTOR('',#4155,1.0);
#4153=VECTOR('',#4156,1.0);
#4154=VECTOR('',#4157,1.0);
#4155=DIRECTION('',(-0.9992985995149627,0.035063108754911004,-0.013148665783091597));
#4156=DIRECTION('',(0.00916198189240515,-0.9711700805949459,0.23821152920253366));
#4157=DIRECTION('',(0.9141491372827364,0.3946546936286707,-0.09262304034142266));
#4158=STYLED_ITEM('',(#18),#4159);
#4159=FACE_SURFACE('',(#4164),#4160,.T.);
#4160=PLANE('',#4161);
#4161=AXIS2_PLACEMENT_3D('',#307,#4162,#4163);
#4162=DIRECTION('',(0.008322414837484197,-0.36191170515067783,0.9321752276724595));
#4163=DIRECTION('',(-0.3361606838112604,0.8769409142902433,0.34346852476367884));
#4164=FACE_BOUND('',#4165,.T.);
#4165=EDGE_LOOP('',(#4166,#4167,#4168));
#4166=ORIENTED_EDGE('',*,*,#4169,.T.);
#4167=ORIENTED_EDGE('',*,*,#4170,.T.);
#4168=ORIENTED_EDGE('',*,*,#4171,.T.);
#4169=EDGE_CURVE('',#308,#310,#4172,.F.);
#4170=EDGE_CURVE('',#310,#130,#4173,.T.);
#4171=EDGE_CURVE('',#130,#308,#4174,.T.);
#4172=LINE('',#307,#4175);
#4173=LINE('',#309,#4176);
#4174=LINE('',#129,#4177);
#4175=VECTOR('',#4178,1.0);
#4176=VECTOR('',#4179,1.0);
#4177=VECTOR('',#4180,1.0);
#4178=DIRECTION('',(-0.3361606838112604,0.8769409142902433,0.34346852476367884));
#4179=DIRECTION('',(-0.9899485414950525,-0.13459826660678312,-0.04341879567960755));
#4180=DIRECTION('',(0.9433369231872383,-0.3064123582615483,-0.12738491298513802));
#4181=STYLED_ITEM('',(#18),#4182);
#4182=FACE_SURFACE('',(#4187),#4183,.T.);
#4183=PLANE('',#4184);
#4184=AXIS2_PLACEMENT_3D('',#129,#4185,#4186);
#4185=DIRECTION('',(-0.013403099551263724,-0.2163344036946153,0.976227321222119));
#4186=DIRECTION('',(0.9899485414950525,0.13459826660678312,0.04341879567960755));
#4187=FACE_BOUND('',#4188,.T.);
#4188=EDGE_LOOP('',(#4189,#4190,#4191));
#4189=ORIENTED_EDGE('',*,*,#4192,.T.);
#4190=ORIENTED_EDGE('',*,*,#4193,.T.);
#4191=ORIENTED_EDGE('',*,*,#4194,.T.);
#4192=EDGE_CURVE('',#130,#310,#4195,.F.);
#4193=EDGE_CURVE('',#310,#312,#4196,.T.);
#4194=EDGE_CURVE('',#312,#130,#4197,.T.);
#4195=LINE('',#129,#4198);
#4196=LINE('',#309,#4199);
#4197=LINE('',#311,#4200);
#4198=VECTOR('',#4201,1.0);
#4199=VECTOR('',#4202,1.0);
#4200=VECTOR('',#4203,1.0);
#4201=DIRECTION('',(0.9899485414950525,0.13459826660678312,0.04341879567960755));
#4202=DIRECTION('',(-0.2164089665584282,0.9538024822389974,0.20839381964885662));
#4203=DIRECTION('',(-0.7933022584697114,-0.5920166107982918,-0.1420839865915901));
#4204=STYLED_ITEM('',(#18),#4205);
#4205=FACE_SURFACE('',(#4210),#4206,.T.);
#4206=PLANE('',#4207);
#4207=AXIS2_PLACEMENT_3D('',#129,#4208,#4209);
#4208=DIRECTION('',(-0.02436484821329226,-0.2023152574853728,0.9790173087132681));
#4209=DIRECTION('',(0.7933022584697114,0.5920166107982918,0.1420839865915901));
#4210=FACE_BOUND('',#4211,.T.);
#4211=EDGE_LOOP('',(#4212,#4213,#4214));
#4212=ORIENTED_EDGE('',*,*,#4215,.T.);
#4213=ORIENTED_EDGE('',*,*,#4216,.T.);
#4214=ORIENTED_EDGE('',*,*,#4217,.T.);
#4215=EDGE_CURVE('',#130,#312,#4218,.F.);
#4216=EDGE_CURVE('',#312,#134,#4219,.T.);
#4217=EDGE_CURVE('',#134,#130,#4220,.T.);
#4218=LINE('',#129,#4221);
#4219=LINE('',#311,#4222);
#4220=LINE('',#133,#4223);
#4221=VECTOR('',#4224,1.0);
#4222=VECTOR('',#4225,1.0);
#4223=VECTOR('',#4226,1.0);
#4224=DIRECTION('',(0.7933022584697114,0.5920166107982918,0.1420839865915901));
#4225=DIRECTION('',(-0.965905616844203,0.2572512446871498,0.029122782417413156));
#4226=DIRECTION('',(-0.009647436916995537,-0.9792148470750459,-0.20259617525690607));
#4227=STYLED_ITEM('',(#18),#4228);
#4228=FACE_SURFACE('',(#4233),#4229,.T.);
#4229=PLANE('',#4230);
#4230=AXIS2_PLACEMENT_3D('',#133,#4231,#4232);
#4231=DIRECTION('',(0.0101847303462472,-0.07464504899338151,0.9971581559254028));
#4232=DIRECTION('',(0.965905616844203,-0.2572512446871498,-0.029122782417413156));
#4233=FACE_BOUND('',#4234,.T.);
#4234=EDGE_LOOP('',(#4235,#4236,#4237));
#4235=ORIENTED_EDGE('',*,*,#4238,.T.);
#4236=ORIENTED_EDGE('',*,*,#4239,.T.);
#4237=ORIENTED_EDGE('',*,*,#4240,.T.);
#4238=EDGE_CURVE('',#134,#312,#4241,.F.);
#4239=EDGE_CURVE('',#312,#314,#4242,.T.);
#4240=EDGE_CURVE('',#314,#134,#4243,.T.);
#4241=LINE('',#133,#4244);
#4242=LINE('',#311,#4245);
#4243=LINE('',#313,#4246);
#4244=VECTOR('',#4247,1.0);
#4245=VECTOR('',#4248,1.0);
#4246=VECTOR('',#4249,1.0);
#4247=DIRECTION('',(0.965905616844203,-0.2572512446871498,-0.029122782417413156));
#4248=DIRECTION('',(-0.07520132860567834,0.994328678230635,0.07520132860567827));
#4249=DIRECTION('',(-0.9445258071491168,-0.32809843827285096,-0.014913565376038692));
#4250=STYLED_ITEM('',(#18),#4251);
#4251=FACE_SURFACE('',(#4256),#4252,.T.);
#4252=PLANE('',#4253);
#4253=AXIS2_PLACEMENT_3D('',#133,#4254,#4255);
#4254=DIRECTION('',(-0.030797169203761812,0.043268121671457965,0.9985887061328397));
#4255=DIRECTION('',(0.9445258071491168,0.32809843827285096,0.014913565376038692));
#4256=FACE_BOUND('',#4257,.T.);
#4257=EDGE_LOOP('',(#4258,#4259,#4260));
#4258=ORIENTED_EDGE('',*,*,#4261,.T.);
#4259=ORIENTED_EDGE('',*,*,#4262,.T.);
#4260=ORIENTED_EDGE('',*,*,#4263,.T.);
#4261=EDGE_CURVE('',#134,#314,#4264,.F.);
#4262=EDGE_CURVE('',#314,#136,#4265,.T.);
#4263=EDGE_CURVE('',#136,#134,#4266,.T.);
#4264=LINE('',#133,#4267);
#4265=LINE('',#313,#4268);
#4266=LINE('',#135,#4269);
#4267=VECTOR('',#4270,1.0);
#4268=VECTOR('',#4271,1.0);
#4269=VECTOR('',#4272,1.0);
#4270=DIRECTION('',(0.9445258071491168,0.32809843827285096,0.014913565376038692));
#4271=DIRECTION('',(-0.8035003766470843,0.5931599639122457,-0.05048169905636133));
#4272=DIRECTION('',(0.004826302041952387,-0.9990445226841431,0.04343671837757145));
#4273=STYLED_ITEM('',(#18),#4274);
#4274=FACE_SURFACE('',(#4279),#4275,.T.);
#4275=PLANE('',#4276);
#4276=AXIS2_PLACEMENT_3D('',#135,#4277,#4278);
#4277=DIRECTION('',(-0.007049075169992199,0.07531380313202189,0.9971349665903));
#4278=DIRECTION('',(0.8035003766470843,-0.5931599639122457,0.05048169905636133));
#4279=FACE_BOUND('',#4280,.T.);
#4280=EDGE_LOOP('',(#4281,#4282,#4283));
#4281=ORIENTED_EDGE('',*,*,#4284,.T.);
#4282=ORIENTED_EDGE('',*,*,#4285,.T.);
#4283=ORIENTED_EDGE('',*,*,#4286,.T.);
#4284=EDGE_CURVE('',#136,#314,#4287,.F.);
#4285=EDGE_CURVE('',#314,#316,#4288,.T.);
#4286=EDGE_CURVE('',#316,#136,#4289,.T.);
#4287=LINE('',#135,#4290);
#4288=LINE('',#313,#4291);
#4289=LINE('',#315,#4292);
#4290=VECTOR('',#4293,1.0);
#4291=VECTOR('',#4294,1.0);
#4292=VECTOR('',#4295,1.0);
#4293=DIRECTION('',(0.8035003766470843,-0.5931599639122457,0.05048169905636133));
#4294=DIRECTION('',(0.07458165152454432,0.9944220203272567,-0.07458165152454425));
#4295=DIRECTION('',(-0.9944220203272567,0.10441431213436207,-0.014916330304908859));
#4296=STYLED_ITEM('',(#18),#4297);
#4297=FACE_SURFACE('',(#4302),#4298,.T.);
#4298=PLANE('',#4299);
#4299=AXIS2_PLACEMENT_3D('',#135,#4300,#4301);
#4300=DIRECTION('',(0.0075801879328541615,0.21180408716086135,0.9772827479357531));
#4301=DIRECTION('',(0.9944220203272567,-0.10441431213436207,0.014916330304908859));
#4302=FACE_BOUND('',#4303,.T.);
#4303=EDGE_LOOP('',(#4304,#4305,#4306));
#4304=ORIENTED_EDGE('',*,*,#4307,.T.);
#4305=ORIENTED_EDGE('',*,*,#4308,.T.);
#4306=ORIENTED_EDGE('',*,*,#4309,.T.);
#4307=EDGE_CURVE('',#136,#316,#4310,.F.);
#4308=EDGE_CURVE('',#316,#306,#4311,.T.);
#4309=EDGE_CURVE('',#306,#136,#4312,.T.);
#4310=LINE('',#135,#4313);
#4311=LINE('',#315,#4314);
#4312=LINE('',#305,#4315);
#4313=VECTOR('',#4316,1.0);
#4314=VECTOR('',#4317,1.0);
#4315=VECTOR('',#4318,1.0);
#4316=DIRECTION('',(0.9944220203272567,-0.10441431213436207,0.014916330304908859));
#4317=DIRECTION('',(0.216408966558428,0.9538024822389974,-0.20839381964885642));
#4318=DIRECTION('',(-0.9141491372827364,-0.3946546936286707,0.09262304034142266));
#4319=STYLED_ITEM('',(#18),#4320);
#4320=FACE_SURFACE('',(#4325),#4321,.T.);
#4321=PLANE('',#4322);
#4322=AXIS2_PLACEMENT_3D('',#129,#4323,#4324);
#4323=DIRECTION('',(-0.0012745267004004213,-0.38722133568745865,0.9219859070344352));
#4324=DIRECTION('',(-0.009219429215147963,-0.9219429215147957,-0.38721602703621405));
#4325=FACE_BOUND('',#4326,.T.);
#4326=EDGE_LOOP('',(#4327,#4328,#4329));
#4327=ORIENTED_EDGE('',*,*,#4330,.T.);
#4328=ORIENTED_EDGE('',*,*,#4331,.T.);
#4329=ORIENTED_EDGE('',*,*,#4332,.T.);
#4330=EDGE_CURVE('',#130,#126,#4333,.F.);
#4331=EDGE_CURVE('',#126,#308,#4334,.T.);
#4332=EDGE_CURVE('',#308,#130,#4335,.T.);
#4333=LINE('',#129,#4336);
#4334=LINE('',#125,#4337);
#4335=LINE('',#307,#4338);
#4336=VECTOR('',#4339,1.0);
#4337=VECTOR('',#4340,1.0);
#4338=VECTOR('',#4341,1.0);
#4339=DIRECTION('',(-0.009219429215147963,-0.9219429215147957,-0.38721602703621405));
#4340=DIRECTION('',(0.9990361061740146,0.03996144424696062,0.0181642928395275));
#4341=DIRECTION('',(-0.9433369231872383,0.3064123582615483,0.12738491298513802));
#4342=STYLED_ITEM('',(#18),#4343);
#4343=FACE_SURFACE('',(#4348),#4344,.T.);
#4344=PLANE('',#4345);
#4345=AXIS2_PLACEMENT_3D('',#307,#4346,#4347);
#4346=DIRECTION('',(0.00472956263971425,-0.5093866788989491,0.8605247483934069));
#4347=DIRECTION('',(-0.9990361061740146,-0.03996144424696062,-0.0181642928395275));
#4348=FACE_BOUND('',#4349,.T.);
#4349=EDGE_LOOP('',(#4350,#4351,#4352));
#4350=ORIENTED_EDGE('',*,*,#4353,.T.);
#4351=ORIENTED_EDGE('',*,*,#4354,.T.);
#4352=ORIENTED_EDGE('',*,*,#4355,.T.);
#4353=EDGE_CURVE('',#308,#126,#4356,.F.);
#4354=EDGE_CURVE('',#126,#122,#4357,.T.);
#4355=EDGE_CURVE('',#122,#308,#4358,.T.);
#4356=LINE('',#307,#4359);
#4357=LINE('',#125,#4360);
#4358=LINE('',#121,#4361);
#4359=VECTOR('',#4362,1.0);
#4360=VECTOR('',#4363,1.0);
#4361=VECTOR('',#4364,1.0);
#4362=DIRECTION('',(-0.9990361061740146,-0.03996144424696062,-0.0181642928395275));
#4363=DIRECTION('',(-0.01756008143682252,-0.860443990404303,-0.5092423616678526));
#4364=DIRECTION('',(0.9103817150440184,0.3582368481581157,0.20705432508221353));
#4365=STYLED_ITEM('',(#18),#4366);
#4366=FACE_SURFACE('',(#4371),#4367,.T.);
#4367=PLANE('',#4368);
#4368=AXIS2_PLACEMENT_3D('',#307,#4369,#4370);
#4369=DIRECTION('',(0.002818889243999675,-0.5057680754102561,0.8626648872877785));
#4370=DIRECTION('',(-0.9103817150440184,-0.3582368481581157,-0.20705432508221353));
#4371=FACE_BOUND('',#4372,.T.);
#4372=EDGE_LOOP('',(#4373,#4374,#4375));
#4373=ORIENTED_EDGE('',*,*,#4376,.T.);
#4374=ORIENTED_EDGE('',*,*,#4377,.T.);
#4375=ORIENTED_EDGE('',*,*,#4378,.T.);
#4376=EDGE_CURVE('',#308,#122,#4379,.F.);
#4377=EDGE_CURVE('',#122,#318,#4380,.T.);
#4378=EDGE_CURVE('',#318,#308,#4381,.T.);
#4379=LINE('',#307,#4382);
#4380=LINE('',#121,#4383);
#4381=LINE('',#317,#4384);
#4382=VECTOR('',#4385,1.0);
#4383=VECTOR('',#4386,1.0);
#4384=VECTOR('',#4387,1.0);
#4385=DIRECTION('',(-0.9103817150440184,-0.3582368481581157,-0.20705432508221353));
#4386=DIRECTION('',(0.9993853933417266,-0.028717971073038147,-0.020102579751126705));
#4387=DIRECTION('',(-0.4573322286972506,0.7665145804925758,0.45089092970151495));
#4388=STYLED_ITEM('',(#18),#4389);
#4389=FACE_SURFACE('',(#4394),#4390,.T.);
#4390=PLANE('',#4391);
#4391=AXIS2_PLACEMENT_3D('',#317,#4392,#4393);
#4392=DIRECTION('',(-0.002329737551026968,-0.6266071343925479,0.7793318108811566));
#4393=DIRECTION('',(-0.9993853933417266,0.028717971073038147,0.020102579751126705));
#4394=FACE_BOUND('',#4395,.T.);
#4395=EDGE_LOOP('',(#4396,#4397,#4398));
#4396=ORIENTED_EDGE('',*,*,#4399,.T.);
#4397=ORIENTED_EDGE('',*,*,#4400,.T.);
#4398=ORIENTED_EDGE('',*,*,#4401,.T.);
#4399=EDGE_CURVE('',#318,#122,#4402,.F.);
#4400=EDGE_CURVE('',#122,#118,#4403,.T.);
#4401=EDGE_CURVE('',#118,#318,#4404,.T.);
#4402=LINE('',#317,#4405);
#4403=LINE('',#121,#4406);
#4404=LINE('',#117,#4407);
#4405=VECTOR('',#4408,1.0);
#4406=VECTOR('',#4409,1.0);
#4407=VECTOR('',#4410,1.0);
#4408=DIRECTION('',(-0.9993853933417266,0.028717971073038147,0.020102579751126705));
#4409=DIRECTION('',(-0.02409502539944978,-0.7790724879155421,-0.6264706603856939));
#4410=DIRECTION('',(0.9524444225774938,0.23607596798929328,0.19265969801425092));
#4411=STYLED_ITEM('',(#18),#4412);
#4412=FACE_SURFACE('',(#4417),#4413,.T.);
#4413=PLANE('',#4414);
#4414=AXIS2_PLACEMENT_3D('',#317,#4415,#4416);
#4415=DIRECTION('',(0.016180726563429556,-0.6705594124658505,0.7416793501516225));
#4416=DIRECTION('',(-0.9524444225774938,-0.23607596798929328,-0.19265969801425092));
#4417=FACE_BOUND('',#4418,.T.);
#4418=EDGE_LOOP('',(#4419,#4420,#4421));
#4419=ORIENTED_EDGE('',*,*,#4422,.T.);
#4420=ORIENTED_EDGE('',*,*,#4423,.T.);
#4421=ORIENTED_EDGE('',*,*,#4424,.T.);
#4422=EDGE_CURVE('',#318,#118,#4425,.F.);
#4423=EDGE_CURVE('',#118,#320,#4426,.T.);
#4424=EDGE_CURVE('',#320,#318,#4427,.T.);
#4425=LINE('',#317,#4428);
#4426=LINE('',#117,#4429);
#4427=LINE('',#319,#4430);
#4428=VECTOR('',#4431,1.0);
#4429=VECTOR('',#4432,1.0);
#4430=VECTOR('',#4433,1.0);
#4431=DIRECTION('',(-0.9524444225774938,-0.23607596798929328,-0.19265969801425092));
#4432=DIRECTION('',(0.9719934203745008,-0.16338350940767962,-0.1689219334553975));
#4433=DIRECTION('',(0,0.7417764609486829,0.6706472112686722));
#4434=STYLED_ITEM('',(#18),#4435);
#4435=FACE_SURFACE('',(#4440),#4436,.T.);
#4436=PLANE('',#4437);
#4437=AXIS2_PLACEMENT_3D('',#319,#4438,#4439);
#4438=DIRECTION('',(-0.00912469539769599,-0.7444876746050381,0.6675738478214093));
#4439=DIRECTION('',(-0.9719934203745008,0.16338350940767962,0.1689219334553975));
#4440=FACE_BOUND('',#4441,.T.);
#4441=EDGE_LOOP('',(#4442,#4443,#4444));
#4442=ORIENTED_EDGE('',*,*,#4445,.T.);
#4443=ORIENTED_EDGE('',*,*,#4446,.T.);
#4444=ORIENTED_EDGE('',*,*,#4447,.T.);
#4445=EDGE_CURVE('',#320,#118,#4448,.F.);
#4446=EDGE_CURVE('',#118,#114,#4449,.T.);
#4447=EDGE_CURVE('',#114,#320,#4450,.T.);
#4448=LINE('',#319,#4451);
#4449=LINE('',#117,#4452);
#4450=LINE('',#113,#4453);
#4451=VECTOR('',#4454,1.0);
#4452=VECTOR('',#4455,1.0);
#4453=VECTOR('',#4456,1.0);
#4454=DIRECTION('',(-0.9719934203745008,0.16338350940767962,0.1689219334553975));
#4455=DIRECTION('',(-0.02809041405250677,-0.6671473337470352,-0.7443959723914289));
#4456=DIRECTION('',(0.9870788618655019,0.10009813810467062,0.12512267263083837));
#4457=STYLED_ITEM('',(#18),#4458);
#4458=FACE_SURFACE('',(#4463),#4459,.T.);
#4459=PLANE('',#4460);
#4460=AXIS2_PLACEMENT_3D('',#319,#4461,#4462);
#4461=DIRECTION('',(0.01314907825262759,-0.8288359619698237,0.5593371522495743));
#4462=DIRECTION('',(-0.9870788618655019,-0.10009813810467062,-0.12512267263083837));
#4463=FACE_BOUND('',#4464,.T.);
#4464=EDGE_LOOP('',(#4465,#4466,#4467));
#4465=ORIENTED_EDGE('',*,*,#4468,.T.);
#4466=ORIENTED_EDGE('',*,*,#4469,.T.);
#4467=ORIENTED_EDGE('',*,*,#4470,.T.);
#4468=EDGE_CURVE('',#320,#114,#4471,.F.);
#4469=EDGE_CURVE('',#114,#322,#4472,.T.);
#4470=EDGE_CURVE('',#322,#320,#4473,.T.);
#4471=LINE('',#319,#4474);
#4472=LINE('',#113,#4475);
#4473=LINE('',#321,#4476);
#4474=VECTOR('',#4477,1.0);
#4475=VECTOR('',#4478,1.0);
#4476=VECTOR('',#4479,1.0);
#4477=DIRECTION('',(-0.9870788618655019,-0.10009813810467062,-0.12512267263083837));
#4478=DIRECTION('',(0.9309124033436151,-0.19404934604909163,-0.30943003829449744));
#4479=DIRECTION('',(0,0.5593855127306261,0.8289076234099279));
#4480=STYLED_ITEM('',(#18),#4481);
#4481=FACE_SURFACE('',(#4486),#4482,.T.);
#4482=PLANE('',#4483);
#4483=AXIS2_PLACEMENT_3D('',#321,#4484,#4485);
#4484=DIRECTION('',(-0.008020198245974169,-0.8578466947409652,0.5138430935043271));
#4485=DIRECTION('',(-0.9309124033436151,0.19404934604909163,0.30943003829449744));
#4486=FACE_BOUND('',#4487,.T.);
#4487=EDGE_LOOP('',(#4488,#4489,#4490));
#4488=ORIENTED_EDGE('',*,*,#4491,.T.);
#4489=ORIENTED_EDGE('',*,*,#4492,.T.);
#4490=ORIENTED_EDGE('',*,*,#4493,.T.);
#4491=EDGE_CURVE('',#322,#114,#4494,.F.);
#4492=EDGE_CURVE('',#114,#110,#4495,.T.);
#4493=EDGE_CURVE('',#110,#322,#4496,.T.);
#4494=LINE('',#321,#4497);
#4495=LINE('',#113,#4498);
#4496=LINE('',#109,#4499);
#4497=VECTOR('',#4500,1.0);
#4498=VECTOR('',#4501,1.0);
#4499=VECTOR('',#4502,1.0);
#4500=DIRECTION('',(-0.9309124033436151,0.19404934604909163,0.30943003829449744));
#4501=DIRECTION('',(-0.028212140377730552,-0.5134609548746957,-0.8576490674830078));
#4502=DIRECTION('',(0.994471343711095,0.04696114678635727,0.09392229357271446));
#4503=STYLED_ITEM('',(#18),#4504);
#4504=FACE_SURFACE('',(#4509),#4505,.T.);
#4505=PLANE('',#4506);
#4506=AXIS2_PLACEMENT_3D('',#321,#4507,#4508);
#4507=DIRECTION('',(0.011700325527786942,-0.938411990958031,0.34532019577303646));
#4508=DIRECTION('',(-0.994471343711095,-0.04696114678635727,-0.09392229357271446));
#4509=FACE_BOUND('',#4510,.T.);
#4510=EDGE_LOOP('',(#4511,#4512,#4513));
#4511=ORIENTED_EDGE('',*,*,#4514,.T.);
#4512=ORIENTED_EDGE('',*,*,#4515,.T.);
#4513=ORIENTED_EDGE('',*,*,#4516,.T.);
#4514=EDGE_CURVE('',#322,#110,#4517,.F.);
#4515=EDGE_CURVE('',#110,#106,#4518,.T.);
#4516=EDGE_CURVE('',#106,#322,#4519,.T.);
#4517=LINE('',#321,#4520);
#4518=LINE('',#109,#4521);
#4519=LINE('',#105,#4522);
#4520=VECTOR('',#4523,1.0);
#4521=VECTOR('',#4524,1.0);
#4522=VECTOR('',#4525,1.0);
#4523=DIRECTION('',(-0.994471343711095,-0.04696114678635727,-0.09392229357271446));
#4524=DIRECTION('',(-0.03290648922365514,-0.3455181368483786,-0.9378349428741705));
#4525=DIRECTION('',(0.9160864287726058,0.14848653653182348,0.37247470180864184));
#4526=STYLED_ITEM('',(#18),#4527);
#4527=FACE_SURFACE('',(#4532),#4528,.T.);
#4528=PLANE('',#4529);
#4529=AXIS2_PLACEMENT_3D('',#321,#4530,#4531);
#4530=DIRECTION('',(0.00900280030641068,-0.93629123186671,0.3511092119500163));
#4531=DIRECTION('',(-0.9160864287726058,-0.14848653653182348,-0.37247470180864184));
#4532=FACE_BOUND('',#4533,.T.);
#4533=EDGE_LOOP('',(#4534,#4535,#4536));
#4534=ORIENTED_EDGE('',*,*,#4537,.T.);
#4535=ORIENTED_EDGE('',*,*,#4538,.T.);
#4536=ORIENTED_EDGE('',*,*,#4539,.T.);
#4537=EDGE_CURVE('',#322,#106,#4540,.F.);
#4538=EDGE_CURVE('',#106,#324,#4541,.T.);
#4539=EDGE_CURVE('',#324,#322,#4542,.T.);
#4540=LINE('',#321,#4543);
#4541=LINE('',#105,#4544);
#4542=LINE('',#323,#4545);
#4543=VECTOR('',#4546,1.0);
#4544=VECTOR('',#4547,1.0);
#4545=VECTOR('',#4548,1.0);
#4546=DIRECTION('',(-0.9160864287726058,-0.14848653653182348,-0.37247470180864184));
#4547=DIRECTION('',(0.9947731833209987,-0.027328933607719753,-0.09838416098779118));
#4548=DIRECTION('',(0,0.35112344158839176,0.9363291775690445));
#4549=STYLED_ITEM('',(#18),#4550);
#4550=FACE_SURFACE('',(#4555),#4551,.T.);
#4551=PLANE('',#4552);
#4552=AXIS2_PLACEMENT_3D('',#323,#4553,#4554);
#4553=DIRECTION('',(-0.004145209502596651,-0.9735320603241271,0.22851289845266903));
#4554=DIRECTION('',(-0.9947731833209987,0.027328933607719753,0.09838416098779118));
#4555=FACE_BOUND('',#4556,.T.);
#4556=EDGE_LOOP('',(#4557,#4558,#4559));
#4557=ORIENTED_EDGE('',*,*,#4560,.T.);
#4558=ORIENTED_EDGE('',*,*,#4561,.T.);
#4559=ORIENTED_EDGE('',*,*,#4562,.T.);
#4560=EDGE_CURVE('',#324,#106,#4563,.F.);
#4561=EDGE_CURVE('',#106,#102,#4564,.T.);
#4562=EDGE_CURVE('',#102,#324,#4565,.T.);
#4563=LINE('',#323,#4566);
#4564=LINE('',#105,#4567);
#4565=LINE('',#101,#4568);
#4566=VECTOR('',#4569,1.0);
#4567=VECTOR('',#4570,1.0);
#4568=VECTOR('',#4571,1.0);
#4569=DIRECTION('',(-0.9947731833209987,0.027328933607719753,0.09838416098779118));
#4570=DIRECTION('',(-0.03603489868106806,-0.22822102498009755,-0.9729422643888377));
#4571=DIRECTION('',(0.99227249305027,0.02433365786771779,0.12166828933858907));
#4572=STYLED_ITEM('',(#18),#4573);
#4573=FACE_SURFACE('',(#4578),#4574,.T.);
#4574=PLANE('',#4575);
#4575=AXIS2_PLACEMENT_3D('',#323,#4576,#4577);
#4576=DIRECTION('',(0.004777012815630139,-0.9873458205396425,0.15850997070045594));
#4577=DIRECTION('',(-0.99227249305027,-0.02433365786771779,-0.12166828933858907));
#4578=FACE_BOUND('',#4579,.T.);
#4579=EDGE_LOOP('',(#4580,#4581,#4582));
#4580=ORIENTED_EDGE('',*,*,#4583,.T.);
#4581=ORIENTED_EDGE('',*,*,#4584,.T.);
#4582=ORIENTED_EDGE('',*,*,#4585,.T.);
#4583=EDGE_CURVE('',#324,#102,#4586,.F.);
#4584=EDGE_CURVE('',#102,#98,#4587,.T.);
#4585=EDGE_CURVE('',#98,#324,#4588,.T.);
#4586=LINE('',#323,#4589);
#4587=LINE('',#101,#4590);
#4588=LINE('',#97,#4591);
#4589=VECTOR('',#4592,1.0);
#4590=VECTOR('',#4593,1.0);
#4591=VECTOR('',#4594,1.0);
#4592=DIRECTION('',(-0.99227249305027,-0.02433365786771779,-0.12166828933858907));
#4593=DIRECTION('',(-0.0352398972335616,-0.15857953755102708,-0.9867171225397229));
#4594=DIRECTION('',(0.9634563272766193,0.04699786962324972,0.26371026844156786));
#4595=STYLED_ITEM('',(#18),#4596);
#4596=FACE_SURFACE('',(#4601),#4597,.T.);
#4597=PLANE('',#4598);
#4598=AXIS2_PLACEMENT_3D('',#89,#4599,#4600);
#4599=DIRECTION('',(0,-0.9985883275945727,0.05311640040396665));
#4600=DIRECTION('',(1,0,0));
#4601=FACE_BOUND('',#4602,.T.);
#4602=EDGE_LOOP('',(#4603,#4604,#4605));
#4603=ORIENTED_EDGE('',*,*,#4606,.T.);
#4604=ORIENTED_EDGE('',*,*,#4607,.T.);
#4605=ORIENTED_EDGE('',*,*,#4608,.T.);
#4606=EDGE_CURVE('',#90,#92,#4609,.F.);
#4607=EDGE_CURVE('',#92,#98,#4610,.T.);
#4608=EDGE_CURVE('',#98,#90,#4611,.T.);
#4609=LINE('',#89,#4612);
#4610=LINE('',#91,#4613);
#4611=LINE('',#97,#4614);
#4612=VECTOR('',#4615,1.0);
#4613=VECTOR('',#4616,1.0);
#4614=VECTOR('',#4617,1.0);
#4615=DIRECTION('',(1,0,0));
#4616=DIRECTION('',(-0.968967969377854,0.013129647281542738,0.2468373688930034));
#4617=DIRECTION('',(-0.03185366767432997,-0.053089446123883235,-0.9980815871290045));
#4618=STYLED_ITEM('',(#18),#4619);
#4619=FACE_SURFACE('',(#4624),#4620,.T.);
#4620=PLANE('',#4621);
#4621=AXIS2_PLACEMENT_3D('',#97,#4622,#4623);
#4622=DIRECTION('',(0.016380658532770008,-0.9929825482101653,0.11712101850684005));
#4623=DIRECTION('',(0.968967969377854,-0.013129647281542738,-0.2468373688930034));
#4624=FACE_BOUND('',#4625,.T.);
#4625=EDGE_LOOP('',(#4626,#4627,#4628));
#4626=ORIENTED_EDGE('',*,*,#4629,.T.);
#4627=ORIENTED_EDGE('',*,*,#4630,.T.);
#4628=ORIENTED_EDGE('',*,*,#4631,.T.);
#4629=EDGE_CURVE('',#98,#92,#4632,.F.);
#4630=EDGE_CURVE('',#92,#324,#4633,.T.);
#4631=EDGE_CURVE('',#324,#98,#4634,.T.);
#4632=LINE('',#97,#4635);
#4633=LINE('',#91,#4636);
#4634=LINE('',#323,#4637);
#4635=VECTOR('',#4638,1.0);
#4636=VECTOR('',#4639,1.0);
#4637=VECTOR('',#4640,1.0);
#4638=DIRECTION('',(0.968967969377854,-0.013129647281542738,-0.2468373688930034));
#4639=DIRECTION('',(0,0.11713673497544476,0.9931157965309445));
#4640=DIRECTION('',(-0.9634563272766193,-0.04699786962324972,-0.26371026844156786));
#4641=STYLED_ITEM('',(#18),#4642);
#4642=FACE_SURFACE('',(#4647),#4643,.T.);
#4643=PLANE('',#4644);
#4644=AXIS2_PLACEMENT_3D('',#253,#4645,#4646);
#4645=DIRECTION('',(0.0044219043859011035,0.23817984987694704,0.971210999667012));
#4646=DIRECTION('',(0.00916198189240515,0.9711700805949459,-0.23821152920253366));
#4647=FACE_BOUND('',#4648,.T.);
#4648=EDGE_LOOP('',(#4649,#4650,#4651));
#4649=ORIENTED_EDGE('',*,*,#4652,.T.);
#4650=ORIENTED_EDGE('',*,*,#4653,.T.);
#4651=ORIENTED_EDGE('',*,*,#4654,.T.);
#4652=EDGE_CURVE('',#254,#258,#4655,.F.);
#4653=EDGE_CURVE('',#258,#326,#4656,.T.);
#4654=EDGE_CURVE('',#326,#254,#4657,.T.);
#4655=LINE('',#253,#4658);
#4656=LINE('',#257,#4659);
#4657=LINE('',#325,#4660);
#4658=VECTOR('',#4661,1.0);
#4659=VECTOR('',#4662,1.0);
#4660=VECTOR('',#4663,1.0);
#4661=DIRECTION('',(0.00916198189240515,0.9711700805949459,-0.23821152920253366));
#4662=DIRECTION('',(-0.9992985995149627,-0.035063108754911004,0.013148665783091597));
#4663=DIRECTION('',(0.9141491372827364,-0.3946546936286707,0.09262304034142266));
#4664=STYLED_ITEM('',(#18),#4665);
#4665=FACE_SURFACE('',(#4670),#4666,.T.);
#4666=PLANE('',#4667);
#4667=AXIS2_PLACEMENT_3D('',#325,#4668,#4669);
#4668=DIRECTION('',(-0.0003860357294801245,0.3607503891991343,0.9326623224238709));
#4669=DIRECTION('',(0.9992985995149627,0.035063108754911004,-0.013148665783091597));
#4670=FACE_BOUND('',#4671,.T.);
#4671=EDGE_LOOP('',(#4672,#4673,#4674));
#4672=ORIENTED_EDGE('',*,*,#4675,.T.);
#4673=ORIENTED_EDGE('',*,*,#4676,.T.);
#4674=ORIENTED_EDGE('',*,*,#4677,.T.);
#4675=EDGE_CURVE('',#326,#258,#4678,.F.);
#4676=EDGE_CURVE('',#258,#262,#4679,.T.);
#4677=EDGE_CURVE('',#262,#326,#4680,.T.);
#4678=LINE('',#325,#4681);
#4679=LINE('',#257,#4682);
#4680=LINE('',#261,#4683);
#4681=VECTOR('',#4684,1.0);
#4682=VECTOR('',#4685,1.0);
#4683=VECTOR('',#4686,1.0);
#4684=DIRECTION('',(0.9992985995149627,0.035063108754911004,-0.013148665783091597));
#4685=DIRECTION('',(0.008798372803435518,0.9326275171641629,-0.36073328494085594));
#4686=DIRECTION('',(-0.8822517719093295,-0.43919957204219856,0.16951562429698908));
#4687=STYLED_ITEM('',(#18),#4688);
#4688=FACE_SURFACE('',(#4693),#4689,.T.);
#4689=PLANE('',#4690);
#4690=AXIS2_PLACEMENT_3D('',#325,#4691,#4692);
#4691=DIRECTION('',(-0.0022200936018412962,0.3639530370095472,0.931414654187879));
#4692=DIRECTION('',(0.8822517719093295,0.43919957204219856,-0.16951562429698908));
#4693=FACE_BOUND('',#4694,.T.);
#4694=EDGE_LOOP('',(#4695,#4696,#4697));
#4695=ORIENTED_EDGE('',*,*,#4698,.T.);
#4696=ORIENTED_EDGE('',*,*,#4699,.T.);
#4697=ORIENTED_EDGE('',*,*,#4700,.T.);
#4698=EDGE_CURVE('',#326,#262,#4701,.F.);
#4699=EDGE_CURVE('',#262,#328,#4702,.T.);
#4700=EDGE_CURVE('',#328,#326,#4703,.T.);
#4701=LINE('',#325,#4704);
#4702=LINE('',#261,#4705);
#4703=LINE('',#327,#4706);
#4704=VECTOR('',#4707,1.0);
#4705=VECTOR('',#4708,1.0);
#4706=VECTOR('',#4709,1.0);
#4707=DIRECTION('',(0.8822517719093295,0.43919957204219856,-0.16951562429698908));
#4708=DIRECTION('',(-0.9997026120508528,0.021811693353836804,-0.010905846676918402));
#4709=DIRECTION('',(0.3361606838112606,-0.8769409142902433,0.34346852476367895));
#4710=STYLED_ITEM('',(#18),#4711);
#4711=FACE_SURFACE('',(#4716),#4712,.T.);
#4712=PLANE('',#4713);
#4713=AXIS2_PLACEMENT_3D('',#327,#4714,#4715);
#4714=DIRECTION('',(0.0014010718064577106,0.4978475152279767,0.8672634481973299));
#4715=DIRECTION('',(0.9997026120508528,-0.021811693353836804,0.010905846676918402));
#4716=FACE_BOUND('',#4717,.T.);
#4717=EDGE_LOOP('',(#4718,#4719,#4720));
#4718=ORIENTED_EDGE('',*,*,#4721,.T.);
#4719=ORIENTED_EDGE('',*,*,#4722,.T.);
#4720=ORIENTED_EDGE('',*,*,#4723,.T.);
#4721=EDGE_CURVE('',#328,#262,#4724,.F.);
#4722=EDGE_CURVE('',#262,#266,#4725,.T.);
#4723=EDGE_CURVE('',#266,#328,#4726,.T.);
#4724=LINE('',#327,#4727);
#4725=LINE('',#261,#4728);
#4726=LINE('',#265,#4729);
#4727=VECTOR('',#4730,1.0);
#4728=VECTOR('',#4731,1.0);
#4729=VECTOR('',#4732,1.0);
#4730=DIRECTION('',(0.9997026120508528,-0.021811693353836804,0.010905846676918402));
#4731=DIRECTION('',(0.016058171714224103,0.8671412725681016,-0.49780332314094666));
#4732=DIRECTION('',(-0.9201997650806297,-0.3388461228816762,0.1959992279413615));
#4733=STYLED_ITEM('',(#18),#4734);
#4734=FACE_SURFACE('',(#4739),#4735,.T.);
#4735=PLANE('',#4736);
#4736=AXIS2_PLACEMENT_3D('',#327,#4737,#4738);
#4737=DIRECTION('',(-0.002553139370856188,0.5058863296253278,0.8625963731534971));
#4738=DIRECTION('',(0.9201997650806297,0.3388461228816762,-0.1959992279413615));
#4739=FACE_BOUND('',#4740,.T.);
#4740=EDGE_LOOP('',(#4741,#4742,#4743));
#4741=ORIENTED_EDGE('',*,*,#4744,.T.);
#4742=ORIENTED_EDGE('',*,*,#4745,.T.);
#4743=ORIENTED_EDGE('',*,*,#4746,.T.);
#4744=EDGE_CURVE('',#328,#266,#4747,.F.);
#4745=EDGE_CURVE('',#266,#330,#4748,.T.);
#4746=EDGE_CURVE('',#330,#328,#4749,.T.);
#4747=LINE('',#327,#4750);
#4748=LINE('',#265,#4751);
#4749=LINE('',#329,#4752);
#4750=VECTOR('',#4753,1.0);
#4751=VECTOR('',#4754,1.0);
#4752=VECTOR('',#4755,1.0);
#4753=DIRECTION('',(0.9201997650806297,0.3388461228816762,-0.1959992279413615));
#4754=DIRECTION('',(-0.9983115261220368,0.04876809179331761,-0.03155582410155866));
#4755=DIRECTION('',(0.45733222869725065,-0.7665145804925756,0.450890929701515));
#4756=STYLED_ITEM('',(#18),#4757);
#4757=FACE_SURFACE('',(#4762),#4758,.T.);
#4758=PLANE('',#4759);
#4759=AXIS2_PLACEMENT_3D('',#329,#4760,#4761);
#4760=DIRECTION('',(0.005571789965844728,0.6211431453923908,0.7836773239596918));
#4761=DIRECTION('',(0.9983115261220368,-0.04876809179331761,0.03155582410155866));
#4762=FACE_BOUND('',#4763,.T.);
#4763=EDGE_LOOP('',(#4764,#4765,#4766));
#4764=ORIENTED_EDGE('',*,*,#4767,.T.);
#4765=ORIENTED_EDGE('',*,*,#4768,.T.);
#4766=ORIENTED_EDGE('',*,*,#4769,.T.);
#4767=EDGE_CURVE('',#330,#266,#4770,.F.);
#4768=EDGE_CURVE('',#266,#270,#4771,.T.);
#4769=EDGE_CURVE('',#270,#330,#4772,.T.);
#4770=LINE('',#329,#4773);
#4771=LINE('',#265,#4774);
#4772=LINE('',#269,#4775);
#4773=VECTOR('',#4776,1.0);
#4774=VECTOR('',#4777,1.0);
#4775=VECTOR('',#4778,1.0);
#4776=DIRECTION('',(0.9983115261220368,-0.04876809179331761,0.03155582410155866));
#4777=DIRECTION('',(0.0211740675778221,0.7834405003794169,-0.6211059822827812));
#4778=DIRECTION('',(-0.9449766554508557,-0.2530706712603434,0.20730257113879177));
#4779=STYLED_ITEM('',(#18),#4780);
#4780=FACE_SURFACE('',(#4785),#4781,.T.);
#4781=PLANE('',#4782);
#4782=AXIS2_PLACEMENT_3D('',#329,#4783,#4784);
#4783=DIRECTION('',(-0.010464119727254249,0.6567447857959502,0.754040309617573));
#4784=DIRECTION('',(0.9449766554508557,0.2530706712603434,-0.20730257113879177));
#4785=FACE_BOUND('',#4786,.T.);
#4786=EDGE_LOOP('',(#4787,#4788,#4789));
#4787=ORIENTED_EDGE('',*,*,#4790,.T.);
#4788=ORIENTED_EDGE('',*,*,#4791,.T.);
#4789=ORIENTED_EDGE('',*,*,#4792,.T.);
#4790=EDGE_CURVE('',#330,#270,#4793,.F.);
#4791=EDGE_CURVE('',#270,#332,#4794,.T.);
#4792=EDGE_CURVE('',#332,#330,#4795,.T.);
#4793=LINE('',#329,#4796);
#4794=LINE('',#269,#4797);
#4795=LINE('',#331,#4798);
#4796=VECTOR('',#4799,1.0);
#4797=VECTOR('',#4800,1.0);
#4798=VECTOR('',#4801,1.0);
#4799=DIRECTION('',(0.9449766554508557,0.2530706712603434,-0.20730257113879177));
#4800=DIRECTION('',(-0.992531803413437,0.08483177806952462,-0.08765950400517536));
#4801=DIRECTION('',(0,-0.7540815958863061,0.6567807448042016));
#4802=STYLED_ITEM('',(#18),#4803);
#4803=FACE_SURFACE('',(#4808),#4804,.T.);
#4804=PLANE('',#4805);
#4805=AXIS2_PLACEMENT_3D('',#331,#4806,#4807);
#4806=DIRECTION('',(0.00873516940957414,0.7661831468752924,0.6425629014031701));
#4807=DIRECTION('',(0.992531803413437,-0.08483177806952462,0.08765950400517536));
#4808=FACE_BOUND('',#4809,.T.);
#4809=EDGE_LOOP('',(#4810,#4811,#4812));
#4810=ORIENTED_EDGE('',*,*,#4813,.T.);
#4811=ORIENTED_EDGE('',*,*,#4814,.T.);
#4812=ORIENTED_EDGE('',*,*,#4815,.T.);
#4813=EDGE_CURVE('',#332,#270,#4816,.F.);
#4814=EDGE_CURVE('',#270,#274,#4817,.T.);
#4815=EDGE_CURVE('',#274,#332,#4818,.T.);
#4816=LINE('',#331,#4819);
#4817=LINE('',#269,#4820);
#4818=LINE('',#273,#4821);
#4819=VECTOR('',#4822,1.0);
#4820=VECTOR('',#4823,1.0);
#4821=VECTOR('',#4824,1.0);
#4822=DIRECTION('',(0.992531803413437,-0.08483177806952462,0.08765950400517536));
#4823=DIRECTION('',(0.028164209649956737,0.6421439800190123,-0.7660665024788225));
#4824=DIRECTION('',(-0.9354923162473945,-0.2207341420359017,0.27591767754487756));
#4825=STYLED_ITEM('',(#18),#4826);
#4826=FACE_SURFACE('',(#4831),#4827,.T.);
#4827=PLANE('',#4828);
#4828=AXIS2_PLACEMENT_3D('',#331,#4829,#4830);
#4829=DIRECTION('',(-0.007617787249769526,0.7932863076154825,0.6088011197979283));
#4830=DIRECTION('',(0.9354923162473945,0.2207341420359017,-0.27591767754487756));
#4831=FACE_BOUND('',#4832,.T.);
#4832=EDGE_LOOP('',(#4833,#4834,#4835));
#4833=ORIENTED_EDGE('',*,*,#4836,.T.);
#4834=ORIENTED_EDGE('',*,*,#4837,.T.);
#4835=ORIENTED_EDGE('',*,*,#4838,.T.);
#4836=EDGE_CURVE('',#332,#274,#4839,.F.);
#4837=EDGE_CURVE('',#274,#334,#4840,.T.);
#4838=EDGE_CURVE('',#334,#332,#4841,.T.);
#4839=LINE('',#331,#4842);
#4840=LINE('',#273,#4843);
#4841=LINE('',#333,#4844);
#4842=VECTOR('',#4845,1.0);
#4843=VECTOR('',#4846,1.0);
#4844=VECTOR('',#4847,1.0);
#4845=DIRECTION('',(0.9354923162473945,0.2207341420359017,-0.27591767754487756));
#4846=DIRECTION('',(-0.9968547886448174,0.04200230851031569,-0.0672036936165046));
#4847=DIRECTION('',(0,-0.6088187851390504,0.7933093260902779));
#4848=STYLED_ITEM('',(#18),#4849);
#4849=FACE_SURFACE('',(#4854),#4850,.T.);
#4850=PLANE('',#4851);
#4851=AXIS2_PLACEMENT_3D('',#333,#4852,#4853);
#4852=DIRECTION('',(0.0034502373213574746,0.8701958556105782,0.4926938894898131));
#4853=DIRECTION('',(0.9968547886448174,-0.04200230851031569,0.0672036936165046));
#4854=FACE_BOUND('',#4855,.T.);
#4855=EDGE_LOOP('',(#4856,#4857,#4858));
#4856=ORIENTED_EDGE('',*,*,#4859,.T.);
#4857=ORIENTED_EDGE('',*,*,#4860,.T.);
#4858=ORIENTED_EDGE('',*,*,#4861,.T.);
#4859=EDGE_CURVE('',#334,#274,#4862,.F.);
#4860=EDGE_CURVE('',#274,#278,#4863,.T.);
#4861=EDGE_CURVE('',#278,#334,#4864,.T.);
#4862=LINE('',#333,#4865);
#4863=LINE('',#273,#4866);
#4864=LINE('',#277,#4867);
#4865=VECTOR('',#4868,1.0);
#4866=VECTOR('',#4869,1.0);
#4867=VECTOR('',#4870,1.0);
#4868=DIRECTION('',(0.9968547886448174,-0.04200230851031569,0.0672036936165046));
#4869=DIRECTION('',(0.03282218742059173,0.4923328113088759,-0.8697879666456799));
#4870=DIRECTION('',(-0.9678643390640007,-0.12098304238299991,0.22045798834235564));
#4871=STYLED_ITEM('',(#18),#4872);
#4872=FACE_SURFACE('',(#4877),#4873,.T.);
#4873=PLANE('',#4874);
#4874=AXIS2_PLACEMENT_3D('',#333,#4875,#4876);
#4875=DIRECTION('',(-0.011363725867161572,0.896812960327361,0.44226392564089073));
#4876=DIRECTION('',(0.9678643390640007,0.12098304238299991,-0.22045798834235564));
#4877=FACE_BOUND('',#4878,.T.);
#4878=EDGE_LOOP('',(#4879,#4880,#4881));
#4879=ORIENTED_EDGE('',*,*,#4882,.T.);
#4880=ORIENTED_EDGE('',*,*,#4883,.T.);
#4881=ORIENTED_EDGE('',*,*,#4884,.T.);
#4882=EDGE_CURVE('',#334,#278,#4885,.F.);
#4883=EDGE_CURVE('',#278,#336,#4886,.T.);
#4884=EDGE_CURVE('',#336,#334,#4887,.T.);
#4885=LINE('',#333,#4888);
#4886=LINE('',#277,#4889);
#4887=LINE('',#335,#4890);
#4888=VECTOR('',#4891,1.0);
#4889=VECTOR('',#4892,1.0);
#4890=VECTOR('',#4893,1.0);
#4891=DIRECTION('',(0.9678643390640007,0.12098304238299991,-0.22045798834235564));
#4892=DIRECTION('',(-0.98188918876916,0.07364168915768737,-0.1745580780034064));
#4893=DIRECTION('',(0,-0.44229248412044514,0.8968708705775686));
#4894=STYLED_ITEM('',(#18),#4895);
#4895=FACE_SURFACE('',(#4900),#4896,.T.);
#4896=PLANE('',#4897);
#4897=AXIS2_PLACEMENT_3D('',#335,#4898,#4899);
#4898=DIRECTION('',(0.0010279396413833033,0.9234213913946547,0.3837862390118405));
#4899=DIRECTION('',(0.98188918876916,-0.07364168915768737,0.1745580780034064));
#4900=FACE_BOUND('',#4901,.T.);
#4901=EDGE_LOOP('',(#4902,#4903,#4904));
#4902=ORIENTED_EDGE('',*,*,#4905,.T.);
#4903=ORIENTED_EDGE('',*,*,#4906,.T.);
#4904=ORIENTED_EDGE('',*,*,#4907,.T.);
#4905=EDGE_CURVE('',#336,#278,#4908,.F.);
#4906=EDGE_CURVE('',#278,#282,#4909,.T.);
#4907=EDGE_CURVE('',#282,#336,#4910,.T.);
#4908=LINE('',#335,#4911);
#4909=LINE('',#277,#4912);
#4910=LINE('',#281,#4913);
#4911=VECTOR('',#4914,1.0);
#4912=VECTOR('',#4915,1.0);
#4913=VECTOR('',#4916,1.0);
#4914=DIRECTION('',(0.98188918876916,-0.07364168915768737,0.1745580780034064));
#4915=DIRECTION('',(0.023978333375520213,0.3836533340083234,-0.9231658349575282));
#4916=DIRECTION('',(-0.9992606114569972,-0.0138019421471958,0.035885049582709876));
#4917=STYLED_ITEM('',(#18),#4918);
#4918=FACE_SURFACE('',(#4923),#4919,.T.);
#4919=PLANE('',#4920);
#4920=AXIS2_PLACEMENT_3D('',#335,#4921,#4922);
#4921=DIRECTION('',(-0.0023942077502506075,0.9538719122530582,0.30020433505188204));
#4922=DIRECTION('',(0.9992606114569972,0.0138019421471958,-0.035885049582709876));
#4923=FACE_BOUND('',#4924,.T.);
#4924=EDGE_LOOP('',(#4925,#4926,#4927));
#4925=ORIENTED_EDGE('',*,*,#4928,.T.);
#4926=ORIENTED_EDGE('',*,*,#4929,.T.);
#4927=ORIENTED_EDGE('',*,*,#4930,.T.);
#4928=EDGE_CURVE('',#336,#282,#4931,.F.);
#4929=EDGE_CURVE('',#282,#286,#4932,.T.);
#4930=EDGE_CURVE('',#286,#336,#4933,.T.);
#4931=LINE('',#335,#4934);
#4932=LINE('',#281,#4935);
#4933=LINE('',#285,#4936);
#4934=VECTOR('',#4937,1.0);
#4935=VECTOR('',#4938,1.0);
#4936=VECTOR('',#4939,1.0);
#4937=DIRECTION('',(0.9992606114569972,0.0138019421471958,-0.035885049582709876));
#4938=DIRECTION('',(0.035305725243424284,0.30009866456910833,-0.9532545815724536));
#4939=DIRECTION('',(-0.9817456754974304,-0.05933627709050409,0.1807059347756258));
#4940=STYLED_ITEM('',(#18),#4941);
#4941=FACE_SURFACE('',(#4946),#4942,.T.);
#4942=PLANE('',#4943);
#4943=AXIS2_PLACEMENT_3D('',#325,#4944,#4945);
#4944=DIRECTION('',(-0.00758018793285417,0.21180408716086133,0.9772827479357531));
#4945=DIRECTION('',(0.216408966558428,-0.9538024822389974,0.20839381964885642));
#4946=FACE_BOUND('',#4947,.T.);
#4947=EDGE_LOOP('',(#4948,#4949,#4950));
#4948=ORIENTED_EDGE('',*,*,#4951,.T.);
#4949=ORIENTED_EDGE('',*,*,#4952,.T.);
#4950=ORIENTED_EDGE('',*,*,#4953,.T.);
#4951=EDGE_CURVE('',#326,#338,#4954,.F.);
#4952=EDGE_CURVE('',#338,#254,#4955,.T.);
#4953=EDGE_CURVE('',#254,#326,#4956,.T.);
#4954=LINE('',#325,#4957);
#4955=LINE('',#337,#4958);
#4956=LINE('',#253,#4959);
#4957=VECTOR('',#4960,1.0);
#4958=VECTOR('',#4961,1.0);
#4959=VECTOR('',#4962,1.0);
#4960=DIRECTION('',(0.216408966558428,-0.9538024822389974,0.20839381964885642));
#4961=DIRECTION('',(0.9944220203272567,0.10441431213436207,-0.014916330304908859));
#4962=DIRECTION('',(-0.9141491372827364,0.3946546936286707,-0.09262304034142266));
#4963=STYLED_ITEM('',(#18),#4964);
#4964=FACE_SURFACE('',(#4969),#4965,.T.);
#4965=PLANE('',#4966);
#4966=AXIS2_PLACEMENT_3D('',#253,#4967,#4968);
#4967=DIRECTION('',(0.007049075169992199,0.07531380313202189,0.9971349665903));
#4968=DIRECTION('',(-0.9944220203272567,-0.10441431213436207,0.014916330304908859));
#4969=FACE_BOUND('',#4970,.T.);
#4970=EDGE_LOOP('',(#4971,#4972,#4973));
#4971=ORIENTED_EDGE('',*,*,#4974,.T.);
#4972=ORIENTED_EDGE('',*,*,#4975,.T.);
#4973=ORIENTED_EDGE('',*,*,#4976,.T.);
#4974=EDGE_CURVE('',#254,#338,#4977,.F.);
#4975=EDGE_CURVE('',#338,#340,#4978,.T.);
#4976=EDGE_CURVE('',#340,#254,#4979,.T.);
#4977=LINE('',#253,#4980);
#4978=LINE('',#337,#4981);
#4979=LINE('',#339,#4982);
#4980=VECTOR('',#4983,1.0);
#4981=VECTOR('',#4984,1.0);
#4982=VECTOR('',#4985,1.0);
#4983=DIRECTION('',(-0.9944220203272567,-0.10441431213436207,0.014916330304908859));
#4984=DIRECTION('',(0.07458165152454432,-0.9944220203272567,0.07458165152454425));
#4985=DIRECTION('',(0.8035003766470843,0.5931599639122457,-0.05048169905636133));
#4986=STYLED_ITEM('',(#18),#4987);
#4987=FACE_SURFACE('',(#4992),#4988,.T.);
#4988=PLANE('',#4989);
#4989=AXIS2_PLACEMENT_3D('',#253,#4990,#4991);
#4990=DIRECTION('',(0.030797169203761805,0.043268121671457965,0.9985887061328397));
#4991=DIRECTION('',(-0.8035003766470843,-0.5931599639122457,0.05048169905636133));
#4992=FACE_BOUND('',#4993,.T.);
#4993=EDGE_LOOP('',(#4994,#4995,#4996));
#4994=ORIENTED_EDGE('',*,*,#4997,.T.);
#4995=ORIENTED_EDGE('',*,*,#4998,.T.);
#4996=ORIENTED_EDGE('',*,*,#4999,.T.);
#4997=EDGE_CURVE('',#254,#340,#5000,.F.);
#4998=EDGE_CURVE('',#340,#252,#5001,.T.);
#4999=EDGE_CURVE('',#252,#254,#5002,.T.);
#5000=LINE('',#253,#5003);
#5001=LINE('',#339,#5004);
#5002=LINE('',#251,#5005);
#5003=VECTOR('',#5006,1.0);
#5004=VECTOR('',#5007,1.0);
#5005=VECTOR('',#5008,1.0);
#5006=DIRECTION('',(-0.8035003766470843,-0.5931599639122457,0.05048169905636133));
#5007=DIRECTION('',(0.9445258071491168,-0.32809843827285096,-0.014913565376038692));
#5008=DIRECTION('',(0.004826302041952387,0.9990445226841431,-0.04343671837757145));
#5009=STYLED_ITEM('',(#18),#5010);
#5010=FACE_SURFACE('',(#5015),#5011,.T.);
#5011=PLANE('',#5012);
#5012=AXIS2_PLACEMENT_3D('',#251,#5013,#5014);
#5013=DIRECTION('',(-0.0101847303462472,-0.07464504899338151,0.9971581559254028));
#5014=DIRECTION('',(-0.9445258071491168,0.32809843827285096,0.014913565376038692));
#5015=FACE_BOUND('',#5016,.T.);
#5016=EDGE_LOOP('',(#5017,#5018,#5019));
#5017=ORIENTED_EDGE('',*,*,#5020,.T.);
#5018=ORIENTED_EDGE('',*,*,#5021,.T.);
#5019=ORIENTED_EDGE('',*,*,#5022,.T.);
#5020=EDGE_CURVE('',#252,#340,#5023,.F.);
#5021=EDGE_CURVE('',#340,#342,#5024,.T.);
#5022=EDGE_CURVE('',#342,#252,#5025,.T.);
#5023=LINE('',#251,#5026);
#5024=LINE('',#339,#5027);
#5025=LINE('',#341,#5028);
#5026=VECTOR('',#5029,1.0);
#5027=VECTOR('',#5030,1.0);
#5028=VECTOR('',#5031,1.0);
#5029=DIRECTION('',(-0.9445258071491168,0.32809843827285096,0.014913565376038692));
#5030=DIRECTION('',(-0.07520132860567834,-0.994328678230635,-0.07520132860567827));
#5031=DIRECTION('',(0.965905616844203,0.2572512446871498,0.029122782417413156));
#5032=STYLED_ITEM('',(#18),#5033);
#5033=FACE_SURFACE('',(#5038),#5034,.T.);
#5034=PLANE('',#5035);
#5035=AXIS2_PLACEMENT_3D('',#251,#5036,#5037);
#5036=DIRECTION('',(0.024364848213292267,-0.2023152574853728,0.9790173087132681));
#5037=DIRECTION('',(-0.965905616844203,-0.2572512446871498,-0.029122782417413156));
#5038=FACE_BOUND('',#5039,.T.);
#5039=EDGE_LOOP('',(#5040,#5041,#5042));
#5040=ORIENTED_EDGE('',*,*,#5043,.T.);
#5041=ORIENTED_EDGE('',*,*,#5044,.T.);
#5042=ORIENTED_EDGE('',*,*,#5045,.T.);
#5043=EDGE_CURVE('',#252,#342,#5046,.F.);
#5044=EDGE_CURVE('',#342,#248,#5047,.T.);
#5045=EDGE_CURVE('',#248,#252,#5048,.T.);
#5046=LINE('',#251,#5049);
#5047=LINE('',#341,#5050);
#5048=LINE('',#247,#5051);
#5049=VECTOR('',#5052,1.0);
#5050=VECTOR('',#5053,1.0);
#5051=VECTOR('',#5054,1.0);
#5052=DIRECTION('',(-0.965905616844203,-0.2572512446871498,-0.029122782417413156));
#5053=DIRECTION('',(0.7933022584697114,-0.5920166107982918,-0.1420839865915901));
#5054=DIRECTION('',(-0.009647436916995537,0.9792148470750459,0.20259617525690607));
#5055=STYLED_ITEM('',(#18),#5056);
#5056=FACE_SURFACE('',(#5061),#5057,.T.);
#5057=PLANE('',#5058);
#5058=AXIS2_PLACEMENT_3D('',#247,#5059,#5060);
#5059=DIRECTION('',(0.013403099551263724,-0.2163344036946153,0.976227321222119));
#5060=DIRECTION('',(-0.7933022584697114,0.5920166107982918,0.1420839865915901));
#5061=FACE_BOUND('',#5062,.T.);
#5062=EDGE_LOOP('',(#5063,#5064,#5065));
#5063=ORIENTED_EDGE('',*,*,#5066,.T.);
#5064=ORIENTED_EDGE('',*,*,#5067,.T.);
#5065=ORIENTED_EDGE('',*,*,#5068,.T.);
#5066=EDGE_CURVE('',#248,#342,#5069,.F.);
#5067=EDGE_CURVE('',#342,#344,#5070,.T.);
#5068=EDGE_CURVE('',#344,#248,#5071,.T.);
#5069=LINE('',#247,#5072);
#5070=LINE('',#341,#5073);
#5071=LINE('',#343,#5074);
#5072=VECTOR('',#5075,1.0);
#5073=VECTOR('',#5076,1.0);
#5074=VECTOR('',#5077,1.0);
#5075=DIRECTION('',(-0.7933022584697114,0.5920166107982918,0.1420839865915901));
#5076=DIRECTION('',(-0.2164089665584282,-0.9538024822389974,-0.20839381964885662));
#5077=DIRECTION('',(0.9899485414950525,-0.13459826660678312,-0.04341879567960755));
#5078=STYLED_ITEM('',(#18),#5079);
#5079=FACE_SURFACE('',(#5084),#5080,.T.);
#5080=PLANE('',#5081);
#5081=AXIS2_PLACEMENT_3D('',#247,#5082,#5083);
#5082=DIRECTION('',(-0.00832241483748418,-0.3619117051506779,0.9321752276724595));
#5083=DIRECTION('',(-0.9899485414950525,0.13459826660678312,0.04341879567960755));
#5084=FACE_BOUND('',#5085,.T.);
#5085=EDGE_LOOP('',(#5086,#5087,#5088));
#5086=ORIENTED_EDGE('',*,*,#5089,.T.);
#5087=ORIENTED_EDGE('',*,*,#5090,.T.);
#5088=ORIENTED_EDGE('',*,*,#5091,.T.);
#5089=EDGE_CURVE('',#248,#344,#5092,.F.);
#5090=EDGE_CURVE('',#344,#346,#5093,.T.);
#5091=EDGE_CURVE('',#346,#248,#5094,.T.);
#5092=LINE('',#247,#5095);
#5093=LINE('',#343,#5096);
#5094=LINE('',#345,#5097);
#5095=VECTOR('',#5098,1.0);
#5096=VECTOR('',#5099,1.0);
#5097=VECTOR('',#5100,1.0);
#5098=DIRECTION('',(-0.9899485414950525,0.13459826660678312,0.04341879567960755));
#5099=DIRECTION('',(-0.3361606838112604,-0.8769409142902433,-0.34346852476367884));
#5100=DIRECTION('',(0.9433369231872383,0.3064123582615483,0.12738491298513802));
#5101=STYLED_ITEM('',(#18),#5102);
#5102=FACE_SURFACE('',(#5107),#5103,.T.);
#5103=PLANE('',#5104);
#5104=AXIS2_PLACEMENT_3D('',#219,#5105,#5106);
#5105=DIRECTION('',(0.0041452095025966565,-0.9735320603241271,0.22851289845266903));
#5106=DIRECTION('',(-0.03603489868106806,0.22822102498009755,0.9729422643888377));
#5107=FACE_BOUND('',#5108,.T.);
#5108=EDGE_LOOP('',(#5109,#5110,#5111));
#5109=ORIENTED_EDGE('',*,*,#5112,.T.);
#5110=ORIENTED_EDGE('',*,*,#5113,.T.);
#5111=ORIENTED_EDGE('',*,*,#5114,.T.);
#5112=EDGE_CURVE('',#220,#224,#5115,.F.);
#5113=EDGE_CURVE('',#224,#348,#5116,.T.);
#5114=EDGE_CURVE('',#348,#220,#5117,.T.);
#5115=LINE('',#219,#5118);
#5116=LINE('',#223,#5119);
#5117=LINE('',#347,#5120);
#5118=VECTOR('',#5121,1.0);
#5119=VECTOR('',#5122,1.0);
#5120=VECTOR('',#5123,1.0);
#5121=DIRECTION('',(-0.03603489868106806,0.22822102498009755,0.9729422643888377));
#5122=DIRECTION('',(-0.9947731833209987,-0.027328933607719753,-0.09838416098779118));
#5123=DIRECTION('',(0.99227249305027,-0.02433365786771779,-0.12166828933858907));
#5124=STYLED_ITEM('',(#18),#5125);
#5125=FACE_SURFACE('',(#5130),#5126,.T.);
#5126=PLANE('',#5127);
#5127=AXIS2_PLACEMENT_3D('',#347,#5128,#5129);
#5128=DIRECTION('',(-0.008383449957033395,-0.9384055274485742,0.3454341960790524));
#5129=DIRECTION('',(0.9947731833209987,0.027328933607719753,0.09838416098779118));
#5130=FACE_BOUND('',#5131,.T.);
#5131=EDGE_LOOP('',(#5132,#5133,#5134));
#5132=ORIENTED_EDGE('',*,*,#5135,.T.);
#5133=ORIENTED_EDGE('',*,*,#5136,.T.);
#5134=ORIENTED_EDGE('',*,*,#5137,.T.);
#5135=EDGE_CURVE('',#348,#224,#5138,.F.);
#5136=EDGE_CURVE('',#224,#228,#5139,.T.);
#5137=EDGE_CURVE('',#228,#348,#5140,.T.);
#5138=LINE('',#347,#5141);
#5139=LINE('',#223,#5142);
#5140=LINE('',#227,#5143);
#5141=VECTOR('',#5144,1.0);
#5142=VECTOR('',#5145,1.0);
#5143=VECTOR('',#5146,1.0);
#5144=DIRECTION('',(0.9947731833209987,0.027328933607719753,0.09838416098779118));
#5145=DIRECTION('',(-0.03290648922365514,0.3455181368483786,0.9378349428741705));
#5146=DIRECTION('',(-0.9149796006301243,-0.13216372009101796,-0.3812415002625518));
#5147=STYLED_ITEM('',(#18),#5148);
#5148=FACE_SURFACE('',(#5153),#5149,.T.);
#5149=PLANE('',#5150);
#5150=AXIS2_PLACEMENT_3D('',#347,#5151,#5152);
#5151=DIRECTION('',(-0.01105321085763964,-0.9362719785294735,0.3511019919485526));
#5152=DIRECTION('',(0.9149796006301243,0.13216372009101796,0.3812415002625518));
#5153=FACE_BOUND('',#5154,.T.);
#5154=EDGE_LOOP('',(#5155,#5156,#5157));
#5155=ORIENTED_EDGE('',*,*,#5158,.T.);
#5156=ORIENTED_EDGE('',*,*,#5159,.T.);
#5157=ORIENTED_EDGE('',*,*,#5160,.T.);
#5158=EDGE_CURVE('',#348,#228,#5161,.F.);
#5159=EDGE_CURVE('',#228,#350,#5162,.T.);
#5160=EDGE_CURVE('',#350,#348,#5163,.T.);
#5161=LINE('',#347,#5164);
#5162=LINE('',#227,#5165);
#5163=LINE('',#349,#5166);
#5164=VECTOR('',#5167,1.0);
#5165=VECTOR('',#5168,1.0);
#5166=VECTOR('',#5169,1.0);
#5167=DIRECTION('',(0.9149796006301243,0.13216372009101796,0.3812415002625518));
#5168=DIRECTION('',(-0.994471343711095,0.04696114678635727,0.09392229357271446));
#5169=DIRECTION('',(0,-0.35112344158839176,-0.9363291775690445));
#5170=STYLED_ITEM('',(#18),#5171);
#5171=FACE_SURFACE('',(#5176),#5172,.T.);
#5172=PLANE('',#5173);
#5173=AXIS2_PLACEMENT_3D('',#349,#5174,#5175);
#5174=DIRECTION('',(0.008020198245974169,-0.8578466947409652,0.5138430935043271));
#5175=DIRECTION('',(0.994471343711095,-0.04696114678635727,-0.09392229357271446));
#5176=FACE_BOUND('',#5177,.T.);
#5177=EDGE_LOOP('',(#5178,#5179,#5180));
#5178=ORIENTED_EDGE('',*,*,#5181,.T.);
#5179=ORIENTED_EDGE('',*,*,#5182,.T.);
#5180=ORIENTED_EDGE('',*,*,#5183,.T.);
#5181=EDGE_CURVE('',#350,#228,#5184,.F.);
#5182=EDGE_CURVE('',#228,#232,#5185,.T.);
#5183=EDGE_CURVE('',#232,#350,#5186,.T.);
#5184=LINE('',#349,#5187);
#5185=LINE('',#227,#5188);
#5186=LINE('',#231,#5189);
#5187=VECTOR('',#5190,1.0);
#5188=VECTOR('',#5191,1.0);
#5189=VECTOR('',#5192,1.0);
#5190=DIRECTION('',(0.994471343711095,-0.04696114678635727,-0.09392229357271446));
#5191=DIRECTION('',(-0.028212140377730552,0.5134609548746957,0.8576490674830078));
#5192=DIRECTION('',(-0.9309124033436151,-0.19404934604909163,-0.30943003829449744));
#5193=STYLED_ITEM('',(#18),#5194);
#5194=FACE_SURFACE('',(#5199),#5195,.T.);
#5195=PLANE('',#5196);
#5196=AXIS2_PLACEMENT_3D('',#349,#5197,#5198);
#5197=DIRECTION('',(-0.013149078252627565,-0.8288359619698237,0.5593371522495743));
#5198=DIRECTION('',(0.9309124033436151,0.19404934604909163,0.30943003829449744));
#5199=FACE_BOUND('',#5200,.T.);
#5200=EDGE_LOOP('',(#5201,#5202,#5203));
#5201=ORIENTED_EDGE('',*,*,#5204,.T.);
#5202=ORIENTED_EDGE('',*,*,#5205,.T.);
#5203=ORIENTED_EDGE('',*,*,#5206,.T.);
#5204=EDGE_CURVE('',#350,#232,#5207,.F.);
#5205=EDGE_CURVE('',#232,#352,#5208,.T.);
#5206=EDGE_CURVE('',#352,#350,#5209,.T.);
#5207=LINE('',#349,#5210);
#5208=LINE('',#231,#5211);
#5209=LINE('',#351,#5212);
#5210=VECTOR('',#5213,1.0);
#5211=VECTOR('',#5214,1.0);
#5212=VECTOR('',#5215,1.0);
#5213=DIRECTION('',(0.9309124033436151,0.19404934604909163,0.30943003829449744));
#5214=DIRECTION('',(-0.9870788618655019,0.10009813810467062,0.12512267263083837));
#5215=DIRECTION('',(0,-0.5593855127306261,-0.8289076234099279));
#5216=STYLED_ITEM('',(#18),#5217);
#5217=FACE_SURFACE('',(#5222),#5218,.T.);
#5218=PLANE('',#5219);
#5219=AXIS2_PLACEMENT_3D('',#351,#5220,#5221);
#5220=DIRECTION('',(0.00912469539769599,-0.7444876746050381,0.6675738478214093));
#5221=DIRECTION('',(0.9870788618655019,-0.10009813810467062,-0.12512267263083837));
#5222=FACE_BOUND('',#5223,.T.);
#5223=EDGE_LOOP('',(#5224,#5225,#5226));
#5224=ORIENTED_EDGE('',*,*,#5227,.T.);
#5225=ORIENTED_EDGE('',*,*,#5228,.T.);
#5226=ORIENTED_EDGE('',*,*,#5229,.T.);
#5227=EDGE_CURVE('',#352,#232,#5230,.F.);
#5228=EDGE_CURVE('',#232,#236,#5231,.T.);
#5229=EDGE_CURVE('',#236,#352,#5232,.T.);
#5230=LINE('',#351,#5233);
#5231=LINE('',#231,#5234);
#5232=LINE('',#235,#5235);
#5233=VECTOR('',#5236,1.0);
#5234=VECTOR('',#5237,1.0);
#5235=VECTOR('',#5238,1.0);
#5236=DIRECTION('',(0.9870788618655019,-0.10009813810467062,-0.12512267263083837));
#5237=DIRECTION('',(-0.02809041405250677,0.6671473337470352,0.7443959723914289));
#5238=DIRECTION('',(-0.9719934203745008,-0.16338350940767962,-0.1689219334553975));
#5239=STYLED_ITEM('',(#18),#5240);
#5240=FACE_SURFACE('',(#5245),#5241,.T.);
#5241=PLANE('',#5242);
#5242=AXIS2_PLACEMENT_3D('',#351,#5243,#5244);
#5243=DIRECTION('',(-0.016180726563429556,-0.6705594124658505,0.7416793501516225));
#5244=DIRECTION('',(0.9719934203745008,0.16338350940767962,0.1689219334553975));
#5245=FACE_BOUND('',#5246,.T.);
#5246=EDGE_LOOP('',(#5247,#5248,#5249));
#5247=ORIENTED_EDGE('',*,*,#5250,.T.);
#5248=ORIENTED_EDGE('',*,*,#5251,.T.);
#5249=ORIENTED_EDGE('',*,*,#5252,.T.);
#5250=EDGE_CURVE('',#352,#236,#5253,.F.);
#5251=EDGE_CURVE('',#236,#354,#5254,.T.);
#5252=EDGE_CURVE('',#354,#352,#5255,.T.);
#5253=LINE('',#351,#5256);
#5254=LINE('',#235,#5257);
#5255=LINE('',#353,#5258);
#5256=VECTOR('',#5259,1.0);
#5257=VECTOR('',#5260,1.0);
#5258=VECTOR('',#5261,1.0);
#5259=DIRECTION('',(0.9719934203745008,0.16338350940767962,0.1689219334553975));
#5260=DIRECTION('',(-0.9524444225774938,0.23607596798929328,0.19265969801425092));
#5261=DIRECTION('',(0,-0.7417764609486829,-0.6706472112686722));
#5262=STYLED_ITEM('',(#18),#5263);
#5263=FACE_SURFACE('',(#5268),#5264,.T.);
#5264=PLANE('',#5265);
#5265=AXIS2_PLACEMENT_3D('',#353,#5266,#5267);
#5266=DIRECTION('',(0.002329737551026968,-0.6266071343925479,0.7793318108811566));
#5267=DIRECTION('',(0.9524444225774938,-0.23607596798929328,-0.19265969801425092));
#5268=FACE_BOUND('',#5269,.T.);
#5269=EDGE_LOOP('',(#5270,#5271,#5272));
#5270=ORIENTED_EDGE('',*,*,#5273,.T.);
#5271=ORIENTED_EDGE('',*,*,#5274,.T.);
#5272=ORIENTED_EDGE('',*,*,#5275,.T.);
#5273=EDGE_CURVE('',#354,#236,#5276,.F.);
#5274=EDGE_CURVE('',#236,#240,#5277,.T.);
#5275=EDGE_CURVE('',#240,#354,#5278,.T.);
#5276=LINE('',#353,#5279);
#5277=LINE('',#235,#5280);
#5278=LINE('',#239,#5281);
#5279=VECTOR('',#5282,1.0);
#5280=VECTOR('',#5283,1.0);
#5281=VECTOR('',#5284,1.0);
#5282=DIRECTION('',(0.9524444225774938,-0.23607596798929328,-0.19265969801425092));
#5283=DIRECTION('',(-0.02409502539944978,0.7790724879155421,0.6264706603856939));
#5284=DIRECTION('',(-0.9993853933417266,-0.028717971073038147,-0.020102579751126705));
#5285=STYLED_ITEM('',(#18),#5286);
#5286=FACE_SURFACE('',(#5291),#5287,.T.);
#5287=PLANE('',#5288);
#5288=AXIS2_PLACEMENT_3D('',#353,#5289,#5290);
#5289=DIRECTION('',(-0.002818889243999679,-0.5057680754102561,0.8626648872877783));
#5290=DIRECTION('',(0.9993853933417266,0.028717971073038147,0.020102579751126705));
#5291=FACE_BOUND('',#5292,.T.);
#5292=EDGE_LOOP('',(#5293,#5294,#5295));
#5293=ORIENTED_EDGE('',*,*,#5296,.T.);
#5294=ORIENTED_EDGE('',*,*,#5297,.T.);
#5295=ORIENTED_EDGE('',*,*,#5298,.T.);
#5296=EDGE_CURVE('',#354,#240,#5299,.F.);
#5297=EDGE_CURVE('',#240,#346,#5300,.T.);
#5298=EDGE_CURVE('',#346,#354,#5301,.T.);
#5299=LINE('',#353,#5302);
#5300=LINE('',#239,#5303);
#5301=LINE('',#345,#5304);
#5302=VECTOR('',#5305,1.0);
#5303=VECTOR('',#5306,1.0);
#5304=VECTOR('',#5307,1.0);
#5305=DIRECTION('',(0.9993853933417266,0.028717971073038147,0.020102579751126705));
#5306=DIRECTION('',(-0.9103817150440184,0.3582368481581157,0.20705432508221353));
#5307=DIRECTION('',(-0.4573322286972506,-0.7665145804925758,-0.45089092970151495));
#5308=STYLED_ITEM('',(#18),#5309);
#5309=FACE_SURFACE('',(#5314),#5310,.T.);
#5310=PLANE('',#5311);
#5311=AXIS2_PLACEMENT_3D('',#345,#5312,#5313);
#5312=DIRECTION('',(-0.00472956263971425,-0.5093866788989491,0.8605247483934069));
#5313=DIRECTION('',(0.9103817150440184,-0.3582368481581157,-0.20705432508221353));
#5314=FACE_BOUND('',#5315,.T.);
#5315=EDGE_LOOP('',(#5316,#5317,#5318));
#5316=ORIENTED_EDGE('',*,*,#5319,.T.);
#5317=ORIENTED_EDGE('',*,*,#5320,.T.);
#5318=ORIENTED_EDGE('',*,*,#5321,.T.);
#5319=EDGE_CURVE('',#346,#240,#5322,.F.);
#5320=EDGE_CURVE('',#240,#244,#5323,.T.);
#5321=EDGE_CURVE('',#244,#346,#5324,.T.);
#5322=LINE('',#345,#5325);
#5323=LINE('',#239,#5326);
#5324=LINE('',#243,#5327);
#5325=VECTOR('',#5328,1.0);
#5326=VECTOR('',#5329,1.0);
#5327=VECTOR('',#5330,1.0);
#5328=DIRECTION('',(0.9103817150440184,-0.3582368481581157,-0.20705432508221353));
#5329=DIRECTION('',(-0.01756008143682252,0.860443990404303,0.5092423616678526));
#5330=DIRECTION('',(-0.9990361061740146,0.03996144424696062,0.0181642928395275));
#5331=STYLED_ITEM('',(#18),#5332);
#5332=FACE_SURFACE('',(#5337),#5333,.T.);
#5333=PLANE('',#5334);
#5334=AXIS2_PLACEMENT_3D('',#345,#5335,#5336);
#5335=DIRECTION('',(0.001274526700400432,-0.38722133568745865,0.9219859070344352));
#5336=DIRECTION('',(0.9990361061740146,-0.03996144424696062,-0.0181642928395275));
#5337=FACE_BOUND('',#5338,.T.);
#5338=EDGE_LOOP('',(#5339,#5340,#5341));
#5339=ORIENTED_EDGE('',*,*,#5342,.T.);
#5340=ORIENTED_EDGE('',*,*,#5343,.T.);
#5341=ORIENTED_EDGE('',*,*,#5344,.T.);
#5342=EDGE_CURVE('',#346,#244,#5345,.F.);
#5343=EDGE_CURVE('',#244,#248,#5346,.T.);
#5344=EDGE_CURVE('',#248,#346,#5347,.T.);
#5345=LINE('',#345,#5348);
#5346=LINE('',#243,#5349);
#5347=LINE('',#247,#5350);
#5348=VECTOR('',#5351,1.0);
#5349=VECTOR('',#5352,1.0);
#5350=VECTOR('',#5353,1.0);
#5351=DIRECTION('',(0.9990361061740146,-0.03996144424696062,-0.0181642928395275));
#5352=DIRECTION('',(-0.009219429215147963,0.9219429215147957,0.38721602703621405));
#5353=DIRECTION('',(-0.9433369231872383,-0.3064123582615483,-0.12738491298513802));
#5354=STYLED_ITEM('',(#18),#5355);
#5355=FACE_SURFACE('',(#5360),#5356,.T.);
#5356=PLANE('',#5357);
#5357=AXIS2_PLACEMENT_3D('',#219,#5358,#5359);
#5358=DIRECTION('',(-0.004777012815630133,-0.9873458205396425,0.15850997070045594));
#5359=DIRECTION('',(-0.99227249305027,0.02433365786771779,0.12166828933858907));
#5360=FACE_BOUND('',#5361,.T.);
#5361=EDGE_LOOP('',(#5362,#5363,#5364));
#5362=ORIENTED_EDGE('',*,*,#5365,.T.);
#5363=ORIENTED_EDGE('',*,*,#5366,.T.);
#5364=ORIENTED_EDGE('',*,*,#5367,.T.);
#5365=EDGE_CURVE('',#220,#348,#5368,.F.);
#5366=EDGE_CURVE('',#348,#216,#5369,.T.);
#5367=EDGE_CURVE('',#216,#220,#5370,.T.);
#5368=LINE('',#219,#5371);
#5369=LINE('',#347,#5372);
#5370=LINE('',#215,#5373);
#5371=VECTOR('',#5374,1.0);
#5372=VECTOR('',#5375,1.0);
#5373=VECTOR('',#5376,1.0);
#5374=DIRECTION('',(-0.99227249305027,0.02433365786771779,0.12166828933858907));
#5375=DIRECTION('',(0.9634563272766193,-0.04699786962324972,-0.26371026844156786));
#5376=DIRECTION('',(-0.0352398972335616,0.15857953755102708,0.9867171225397229));
#5377=STYLED_ITEM('',(#18),#5378);
#5378=FACE_SURFACE('',(#5383),#5379,.T.);
#5379=PLANE('',#5380);
#5380=AXIS2_PLACEMENT_3D('',#215,#5381,#5382);
#5381=DIRECTION('',(-0.016380658532770008,-0.9929825482101653,0.11712101850684005));
#5382=DIRECTION('',(-0.9634563272766193,0.04699786962324972,0.26371026844156786));
#5383=FACE_BOUND('',#5384,.T.);
#5384=EDGE_LOOP('',(#5385,#5386,#5387));
#5385=ORIENTED_EDGE('',*,*,#5388,.T.);
#5386=ORIENTED_EDGE('',*,*,#5389,.T.);
#5387=ORIENTED_EDGE('',*,*,#5390,.T.);
#5388=EDGE_CURVE('',#216,#348,#5391,.F.);
#5389=EDGE_CURVE('',#348,#80,#5392,.T.);
#5390=EDGE_CURVE('',#80,#216,#5393,.T.);
#5391=LINE('',#215,#5394);
#5392=LINE('',#347,#5395);
#5393=LINE('',#79,#5396);
#5394=VECTOR('',#5397,1.0);
#5395=VECTOR('',#5398,1.0);
#5396=VECTOR('',#5399,1.0);
#5397=DIRECTION('',(-0.9634563272766193,0.04699786962324972,0.26371026844156786));
#5398=DIRECTION('',(0,-0.11713673497544476,-0.9931157965309445));
#5399=DIRECTION('',(0.968967969377854,0.013129647281542738,0.2468373688930034));
#5400=STYLED_ITEM('',(#18),#5401);
#5401=FACE_SURFACE('',(#5406),#5402,.T.);
#5402=PLANE('',#5403);
#5403=AXIS2_PLACEMENT_3D('',#215,#5404,#5405);
#5404=DIRECTION('',(0,-0.9985883275945727,0.05311640040396666));
#5405=DIRECTION('',(-0.968967969377854,-0.013129647281542738,-0.2468373688930034));
#5406=FACE_BOUND('',#5407,.T.);
#5407=EDGE_LOOP('',(#5408,#5409,#5410));
#5408=ORIENTED_EDGE('',*,*,#5411,.T.);
#5409=ORIENTED_EDGE('',*,*,#5412,.T.);
#5410=ORIENTED_EDGE('',*,*,#5413,.T.);
#5411=EDGE_CURVE('',#216,#80,#5414,.F.);
#5412=EDGE_CURVE('',#80,#74,#5415,.T.);
#5413=EDGE_CURVE('',#74,#216,#5416,.T.);
#5414=LINE('',#215,#5417);
#5415=LINE('',#79,#5418);
#5416=LINE('',#73,#5419);
#5417=VECTOR('',#5420,1.0);
#5418=VECTOR('',#5421,1.0);
#5419=VECTOR('',#5422,1.0);
#5420=DIRECTION('',(-0.968967969377854,-0.013129647281542738,-0.2468373688930034));
#5421=DIRECTION('',(1,0,0));
#5422=DIRECTION('',(-0.03185366767432997,0.053089446123883235,0.9980815871290045));
#5423=STYLED_ITEM('',(#18),#5424);
#5424=FACE_SURFACE('',(#5429),#5425,.T.);
#5425=PLANE('',#5426);
#5426=AXIS2_PLACEMENT_3D('',#289,#5427,#5428);
#5427=DIRECTION('',(0,0.9766894896410071,0.2146570306903291));
#5428=DIRECTION('',(-1,0,0));
#5429=FACE_BOUND('',#5430,.T.);
#5430=EDGE_LOOP('',(#5431,#5432,#5433));
#5431=ORIENTED_EDGE('',*,*,#5434,.T.);
#5432=ORIENTED_EDGE('',*,*,#5435,.T.);
#5433=ORIENTED_EDGE('',*,*,#5436,.T.);
#5434=EDGE_CURVE('',#290,#356,#5437,.F.);
#5435=EDGE_CURVE('',#356,#286,#5438,.T.);
#5436=EDGE_CURVE('',#286,#290,#5439,.T.);
#5437=LINE('',#289,#5440);
#5438=LINE('',#355,#5441);
#5439=LINE('',#285,#5442);
#5440=VECTOR('',#5443,1.0);
#5441=VECTOR('',#5444,1.0);
#5442=VECTOR('',#5445,1.0);
#5443=DIRECTION('',(-1,0,0));
#5444=DIRECTION('',(0.9687671618720007,-0.05322896493802148,0.2421917904680001));
#5445=DIRECTION('',(0.03218187669437451,0.21454584462916101,-0.9761835930626922));
#5446=STYLED_ITEM('',(#18),#5447);
#5447=FACE_SURFACE('',(#5452),#5448,.T.);
#5448=PLANE('',#5449);
#5449=AXIS2_PLACEMENT_3D('',#285,#5450,#5451);
#5450=DIRECTION('',(-0.011123629215461214,0.9663778903921294,0.2568852620029701));
#5451=DIRECTION('',(-0.9687671618720007,0.05322896493802148,-0.2421917904680001));
#5452=FACE_BOUND('',#5453,.T.);
#5453=EDGE_LOOP('',(#5454,#5455,#5456));
#5454=ORIENTED_EDGE('',*,*,#5457,.T.);
#5455=ORIENTED_EDGE('',*,*,#5458,.T.);
#5456=ORIENTED_EDGE('',*,*,#5459,.T.);
#5457=EDGE_CURVE('',#286,#356,#5460,.F.);
#5458=EDGE_CURVE('',#356,#336,#5461,.T.);
#5459=EDGE_CURVE('',#336,#286,#5462,.T.);
#5460=LINE('',#285,#5463);
#5461=LINE('',#355,#5464);
#5462=LINE('',#335,#5465);
#5463=VECTOR('',#5466,1.0);
#5464=VECTOR('',#5467,1.0);
#5465=VECTOR('',#5468,1.0);
#5466=DIRECTION('',(-0.9687671618720007,0.05322896493802148,-0.2421917904680001));
#5467=DIRECTION('',(0,-0.2569011563432507,0.9664376833865185));
#5468=DIRECTION('',(0.9817456754974304,0.05933627709050409,-0.1807059347756258));
#5469=STYLED_ITEM('',(#18),#5470);
#5470=FACE_SURFACE('',(#5475),#5471,.T.);
#5471=PLANE('',#5472);
#5472=AXIS2_PLACEMENT_3D('',#357,#5473,#5474);
#5473=DIRECTION('',(1,0,-0));
#5474=DIRECTION('',(0,0.8991504721028851,0.437639610315564));
#5475=FACE_BOUND('',#5476,.T.);
#5476=EDGE_LOOP('',(#5477,#5478,#5479));
#5477=ORIENTED_EDGE('',*,*,#5480,.T.);
#5478=ORIENTED_EDGE('',*,*,#5481,.T.);
#5479=ORIENTED_EDGE('',*,*,#5482,.T.);
#5480=EDGE_CURVE('',#358,#360,#5483,.F.);
#5481=EDGE_CURVE('',#360,#318,#5484,.T.);
#5482=EDGE_CURVE('',#318,#358,#5485,.T.);
#5483=LINE('',#357,#5486);
#5484=LINE('',#359,#5487);
#5485=LINE('',#317,#5488);
#5486=VECTOR('',#5489,1.0);
#5487=VECTOR('',#5490,1.0);
#5488=VECTOR('',#5491,1.0);
#5489=DIRECTION('',(0,0.8991504721028851,0.437639610315564));
#5490=DIRECTION('',(0,-0.8511911186450983,0.524855865490428));
#5491=DIRECTION('',(0,0.6277524511897818,-0.7784130394753294));
#5492=STYLED_ITEM('',(#18),#5493);
#5493=FACE_SURFACE('',(#5498),#5494,.T.);
#5494=PLANE('',#5495);
#5495=AXIS2_PLACEMENT_3D('',#317,#5496,#5497);
#5496=DIRECTION('',(1,0,0));
#5497=DIRECTION('',(0,0.8511911186450983,-0.524855865490428));
#5498=FACE_BOUND('',#5499,.T.);
#5499=EDGE_LOOP('',(#5500,#5501,#5502));
#5500=ORIENTED_EDGE('',*,*,#5503,.T.);
#5501=ORIENTED_EDGE('',*,*,#5504,.T.);
#5502=ORIENTED_EDGE('',*,*,#5505,.T.);
#5503=EDGE_CURVE('',#318,#360,#5506,.F.);
#5504=EDGE_CURVE('',#360,#362,#5507,.T.);
#5505=EDGE_CURVE('',#362,#318,#5508,.T.);
#5506=LINE('',#317,#5509);
#5507=LINE('',#359,#5510);
#5508=LINE('',#361,#5511);
#5509=VECTOR('',#5512,1.0);
#5510=VECTOR('',#5513,1.0);
#5511=VECTOR('',#5514,1.0);
#5512=DIRECTION('',(0,0.8511911186450983,-0.524855865490428));
#5513=DIRECTION('',(0,0.9787169497255273,0.20521484429728773));
#5514=DIRECTION('',(0,-0.9341147372854165,0.3569729087566694));
#5515=STYLED_ITEM('',(#18),#5516);
#5516=FACE_SURFACE('',(#5521),#5517,.T.);
#5517=PLANE('',#5518);
#5518=AXIS2_PLACEMENT_3D('',#317,#5519,#5520);
#5519=DIRECTION('',(1,-0,0));
#5520=DIRECTION('',(0,0.9341147372854165,-0.3569729087566694));
#5521=FACE_BOUND('',#5522,.T.);
#5522=EDGE_LOOP('',(#5523,#5524,#5525));
#5523=ORIENTED_EDGE('',*,*,#5526,.T.);
#5524=ORIENTED_EDGE('',*,*,#5527,.T.);
#5525=ORIENTED_EDGE('',*,*,#5528,.T.);
#5526=EDGE_CURVE('',#318,#362,#5529,.F.);
#5527=EDGE_CURVE('',#362,#302,#5530,.T.);
#5528=EDGE_CURVE('',#302,#318,#5531,.T.);
#5529=LINE('',#317,#5532);
#5530=LINE('',#361,#5533);
#5531=LINE('',#301,#5534);
#5532=VECTOR('',#5535,1.0);
#5533=VECTOR('',#5536,1.0);
#5534=VECTOR('',#5537,1.0);
#5535=DIRECTION('',(0,0.9341147372854165,-0.3569729087566694));
#5536=DIRECTION('',(0,0.9517605563181393,0.30684172375507585));
#5537=DIRECTION('',(0,-1,0));
#5538=STYLED_ITEM('',(#18),#5539);
#5539=FACE_SURFACE('',(#5544),#5540,.T.);
#5540=PLANE('',#5541);
#5541=AXIS2_PLACEMENT_3D('',#301,#5542,#5543);
#5542=DIRECTION('',(1,0,0));
#5543=DIRECTION('',(0,-0.9517605563181393,-0.30684172375507585));
#5544=FACE_BOUND('',#5545,.T.);
#5545=EDGE_LOOP('',(#5546,#5547,#5548));
#5546=ORIENTED_EDGE('',*,*,#5549,.T.);
#5547=ORIENTED_EDGE('',*,*,#5550,.T.);
#5548=ORIENTED_EDGE('',*,*,#5551,.T.);
#5549=EDGE_CURVE('',#302,#362,#5552,.F.);
#5550=EDGE_CURVE('',#362,#364,#5553,.T.);
#5551=EDGE_CURVE('',#364,#302,#5554,.T.);
#5552=LINE('',#301,#5555);
#5553=LINE('',#361,#5556);
#5554=LINE('',#363,#5557);
#5555=VECTOR('',#5558,1.0);
#5556=VECTOR('',#5559,1.0);
#5557=VECTOR('',#5560,1.0);
#5558=DIRECTION('',(0,-0.9517605563181393,-0.30684172375507585));
#5559=DIRECTION('',(0,0.9988499868416297,-0.047944799368398267));
#5560=DIRECTION('',(0,0.915246339268999,0.4028946989657427));
#5561=STYLED_ITEM('',(#18),#5562);
#5562=FACE_SURFACE('',(#5567),#5563,.T.);
#5563=PLANE('',#5564);
#5564=AXIS2_PLACEMENT_3D('',#301,#5565,#5566);
#5565=DIRECTION('',(1,0,0));
#5566=DIRECTION('',(0,-0.915246339268999,-0.4028946989657427));
#5567=FACE_BOUND('',#5568,.T.);
#5568=EDGE_LOOP('',(#5569,#5570,#5571));
#5569=ORIENTED_EDGE('',*,*,#5572,.T.);
#5570=ORIENTED_EDGE('',*,*,#5573,.T.);
#5571=ORIENTED_EDGE('',*,*,#5574,.T.);
#5572=EDGE_CURVE('',#302,#364,#5575,.F.);
#5573=EDGE_CURVE('',#364,#366,#5576,.T.);
#5574=EDGE_CURVE('',#366,#302,#5577,.T.);
#5575=LINE('',#301,#5578);
#5576=LINE('',#363,#5579);
#5577=LINE('',#365,#5580);
#5578=VECTOR('',#5581,1.0);
#5579=VECTOR('',#5582,1.0);
#5580=VECTOR('',#5583,1.0);
#5581=DIRECTION('',(0,-0.915246339268999,-0.4028946989657427));
#5582=DIRECTION('',(0,0.958477856666115,-0.28516696561967064));
#5583=DIRECTION('',(0,0.7929489976428424,0.6092880165711546));
#5584=STYLED_ITEM('',(#18),#5585);
#5585=FACE_SURFACE('',(#5590),#5586,.T.);
#5586=PLANE('',#5587);
#5587=AXIS2_PLACEMENT_3D('',#357,#5588,#5589);
#5588=DIRECTION('',(1,0,0));
#5589=DIRECTION('',(0,-0.6277524511897818,0.7784130394753294));
#5590=FACE_BOUND('',#5591,.T.);
#5591=EDGE_LOOP('',(#5592,#5593,#5594));
#5592=ORIENTED_EDGE('',*,*,#5595,.T.);
#5593=ORIENTED_EDGE('',*,*,#5596,.T.);
#5594=ORIENTED_EDGE('',*,*,#5597,.T.);
#5595=EDGE_CURVE('',#358,#318,#5598,.F.);
#5596=EDGE_CURVE('',#318,#368,#5599,.T.);
#5597=EDGE_CURVE('',#368,#358,#5600,.T.);
#5598=LINE('',#357,#5601);
#5599=LINE('',#317,#5602);
#5600=LINE('',#367,#5603);
#5601=VECTOR('',#5604,1.0);
#5602=VECTOR('',#5605,1.0);
#5603=VECTOR('',#5606,1.0);
#5604=DIRECTION('',(0,-0.6277524511897818,0.7784130394753294));
#5605=DIRECTION('',(0,0.3014087610494933,-0.9534950229354159));
#5606=DIRECTION('',(0,0.7642914835078911,0.6448709392097827));
#5607=STYLED_ITEM('',(#18),#5608);
#5608=FACE_SURFACE('',(#5613),#5609,.T.);
#5609=PLANE('',#5610);
#5610=AXIS2_PLACEMENT_3D('',#367,#5611,#5612);
#5611=DIRECTION('',(1,0,0));
#5612=DIRECTION('',(0,-0.3014087610494933,0.9534950229354159));
#5613=FACE_BOUND('',#5614,.T.);
#5614=EDGE_LOOP('',(#5615,#5616,#5617));
#5615=ORIENTED_EDGE('',*,*,#5618,.T.);
#5616=ORIENTED_EDGE('',*,*,#5619,.T.);
#5617=ORIENTED_EDGE('',*,*,#5620,.T.);
#5618=EDGE_CURVE('',#368,#318,#5621,.F.);
#5619=EDGE_CURVE('',#318,#320,#5622,.T.);
#5620=EDGE_CURVE('',#320,#368,#5623,.T.);
#5621=LINE('',#367,#5624);
#5622=LINE('',#317,#5625);
#5623=LINE('',#319,#5626);
#5624=VECTOR('',#5627,1.0);
#5625=VECTOR('',#5628,1.0);
#5626=VECTOR('',#5629,1.0);
#5627=DIRECTION('',(0,-0.3014087610494933,0.9534950229354159));
#5628=DIRECTION('',(0,-0.7417764609486829,-0.6706472112686722));
#5629=DIRECTION('',(0,0.7854453888297165,-0.6189309663978166));
#5630=STYLED_ITEM('',(#18),#5631);
#5631=FACE_SURFACE('',(#5636),#5632,.T.);
#5632=PLANE('',#5633);
#5633=AXIS2_PLACEMENT_3D('',#367,#5634,#5635);
#5634=DIRECTION('',(1,0,0));
#5635=DIRECTION('',(0,-0.7854453888297165,0.6189309663978166));
#5636=FACE_BOUND('',#5637,.T.);
#5637=EDGE_LOOP('',(#5638,#5639,#5640));
#5638=ORIENTED_EDGE('',*,*,#5641,.T.);
#5639=ORIENTED_EDGE('',*,*,#5642,.T.);
#5640=ORIENTED_EDGE('',*,*,#5643,.T.);
#5641=EDGE_CURVE('',#368,#320,#5644,.F.);
#5642=EDGE_CURVE('',#320,#370,#5645,.T.);
#5643=EDGE_CURVE('',#370,#368,#5646,.T.);
#5644=LINE('',#367,#5647);
#5645=LINE('',#319,#5648);
#5646=LINE('',#369,#5649);
#5647=VECTOR('',#5650,1.0);
#5648=VECTOR('',#5651,1.0);
#5649=VECTOR('',#5652,1.0);
#5650=DIRECTION('',(0,-0.7854453888297165,0.6189309663978166));
#5651=DIRECTION('',(0,0.5094078885517423,-0.8605251902653727));
#5652=DIRECTION('',(0,0.5819920989839387,0.8131944396761881));
#5653=STYLED_ITEM('',(#18),#5654);
#5654=FACE_SURFACE('',(#5659),#5655,.T.);
#5655=PLANE('',#5656);
#5656=AXIS2_PLACEMENT_3D('',#369,#5657,#5658);
#5657=DIRECTION('',(1,0,0));
#5658=DIRECTION('',(0,-0.5094078885517423,0.8605251902653727));
#5659=FACE_BOUND('',#5660,.T.);
#5660=EDGE_LOOP('',(#5661,#5662,#5663));
#5661=ORIENTED_EDGE('',*,*,#5664,.T.);
#5662=ORIENTED_EDGE('',*,*,#5665,.T.);
#5663=ORIENTED_EDGE('',*,*,#5666,.T.);
#5664=EDGE_CURVE('',#370,#320,#5667,.F.);
#5665=EDGE_CURVE('',#320,#322,#5668,.T.);
#5666=EDGE_CURVE('',#322,#370,#5669,.T.);
#5667=LINE('',#369,#5670);
#5668=LINE('',#319,#5671);
#5669=LINE('',#321,#5672);
#5670=VECTOR('',#5673,1.0);
#5671=VECTOR('',#5674,1.0);
#5672=VECTOR('',#5675,1.0);
#5673=DIRECTION('',(0,-0.5094078885517423,0.8605251902653727));
#5674=DIRECTION('',(0,-0.5593855127306261,-0.8289076234099279));
#5675=DIRECTION('',(0,0.9036737151829835,-0.42822169081841704));
#5676=STYLED_ITEM('',(#18),#5677);
#5677=FACE_SURFACE('',(#5682),#5678,.T.);
#5678=PLANE('',#5679);
#5679=AXIS2_PLACEMENT_3D('',#369,#5680,#5681);
#5680=DIRECTION('',(1,0,0));
#5681=DIRECTION('',(0,-0.9036737151829835,0.42822169081841704));
#5682=FACE_BOUND('',#5683,.T.);
#5683=EDGE_LOOP('',(#5684,#5685,#5686));
#5684=ORIENTED_EDGE('',*,*,#5687,.T.);
#5685=ORIENTED_EDGE('',*,*,#5688,.T.);
#5686=ORIENTED_EDGE('',*,*,#5689,.T.);
#5687=EDGE_CURVE('',#370,#322,#5690,.F.);
#5688=EDGE_CURVE('',#322,#372,#5691,.T.);
#5689=EDGE_CURVE('',#372,#370,#5692,.T.);
#5690=LINE('',#369,#5693);
#5691=LINE('',#321,#5694);
#5692=LINE('',#371,#5695);
#5693=VECTOR('',#5696,1.0);
#5694=VECTOR('',#5697,1.0);
#5695=VECTOR('',#5698,1.0);
#5696=DIRECTION('',(0,-0.9036737151829835,0.42822169081841704));
#5697=DIRECTION('',(0,0.688298972290623,-0.7254271326216523));
#5698=DIRECTION('',(0,0.3632082040665475,0.9317080017359265));
#5699=STYLED_ITEM('',(#18),#5700);
#5700=FACE_SURFACE('',(#5705),#5701,.T.);
#5701=PLANE('',#5702);
#5702=AXIS2_PLACEMENT_3D('',#371,#5703,#5704);
#5703=DIRECTION('',(1,0,0));
#5704=DIRECTION('',(0,-0.688298972290623,0.7254271326216523));
#5705=FACE_BOUND('',#5706,.T.);
#5706=EDGE_LOOP('',(#5707,#5708,#5709));
#5707=ORIENTED_EDGE('',*,*,#5710,.T.);
#5708=ORIENTED_EDGE('',*,*,#5711,.T.);
#5709=ORIENTED_EDGE('',*,*,#5712,.T.);
#5710=EDGE_CURVE('',#372,#322,#5713,.F.);
#5711=EDGE_CURVE('',#322,#324,#5714,.T.);
#5712=EDGE_CURVE('',#324,#372,#5715,.T.);
#5713=LINE('',#371,#5716);
#5714=LINE('',#321,#5717);
#5715=LINE('',#323,#5718);
#5716=VECTOR('',#5719,1.0);
#5717=VECTOR('',#5720,1.0);
#5718=VECTOR('',#5721,1.0);
#5719=DIRECTION('',(0,-0.688298972290623,0.7254271326216523));
#5720=DIRECTION('',(0,-0.35112344158839176,-0.9363291775690445));
#5721=DIRECTION('',(0,0.9754410020677065,-0.22026087143464326));
#5722=STYLED_ITEM('',(#18),#5723);
#5723=FACE_SURFACE('',(#5728),#5724,.T.);
#5724=PLANE('',#5725);
#5725=AXIS2_PLACEMENT_3D('',#371,#5726,#5727);
#5726=DIRECTION('',(1,0,0));
#5727=DIRECTION('',(0,-0.9754410020677065,0.22026087143464326));
#5728=FACE_BOUND('',#5729,.T.);
#5729=EDGE_LOOP('',(#5730,#5731,#5732));
#5730=ORIENTED_EDGE('',*,*,#5733,.T.);
#5731=ORIENTED_EDGE('',*,*,#5734,.T.);
#5732=ORIENTED_EDGE('',*,*,#5735,.T.);
#5733=EDGE_CURVE('',#372,#324,#5736,.F.);
#5734=EDGE_CURVE('',#324,#190,#5737,.T.);
#5735=EDGE_CURVE('',#190,#372,#5738,.T.);
#5736=LINE('',#371,#5739);
#5737=LINE('',#323,#5740);
#5738=LINE('',#189,#5741);
#5739=VECTOR('',#5742,1.0);
#5740=VECTOR('',#5743,1.0);
#5741=VECTOR('',#5744,1.0);
#5742=DIRECTION('',(0,-0.9754410020677065,0.22026087143464326));
#5743=DIRECTION('',(0,0.8342191746462444,-0.5514330137492123));
#5744=DIRECTION('',(0,0.11914522061843075,0.9928768384869221));
#5745=STYLED_ITEM('',(#18),#5746);
#5746=FACE_SURFACE('',(#5751),#5747,.T.);
#5747=PLANE('',#5748);
#5748=AXIS2_PLACEMENT_3D('',#189,#5749,#5750);
#5749=DIRECTION('',(1,0,0));
#5750=DIRECTION('',(0,-0.8342191746462444,0.5514330137492123));
#5751=FACE_BOUND('',#5752,.T.);
#5752=EDGE_LOOP('',(#5753,#5754,#5755));
#5753=ORIENTED_EDGE('',*,*,#5756,.T.);
#5754=ORIENTED_EDGE('',*,*,#5757,.T.);
#5755=ORIENTED_EDGE('',*,*,#5758,.T.);
#5756=EDGE_CURVE('',#190,#324,#5759,.F.);
#5757=EDGE_CURVE('',#324,#92,#5760,.T.);
#5758=EDGE_CURVE('',#92,#190,#5761,.T.);
#5759=LINE('',#189,#5762);
#5760=LINE('',#323,#5763);
#5761=LINE('',#91,#5764);
#5762=VECTOR('',#5765,1.0);
#5763=VECTOR('',#5766,1.0);
#5764=VECTOR('',#5767,1.0);
#5765=DIRECTION('',(0,-0.8342191746462444,0.5514330137492123));
#5766=DIRECTION('',(0,-0.11713673497544476,-0.9931157965309445));
#5767=DIRECTION('',(0,1,0));
#5768=STYLED_ITEM('',(#18),#5769);
#5769=FACE_SURFACE('',(#5774),#5770,.T.);
#5770=PLANE('',#5771);
#5771=AXIS2_PLACEMENT_3D('',#189,#5772,#5773);
#5772=DIRECTION('',(1,0,0));
#5773=DIRECTION('',(0,-1,0));
#5774=FACE_BOUND('',#5775,.T.);
#5775=EDGE_LOOP('',(#5776,#5777,#5778));
#5776=ORIENTED_EDGE('',*,*,#5779,.T.);
#5777=ORIENTED_EDGE('',*,*,#5780,.T.);
#5778=ORIENTED_EDGE('',*,*,#5781,.T.);
#5779=EDGE_CURVE('',#190,#92,#5782,.F.);
#5780=EDGE_CURVE('',#92,#88,#5783,.T.);
#5781=EDGE_CURVE('',#88,#190,#5784,.T.);
#5782=LINE('',#189,#5785);
#5783=LINE('',#91,#5786);
#5784=LINE('',#87,#5787);
#5785=VECTOR('',#5788,1.0);
#5786=VECTOR('',#5789,1.0);
#5787=VECTOR('',#5790,1.0);
#5788=DIRECTION('',(0,-1,0));
#5789=DIRECTION('',(0,0,-1));
#5790=DIRECTION('',(0,0.8284256240101194,0.5600990854156467));
#5791=STYLED_ITEM('',(#18),#5792);
#5792=FACE_SURFACE('',(#5797),#5793,.T.);
#5793=PLANE('',#5794);
#5794=AXIS2_PLACEMENT_3D('',#87,#5795,#5796);
#5795=DIRECTION('',(1,0,0));
#5796=DIRECTION('',(0,1,0));
#5797=FACE_BOUND('',#5798,.T.);
#5798=EDGE_LOOP('',(#5799,#5800,#5801));
#5799=ORIENTED_EDGE('',*,*,#5802,.T.);
#5800=ORIENTED_EDGE('',*,*,#5803,.T.);
#5801=ORIENTED_EDGE('',*,*,#5804,.T.);
#5802=EDGE_CURVE('',#88,#188,#5805,.F.);
#5803=EDGE_CURVE('',#188,#190,#5806,.T.);
#5804=EDGE_CURVE('',#190,#88,#5807,.T.);
#5805=LINE('',#87,#5808);
#5806=LINE('',#187,#5809);
#5807=LINE('',#189,#5810);
#5808=VECTOR('',#5811,1.0);
#5809=VECTOR('',#5812,1.0);
#5810=VECTOR('',#5813,1.0);
#5811=DIRECTION('',(0,1,0));
#5812=DIRECTION('',(0,0,1));
#5813=DIRECTION('',(0,-0.8284256240101194,-0.5600990854156467));
#5814=STYLED_ITEM('',(#18),#5815);
#5815=FACE_SURFACE('',(#5820),#5816,.T.);
#5816=PLANE('',#5817);
#5817=AXIS2_PLACEMENT_3D('',#365,#5818,#5819);
#5818=DIRECTION('',(1,-0,0));
#5819=DIRECTION('',(0,0.8567921384922006,-0.5156619352036388));
#5820=FACE_BOUND('',#5821,.T.);
#5821=EDGE_LOOP('',(#5822,#5823,#5824));
#5822=ORIENTED_EDGE('',*,*,#5825,.T.);
#5823=ORIENTED_EDGE('',*,*,#5826,.T.);
#5824=ORIENTED_EDGE('',*,*,#5827,.T.);
#5825=EDGE_CURVE('',#366,#374,#5828,.F.);
#5826=EDGE_CURVE('',#374,#302,#5829,.T.);
#5827=EDGE_CURVE('',#302,#366,#5830,.T.);
#5828=LINE('',#365,#5831);
#5829=LINE('',#373,#5832);
#5830=LINE('',#301,#5833);
#5831=VECTOR('',#5834,1.0);
#5832=VECTOR('',#5835,1.0);
#5833=VECTOR('',#5836,1.0);
#5834=DIRECTION('',(0,0.8567921384922006,-0.5156619352036388));
#5835=DIRECTION('',(0,0.5135744141339386,0.8580450577603612));
#5836=DIRECTION('',(0,-0.7929489976428424,-0.6092880165711546));
#5837=STYLED_ITEM('',(#18),#5838);
#5838=FACE_SURFACE('',(#5843),#5839,.T.);
#5839=PLANE('',#5840);
#5840=AXIS2_PLACEMENT_3D('',#301,#5841,#5842);
#5841=DIRECTION('',(1,0,0));
#5842=DIRECTION('',(0,-0.5135744141339386,-0.8580450577603612));
#5843=FACE_BOUND('',#5844,.T.);
#5844=EDGE_LOOP('',(#5845,#5846,#5847));
#5845=ORIENTED_EDGE('',*,*,#5848,.T.);
#5846=ORIENTED_EDGE('',*,*,#5849,.T.);
#5847=ORIENTED_EDGE('',*,*,#5850,.T.);
#5848=EDGE_CURVE('',#302,#374,#5851,.F.);
#5849=EDGE_CURVE('',#374,#300,#5852,.T.);
#5850=EDGE_CURVE('',#300,#302,#5853,.T.);
#5851=LINE('',#301,#5854);
#5852=LINE('',#373,#5855);
#5853=LINE('',#299,#5856);
#5854=VECTOR('',#5857,1.0);
#5855=VECTOR('',#5858,1.0);
#5856=VECTOR('',#5859,1.0);
#5857=DIRECTION('',(0,-0.5135744141339386,-0.8580450577603612));
#5858=DIRECTION('',(0,0.8663858461385091,0.499375175204835));
#5859=DIRECTION('',(0,-0.7540815958863061,0.6567807448042016));
#5860=STYLED_ITEM('',(#18),#5861);
#5861=FACE_SURFACE('',(#5866),#5862,.T.);
#5862=PLANE('',#5863);
#5863=AXIS2_PLACEMENT_3D('',#373,#5864,#5865);
#5864=DIRECTION('',(1,-0,0));
#5865=DIRECTION('',(0,0.7071067811865472,-0.7071067811865477));
#5866=FACE_BOUND('',#5867,.T.);
#5867=EDGE_LOOP('',(#5868,#5869,#5870));
#5868=ORIENTED_EDGE('',*,*,#5871,.T.);
#5869=ORIENTED_EDGE('',*,*,#5872,.T.);
#5870=ORIENTED_EDGE('',*,*,#5873,.T.);
#5871=EDGE_CURVE('',#374,#376,#5874,.F.);
#5872=EDGE_CURVE('',#376,#300,#5875,.T.);
#5873=EDGE_CURVE('',#300,#374,#5876,.T.);
#5874=LINE('',#373,#5877);
#5875=LINE('',#375,#5878);
#5876=LINE('',#299,#5879);
#5877=VECTOR('',#5880,1.0);
#5878=VECTOR('',#5881,1.0);
#5879=VECTOR('',#5882,1.0);
#5880=DIRECTION('',(0,0.7071067811865472,-0.7071067811865477));
#5881=DIRECTION('',(0,0.6152239949102829,0.7883523552870456));
#5882=DIRECTION('',(0,-0.8663858461385091,-0.499375175204835));
#5883=STYLED_ITEM('',(#18),#5884);
#5884=FACE_SURFACE('',(#5889),#5885,.T.);
#5885=PLANE('',#5886);
#5886=AXIS2_PLACEMENT_3D('',#299,#5887,#5888);
#5887=DIRECTION('',(1,0,0));
#5888=DIRECTION('',(0,-0.6152239949102829,-0.7883523552870456));
#5889=FACE_BOUND('',#5890,.T.);
#5890=EDGE_LOOP('',(#5891,#5892,#5893));
#5891=ORIENTED_EDGE('',*,*,#5894,.T.);
#5892=ORIENTED_EDGE('',*,*,#5895,.T.);
#5893=ORIENTED_EDGE('',*,*,#5896,.T.);
#5894=EDGE_CURVE('',#300,#376,#5897,.F.);
#5895=EDGE_CURVE('',#376,#298,#5898,.T.);
#5896=EDGE_CURVE('',#298,#300,#5899,.T.);
#5897=LINE('',#299,#5900);
#5898=LINE('',#375,#5901);
#5899=LINE('',#297,#5902);
#5900=VECTOR('',#5903,1.0);
#5901=VECTOR('',#5904,1.0);
#5902=VECTOR('',#5905,1.0);
#5903=DIRECTION('',(0,-0.6152239949102829,-0.7883523552870456));
#5904=DIRECTION('',(0,0.9210525453871552,0.3894383245596696));
#5905=DIRECTION('',(0,-0.6088187851390504,0.7933093260902779));
#5906=STYLED_ITEM('',(#18),#5907);
#5907=FACE_SURFACE('',(#5912),#5908,.T.);
#5908=PLANE('',#5909);
#5909=AXIS2_PLACEMENT_3D('',#375,#5910,#5911);
#5910=DIRECTION('',(1,-0,0));
#5911=DIRECTION('',(0,0.5098023903017334,-0.8602915336341741));
#5912=FACE_BOUND('',#5913,.T.);
#5913=EDGE_LOOP('',(#5914,#5915,#5916));
#5914=ORIENTED_EDGE('',*,*,#5917,.T.);
#5915=ORIENTED_EDGE('',*,*,#5918,.T.);
#5916=ORIENTED_EDGE('',*,*,#5919,.T.);
#5917=EDGE_CURVE('',#376,#378,#5920,.F.);
#5918=EDGE_CURVE('',#378,#298,#5921,.T.);
#5919=EDGE_CURVE('',#298,#376,#5922,.T.);
#5920=LINE('',#375,#5923);
#5921=LINE('',#377,#5924);
#5922=LINE('',#297,#5925);
#5923=VECTOR('',#5926,1.0);
#5924=VECTOR('',#5927,1.0);
#5925=VECTOR('',#5928,1.0);
#5926=DIRECTION('',(0,0.5098023903017334,-0.8602915336341741));
#5927=DIRECTION('',(0,0.7071067811865475,0.7071067811865475));
#5928=DIRECTION('',(0,-0.9210525453871552,-0.3894383245596696));
#5929=STYLED_ITEM('',(#18),#5930);
#5930=FACE_SURFACE('',(#5935),#5931,.T.);
#5931=PLANE('',#5932);
#5932=AXIS2_PLACEMENT_3D('',#297,#5933,#5934);
#5933=DIRECTION('',(1,0,0));
#5934=DIRECTION('',(0,-0.7071067811865475,-0.7071067811865475));
#5935=FACE_BOUND('',#5936,.T.);
#5936=EDGE_LOOP('',(#5937,#5938,#5939));
#5937=ORIENTED_EDGE('',*,*,#5940,.T.);
#5938=ORIENTED_EDGE('',*,*,#5941,.T.);
#5939=ORIENTED_EDGE('',*,*,#5942,.T.);
#5940=EDGE_CURVE('',#298,#378,#5943,.F.);
#5941=EDGE_CURVE('',#378,#296,#5944,.T.);
#5942=EDGE_CURVE('',#296,#298,#5945,.T.);
#5943=LINE('',#297,#5946);
#5944=LINE('',#377,#5947);
#5945=LINE('',#295,#5948);
#5946=VECTOR('',#5949,1.0);
#5947=VECTOR('',#5950,1.0);
#5948=VECTOR('',#5951,1.0);
#5949=DIRECTION('',(0,-0.7071067811865475,-0.7071067811865475));
#5950=DIRECTION('',(0,0.9610484509503042,0.27637994667851873));
#5951=DIRECTION('',(0,-0.44229248412044514,0.8968708705775686));
#5952=STYLED_ITEM('',(#18),#5953);
#5953=FACE_SURFACE('',(#5958),#5954,.T.);
#5954=PLANE('',#5955);
#5955=AXIS2_PLACEMENT_3D('',#377,#5956,#5957);
#5956=DIRECTION('',(1,-0,0));
#5957=DIRECTION('',(0,0.2778653026807835,-0.9606200464107109));
#5958=FACE_BOUND('',#5959,.T.);
#5959=EDGE_LOOP('',(#5960,#5961,#5962));
#5960=ORIENTED_EDGE('',*,*,#5963,.T.);
#5961=ORIENTED_EDGE('',*,*,#5964,.T.);
#5962=ORIENTED_EDGE('',*,*,#5965,.T.);
#5963=EDGE_CURVE('',#378,#380,#5966,.F.);
#5964=EDGE_CURVE('',#380,#296,#5967,.T.);
#5965=EDGE_CURVE('',#296,#378,#5968,.T.);
#5966=LINE('',#377,#5969);
#5967=LINE('',#379,#5970);
#5968=LINE('',#295,#5971);
#5969=VECTOR('',#5972,1.0);
#5970=VECTOR('',#5973,1.0);
#5971=VECTOR('',#5974,1.0);
#5972=DIRECTION('',(0,0.2778653026807835,-0.9606200464107109));
#5973=DIRECTION('',(0,0.7918630000254097,0.6106987712373082));
#5974=DIRECTION('',(0,-0.9610484509503042,-0.27637994667851873));
#5975=STYLED_ITEM('',(#18),#5976);
#5976=FACE_SURFACE('',(#5981),#5977,.T.);
#5977=PLANE('',#5978);
#5978=AXIS2_PLACEMENT_3D('',#295,#5979,#5980);
#5979=DIRECTION('',(1,0,0));
#5980=DIRECTION('',(0,-0.7918630000254097,-0.6106987712373082));
#5981=FACE_BOUND('',#5982,.T.);
#5982=EDGE_LOOP('',(#5983,#5984,#5985));
#5983=ORIENTED_EDGE('',*,*,#5986,.T.);
#5984=ORIENTED_EDGE('',*,*,#5987,.T.);
#5985=ORIENTED_EDGE('',*,*,#5988,.T.);
#5986=EDGE_CURVE('',#296,#380,#5989,.F.);
#5987=EDGE_CURVE('',#380,#294,#5990,.T.);
#5988=EDGE_CURVE('',#294,#296,#5991,.T.);
#5989=LINE('',#295,#5992);
#5990=LINE('',#379,#5993);
#5991=LINE('',#293,#5994);
#5992=VECTOR('',#5995,1.0);
#5993=VECTOR('',#5996,1.0);
#5994=VECTOR('',#5997,1.0);
#5995=DIRECTION('',(0,-0.7918630000254097,-0.6106987712373082));
#5996=DIRECTION('',(0,0.986984000237425,0.16081847927191287));
#5997=DIRECTION('',(0,-0.2569011563432507,0.9664376833865185));
#5998=STYLED_ITEM('',(#18),#5999);
#5999=FACE_SURFACE('',(#6004),#6000,.T.);
#6000=PLANE('',#6001);
#6001=AXIS2_PLACEMENT_3D('',#379,#6002,#6003);
#6002=DIRECTION('',(1,-0,0));
#6003=DIRECTION('',(0,0.159545940186297,-0.9871905049027115));
#6004=FACE_BOUND('',#6005,.T.);
#6005=EDGE_LOOP('',(#6006,#6007,#6008));
#6006=ORIENTED_EDGE('',*,*,#6009,.T.);
#6007=ORIENTED_EDGE('',*,*,#6010,.T.);
#6008=ORIENTED_EDGE('',*,*,#6011,.T.);
#6009=EDGE_CURVE('',#380,#382,#6012,.F.);
#6010=EDGE_CURVE('',#382,#294,#6013,.T.);
#6011=EDGE_CURVE('',#294,#380,#6014,.T.);
#6012=LINE('',#379,#6015);
#6013=LINE('',#381,#6016);
#6014=LINE('',#293,#6017);
#6015=VECTOR('',#6018,1.0);
#6016=VECTOR('',#6019,1.0);
#6017=VECTOR('',#6020,1.0);
#6018=DIRECTION('',(0,0.159545940186297,-0.9871905049027115));
#6019=DIRECTION('',(0,0.605836553395763,0.7955891342706627));
#6020=DIRECTION('',(0,-0.986984000237425,-0.16081847927191287));
#6021=STYLED_ITEM('',(#18),#6022);
#6022=FACE_SURFACE('',(#6027),#6023,.T.);
#6023=PLANE('',#6024);
#6024=AXIS2_PLACEMENT_3D('',#293,#6025,#6026);
#6025=DIRECTION('',(1,0,0));
#6026=DIRECTION('',(0,-0.605836553395763,-0.7955891342706627));
#6027=FACE_BOUND('',#6028,.T.);
#6028=EDGE_LOOP('',(#6029,#6030,#6031));
#6029=ORIENTED_EDGE('',*,*,#6032,.T.);
#6030=ORIENTED_EDGE('',*,*,#6033,.T.);
#6031=ORIENTED_EDGE('',*,*,#6034,.T.);
#6032=EDGE_CURVE('',#294,#382,#6035,.F.);
#6033=EDGE_CURVE('',#382,#384,#6036,.T.);
#6034=EDGE_CURVE('',#384,#294,#6037,.T.);
#6035=LINE('',#293,#6038);
#6036=LINE('',#381,#6039);
#6037=LINE('',#383,#6040);
#6038=VECTOR('',#6041,1.0);
#6039=VECTOR('',#6042,1.0);
#6040=VECTOR('',#6043,1.0);
#6041=DIRECTION('',(0,-0.605836553395763,-0.7955891342706627));
#6042=DIRECTION('',(0,1,0));
#6043=DIRECTION('',(0,-0.16163921110335314,0.9868499204204688));
#6044=STYLED_ITEM('',(#18),#6045);
#6045=FACE_SURFACE('',(#6050),#6046,.T.);
#6046=PLANE('',#6047);
#6047=AXIS2_PLACEMENT_3D('',#171,#6048,#6049);
#6048=DIRECTION('',(-0.0014784938141125432,0.9870963898201353,0.1601203649137028));
#6049=DIRECTION('',(0.7210758855684729,0.11199271247248795,-0.6837449814109771));
#6050=FACE_BOUND('',#6051,.T.);
#6051=EDGE_LOOP('',(#6052,#6053,#6054));
#6052=ORIENTED_EDGE('',*,*,#6055,.T.);
#6053=ORIENTED_EDGE('',*,*,#6056,.T.);
#6054=ORIENTED_EDGE('',*,*,#6057,.T.);
#6055=EDGE_CURVE('',#172,#384,#6058,.F.);
#6056=EDGE_CURVE('',#384,#50,#6059,.T.);
#6057=EDGE_CURVE('',#50,#172,#6060,.T.);
#6058=LINE('',#171,#6061);
#6059=LINE('',#383,#6062);
#6060=LINE('',#49,#6063);
#6061=VECTOR('',#6064,1.0);
#6062=VECTOR('',#6065,1.0);
#6063=VECTOR('',#6066,1.0);
#6064=DIRECTION('',(0.7210758855684729,0.11199271247248795,-0.6837449814109771));
#6065=DIRECTION('',(-0.3335662704802489,0.15046306711400237,-0.9306419336310525));
#6066=DIRECTION('',(0.03381682717040493,-0.15997960545999274,0.9865409003366218));
#6067=STYLED_ITEM('',(#18),#6068);
#6068=FACE_SURFACE('',(#6073),#6069,.T.);
#6069=PLANE('',#6070);
#6070=AXIS2_PLACEMENT_3D('',#49,#6071,#6072);
#6071=DIRECTION('',(0.000743730679970979,0.9872227922313188,0.15934429818375642));
#6072=DIRECTION('',(0.3335662704802489,-0.15046306711400237,0.9306419336310525));
#6073=FACE_BOUND('',#6074,.T.);
#6074=EDGE_LOOP('',(#6075,#6076,#6077));
#6075=ORIENTED_EDGE('',*,*,#6078,.T.);
#6076=ORIENTED_EDGE('',*,*,#6079,.T.);
#6077=ORIENTED_EDGE('',*,*,#6080,.T.);
#6078=EDGE_CURVE('',#50,#384,#6081,.F.);
#6079=EDGE_CURVE('',#384,#386,#6082,.T.);
#6080=EDGE_CURVE('',#386,#50,#6083,.T.);
#6081=LINE('',#49,#6084);
#6082=LINE('',#383,#6085);
#6083=LINE('',#385,#6086);
#6084=VECTOR('',#6087,1.0);
#6085=VECTOR('',#6088,1.0);
#6086=VECTOR('',#6089,1.0);
#6087=DIRECTION('',(0.3335662704802489,-0.15046306711400237,0.9306419336310525));
#6088=DIRECTION('',(0.7014185250743141,0.11305759121263598,-0.7037258228541641));
#6089=DIRECTION('',(-0.6368561124086396,0.12331930254109195,-0.7610562671107394));
#6090=STYLED_ITEM('',(#18),#6091);
#6091=FACE_SURFACE('',(#6096),#6092,.T.);
#6092=PLANE('',#6093);
#6093=AXIS2_PLACEMENT_3D('',#49,#6094,#6095);
#6094=DIRECTION('',(-0.00019780462283687124,0.9870988192118759,0.16011209193515463));
#6095=DIRECTION('',(0.6368561124086396,-0.12331930254109195,0.7610562671107394));
#6096=FACE_BOUND('',#6097,.T.);
#6097=EDGE_LOOP('',(#6098,#6099,#6100));
#6098=ORIENTED_EDGE('',*,*,#6101,.T.);
#6099=ORIENTED_EDGE('',*,*,#6102,.T.);
#6100=ORIENTED_EDGE('',*,*,#6103,.T.);
#6101=EDGE_CURVE('',#50,#386,#6104,.F.);
#6102=EDGE_CURVE('',#386,#388,#6105,.T.);
#6103=EDGE_CURVE('',#388,#50,#6106,.T.);
#6104=LINE('',#49,#6107);
#6105=LINE('',#385,#6108);
#6106=LINE('',#387,#6109);
#6107=VECTOR('',#6110,1.0);
#6108=VECTOR('',#6111,1.0);
#6109=VECTOR('',#6112,1.0);
#6110=DIRECTION('',(0.6368561124086396,-0.12331930254109195,0.7610562671107394));
#6111=DIRECTION('',(0,0.16011209506748114,-0.9870988385228209));
#6112=DIRECTION('',(-0.8691806341286179,-0.07934429025240503,0.4880876036738852));
#6113=STYLED_ITEM('',(#18),#6114);
#6114=FACE_SURFACE('',(#6119),#6115,.T.);
#6115=PLANE('',#6116);
#6116=AXIS2_PLACEMENT_3D('',#171,#6117,#6118);
#6117=DIRECTION('',(-0,0.9868499204204687,0.1616392111033531));
#6118=DIRECTION('',(1,0,0));
#6119=FACE_BOUND('',#6120,.T.);
#6120=EDGE_LOOP('',(#6121,#6122,#6123));
#6121=ORIENTED_EDGE('',*,*,#6124,.T.);
#6122=ORIENTED_EDGE('',*,*,#6125,.T.);
#6123=ORIENTED_EDGE('',*,*,#6126,.T.);
#6124=EDGE_CURVE('',#172,#294,#6127,.F.);
#6125=EDGE_CURVE('',#294,#384,#6128,.T.);
#6126=EDGE_CURVE('',#384,#172,#6129,.T.);
#6127=LINE('',#171,#6130);
#6128=LINE('',#293,#6131);
#6129=LINE('',#383,#6132);
#6130=VECTOR('',#6133,1.0);
#6131=VECTOR('',#6134,1.0);
#6132=VECTOR('',#6135,1.0);
#6133=DIRECTION('',(1,0,0));
#6134=DIRECTION('',(0,0.16163921110335314,-0.9868499204204688));
#6135=DIRECTION('',(-0.7210758855684729,-0.11199271247248795,0.6837449814109771));
#6136=STYLED_ITEM('',(#18),#6137);
#6137=FACE_SURFACE('',(#6142),#6138,.T.);
#6138=PLANE('',#6139);
#6139=AXIS2_PLACEMENT_3D('',#49,#6140,#6141);
#6140=DIRECTION('',(-0.00012411392980823355,0.9870780837644962,0.16023994866306757));
#6141=DIRECTION('',(0.8691806341286179,0.07934429025240503,-0.4880876036738852));
#6142=FACE_BOUND('',#6143,.T.);
#6143=EDGE_LOOP('',(#6144,#6145,#6146));
#6144=ORIENTED_EDGE('',*,*,#6147,.T.);
#6145=ORIENTED_EDGE('',*,*,#6148,.T.);
#6146=ORIENTED_EDGE('',*,*,#6149,.T.);
#6147=EDGE_CURVE('',#50,#388,#6150,.F.);
#6148=EDGE_CURVE('',#388,#46,#6151,.T.);
#6149=EDGE_CURVE('',#46,#50,#6152,.T.);
#6150=LINE('',#49,#6153);
#6151=LINE('',#387,#6154);
#6152=LINE('',#45,#6155);
#6153=VECTOR('',#6156,1.0);
#6154=VECTOR('',#6157,1.0);
#6155=VECTOR('',#6158,1.0);
#6156=DIRECTION('',(0.8691806341286179,0.07934429025240503,-0.4880876036738852));
#6157=DIRECTION('',(-0.4082058630632879,0.14623142259113625,-0.9011017392102453));
#6158=DIRECTION('',(0,-0.16023994989725712,0.9870780913671039));
#6159=STYLED_ITEM('',(#18),#6160);
#6160=FACE_SURFACE('',(#6165),#6161,.T.);
#6161=PLANE('',#6162);
#6162=AXIS2_PLACEMENT_3D('',#45,#6163,#6164);
#6163=DIRECTION('',(-0.0007594545833791754,0.9870322430944068,0.1605203237000215));
#6164=DIRECTION('',(0.4082058630632879,-0.14623142259113625,0.9011017392102453));
#6165=FACE_BOUND('',#6166,.T.);
#6166=EDGE_LOOP('',(#6167,#6168,#6169));
#6167=ORIENTED_EDGE('',*,*,#6170,.T.);
#6168=ORIENTED_EDGE('',*,*,#6171,.T.);
#6169=ORIENTED_EDGE('',*,*,#6172,.T.);
#6170=EDGE_CURVE('',#46,#388,#6173,.F.);
#6171=EDGE_CURVE('',#388,#390,#6174,.T.);
#6172=EDGE_CURVE('',#390,#46,#6175,.T.);
#6173=LINE('',#45,#6176);
#6174=LINE('',#387,#6177);
#6175=LINE('',#389,#6178);
#6176=VECTOR('',#6179,1.0);
#6177=VECTOR('',#6180,1.0);
#6178=VECTOR('',#6181,1.0);
#6179=DIRECTION('',(0.4082058630632879,-0.14623142259113625,0.9011017392102453));
#6180=DIRECTION('',(0.7024337323973491,0.11477675365969815,-0.7024337323973491));
#6181=DIRECTION('',(-0.5140167988889567,0.1373058572374609,-0.8467194529643428));
#6182=STYLED_ITEM('',(#18),#6183);
#6183=FACE_SURFACE('',(#6188),#6184,.T.);
#6184=PLANE('',#6185);
#6185=AXIS2_PLACEMENT_3D('',#45,#6186,#6187);
#6186=DIRECTION('',(-0,0.9871054777475851,0.16007115855366233));
#6187=DIRECTION('',(0.5140167988889567,-0.1373058572374609,0.8467194529643428));
#6188=FACE_BOUND('',#6189,.T.);
#6189=EDGE_LOOP('',(#6190,#6191,#6192));
#6190=ORIENTED_EDGE('',*,*,#6193,.T.);
#6191=ORIENTED_EDGE('',*,*,#6194,.T.);
#6192=ORIENTED_EDGE('',*,*,#6195,.T.);
#6193=EDGE_CURVE('',#46,#390,#6196,.F.);
#6194=EDGE_CURVE('',#390,#392,#6197,.T.);
#6195=EDGE_CURVE('',#392,#46,#6198,.T.);
#6196=LINE('',#45,#6199);
#6197=LINE('',#389,#6200);
#6198=LINE('',#391,#6201);
#6199=VECTOR('',#6202,1.0);
#6200=VECTOR('',#6203,1.0);
#6201=VECTOR('',#6204,1.0);
#6202=DIRECTION('',(0.5140167988889567,-0.1373058572374609,0.8467194529643428));
#6203=DIRECTION('',(-0.28340033076812293,0.15350851249939979,-0.9466358270796327));
#6204=DIRECTION('',(-1,0,0));
#6205=STYLED_ITEM('',(#18),#6206);
#6206=FACE_SURFACE('',(#6211),#6207,.T.);
#6207=PLANE('',#6208);
#6208=AXIS2_PLACEMENT_3D('',#391,#6209,#6210);
#6209=DIRECTION('',(0,0.9871054777475852,0.16007115855366238));
#6210=DIRECTION('',(0.28340033076812293,-0.15350851249939979,0.9466358270796327));
#6211=FACE_BOUND('',#6212,.T.);
#6212=EDGE_LOOP('',(#6213,#6214,#6215));
#6213=ORIENTED_EDGE('',*,*,#6216,.T.);
#6214=ORIENTED_EDGE('',*,*,#6217,.T.);
#6215=ORIENTED_EDGE('',*,*,#6218,.T.);
#6216=EDGE_CURVE('',#392,#390,#6219,.F.);
#6217=EDGE_CURVE('',#390,#394,#6220,.T.);
#6218=EDGE_CURVE('',#394,#392,#6221,.T.);
#6219=LINE('',#391,#6222);
#6220=LINE('',#389,#6223);
#6221=LINE('',#393,#6224);
#6222=VECTOR('',#6225,1.0);
#6223=VECTOR('',#6226,1.0);
#6224=VECTOR('',#6227,1.0);
#6225=DIRECTION('',(0.28340033076812293,-0.15350851249939979,0.9466358270796327));
#6226=DIRECTION('',(1,0,0));
#6227=DIRECTION('',(-0.37098542757524827,0.1486482706380274,-0.9166643356011698));
#6228=STYLED_ITEM('',(#18),#6229);
#6229=FACE_SURFACE('',(#6234),#6230,.T.);
#6230=PLANE('',#6231);
#6231=AXIS2_PLACEMENT_3D('',#391,#6232,#6233);
#6232=DIRECTION('',(-0,0.9871054777475852,0.16007115855366233));
#6233=DIRECTION('',(0.37098542757524827,-0.1486482706380274,0.9166643356011698));
#6234=FACE_BOUND('',#6235,.T.);
#6235=EDGE_LOOP('',(#6236,#6237,#6238));
#6236=ORIENTED_EDGE('',*,*,#6239,.T.);
#6237=ORIENTED_EDGE('',*,*,#6240,.T.);
#6238=ORIENTED_EDGE('',*,*,#6241,.T.);
#6239=EDGE_CURVE('',#392,#394,#6242,.F.);
#6240=EDGE_CURVE('',#394,#396,#6243,.T.);
#6241=EDGE_CURVE('',#396,#392,#6244,.T.);
#6242=LINE('',#391,#6245);
#6243=LINE('',#393,#6246);
#6244=LINE('',#395,#6247);
#6245=VECTOR('',#6248,1.0);
#6246=VECTOR('',#6249,1.0);
#6247=VECTOR('',#6250,1.0);
#6248=DIRECTION('',(0.37098542757524827,-0.1486482706380274,0.9166643356011698));
#6249=DIRECTION('',(0.28340033076812293,0.15350851249939979,-0.9466358270796327));
#6250=DIRECTION('',(-1,0,0));
#6251=STYLED_ITEM('',(#18),#6252);
#6252=FACE_SURFACE('',(#6257),#6253,.T.);
#6253=PLANE('',#6254);
#6254=AXIS2_PLACEMENT_3D('',#395,#6255,#6256);
#6255=DIRECTION('',(-0,0.9871054777475851,0.16007115855366233));
#6256=DIRECTION('',(-0.28340033076812293,-0.15350851249939979,0.9466358270796327));
#6257=FACE_BOUND('',#6258,.T.);
#6258=EDGE_LOOP('',(#6259,#6260,#6261));
#6259=ORIENTED_EDGE('',*,*,#6262,.T.);
#6260=ORIENTED_EDGE('',*,*,#6263,.T.);
#6261=ORIENTED_EDGE('',*,*,#6264,.T.);
#6262=EDGE_CURVE('',#396,#394,#6265,.F.);
#6263=EDGE_CURVE('',#394,#208,#6266,.T.);
#6264=EDGE_CURVE('',#208,#396,#6267,.T.);
#6265=LINE('',#395,#6268);
#6266=LINE('',#393,#6269);
#6267=LINE('',#207,#6270);
#6268=VECTOR('',#6271,1.0);
#6269=VECTOR('',#6272,1.0);
#6270=VECTOR('',#6273,1.0);
#6271=DIRECTION('',(-0.28340033076812293,-0.15350851249939979,0.9466358270796327));
#6272=DIRECTION('',(0.5140167988889567,0.1373058572374609,-0.8467194529643428));
#6273=DIRECTION('',(-1,0,0));
#6274=STYLED_ITEM('',(#18),#6275);
#6275=FACE_SURFACE('',(#6280),#6276,.T.);
#6276=PLANE('',#6277);
#6277=AXIS2_PLACEMENT_3D('',#393,#6278,#6279);
#6278=DIRECTION('',(0.0007594545833790791,0.9870322430944068,0.16052032370002156));
#6279=DIRECTION('',(0.7024337323973491,-0.11477675365969815,0.7024337323973491));
#6280=FACE_BOUND('',#6281,.T.);
#6281=EDGE_LOOP('',(#6282,#6283,#6284));
#6282=ORIENTED_EDGE('',*,*,#6285,.T.);
#6283=ORIENTED_EDGE('',*,*,#6286,.T.);
#6284=ORIENTED_EDGE('',*,*,#6287,.T.);
#6285=EDGE_CURVE('',#394,#398,#6288,.F.);
#6286=EDGE_CURVE('',#398,#208,#6289,.T.);
#6287=EDGE_CURVE('',#208,#394,#6290,.T.);
#6288=LINE('',#393,#6291);
#6289=LINE('',#397,#6292);
#6290=LINE('',#207,#6293);
#6291=VECTOR('',#6294,1.0);
#6292=VECTOR('',#6295,1.0);
#6293=VECTOR('',#6296,1.0);
#6294=DIRECTION('',(0.7024337323973491,-0.11477675365969815,0.7024337323973491));
#6295=DIRECTION('',(0.4082058630632879,0.14623142259113625,-0.9011017392102453));
#6296=DIRECTION('',(-0.5140167988889567,-0.1373058572374609,0.8467194529643428));
#6297=STYLED_ITEM('',(#18),#6298);
#6298=FACE_SURFACE('',(#6303),#6299,.T.);
#6299=PLANE('',#6300);
#6300=AXIS2_PLACEMENT_3D('',#207,#6301,#6302);
#6301=DIRECTION('',(0.00012411392980827142,0.9870780837644962,0.16023994866306757));
#6302=DIRECTION('',(-0.4082058630632879,-0.14623142259113625,0.9011017392102453));
#6303=FACE_BOUND('',#6304,.T.);
#6304=EDGE_LOOP('',(#6305,#6306,#6307));
#6305=ORIENTED_EDGE('',*,*,#6308,.T.);
#6306=ORIENTED_EDGE('',*,*,#6309,.T.);
#6307=ORIENTED_EDGE('',*,*,#6310,.T.);
#6308=EDGE_CURVE('',#208,#398,#6311,.F.);
#6309=EDGE_CURVE('',#398,#204,#6312,.T.);
#6310=EDGE_CURVE('',#204,#208,#6313,.T.);
#6311=LINE('',#207,#6314);
#6312=LINE('',#397,#6315);
#6313=LINE('',#203,#6316);
#6314=VECTOR('',#6317,1.0);
#6315=VECTOR('',#6318,1.0);
#6316=VECTOR('',#6319,1.0);
#6317=DIRECTION('',(-0.4082058630632879,-0.14623142259113625,0.9011017392102453));
#6318=DIRECTION('',(0.8691806341286179,-0.07934429025240503,0.4880876036738852));
#6319=DIRECTION('',(0,0.16023994989725712,-0.9870780913671039));
#6320=STYLED_ITEM('',(#18),#6321);
#6321=FACE_SURFACE('',(#6326),#6322,.T.);
#6322=PLANE('',#6323);
#6323=AXIS2_PLACEMENT_3D('',#397,#6324,#6325);
#6324=DIRECTION('',(0.00019780462283687124,0.9870988192118759,0.16011209193515463));
#6325=DIRECTION('',(0,-0.16011209506748114,0.9870988385228209));
#6326=FACE_BOUND('',#6327,.T.);
#6327=EDGE_LOOP('',(#6328,#6329,#6330));
#6328=ORIENTED_EDGE('',*,*,#6331,.T.);
#6329=ORIENTED_EDGE('',*,*,#6332,.T.);
#6330=ORIENTED_EDGE('',*,*,#6333,.T.);
#6331=EDGE_CURVE('',#398,#400,#6334,.F.);
#6332=EDGE_CURVE('',#400,#204,#6335,.T.);
#6333=EDGE_CURVE('',#204,#398,#6336,.T.);
#6334=LINE('',#397,#6337);
#6335=LINE('',#399,#6338);
#6336=LINE('',#203,#6339);
#6337=VECTOR('',#6340,1.0);
#6338=VECTOR('',#6341,1.0);
#6339=VECTOR('',#6342,1.0);
#6340=DIRECTION('',(0,-0.16011209506748114,0.9870988385228209));
#6341=DIRECTION('',(0.6368561124086396,0.12331930254109195,-0.7610562671107394));
#6342=DIRECTION('',(-0.8691806341286179,0.07934429025240503,-0.4880876036738852));
#6343=STYLED_ITEM('',(#18),#6344);
#6344=FACE_SURFACE('',(#6349),#6345,.T.);
#6345=PLANE('',#6346);
#6346=AXIS2_PLACEMENT_3D('',#203,#6347,#6348);
#6347=DIRECTION('',(-0.000743730679970979,0.9872227922313188,0.15934429818375642));
#6348=DIRECTION('',(-0.6368561124086396,-0.12331930254109195,0.7610562671107394));
#6349=FACE_BOUND('',#6350,.T.);
#6350=EDGE_LOOP('',(#6351,#6352,#6353));
#6351=ORIENTED_EDGE('',*,*,#6354,.T.);
#6352=ORIENTED_EDGE('',*,*,#6355,.T.);
#6353=ORIENTED_EDGE('',*,*,#6356,.T.);
#6354=EDGE_CURVE('',#204,#400,#6357,.F.);
#6355=EDGE_CURVE('',#400,#402,#6358,.T.);
#6356=EDGE_CURVE('',#402,#204,#6359,.T.);
#6357=LINE('',#203,#6360);
#6358=LINE('',#399,#6361);
#6359=LINE('',#401,#6362);
#6360=VECTOR('',#6363,1.0);
#6361=VECTOR('',#6364,1.0);
#6362=VECTOR('',#6365,1.0);
#6363=DIRECTION('',(-0.6368561124086396,-0.12331930254109195,0.7610562671107394));
#6364=DIRECTION('',(0.7014185250743141,-0.11305759121263598,0.7037258228541641));
#6365=DIRECTION('',(0.3335662704802489,0.15046306711400237,-0.9306419336310525));
#6366=STYLED_ITEM('',(#18),#6367);
#6367=FACE_SURFACE('',(#6372),#6368,.T.);
#6368=PLANE('',#6369);
#6369=AXIS2_PLACEMENT_3D('',#203,#6370,#6371);
#6370=DIRECTION('',(0.0014784938141125907,0.9870963898201351,0.1601203649137028));
#6371=DIRECTION('',(-0.3335662704802489,-0.15046306711400237,0.9306419336310525));
#6372=FACE_BOUND('',#6373,.T.);
#6373=EDGE_LOOP('',(#6374,#6375,#6376));
#6374=ORIENTED_EDGE('',*,*,#6377,.T.);
#6375=ORIENTED_EDGE('',*,*,#6378,.T.);
#6376=ORIENTED_EDGE('',*,*,#6379,.T.);
#6377=EDGE_CURVE('',#204,#402,#6380,.F.);
#6378=EDGE_CURVE('',#402,#290,#6381,.T.);
#6379=EDGE_CURVE('',#290,#204,#6382,.T.);
#6380=LINE('',#203,#6383);
#6381=LINE('',#401,#6384);
#6382=LINE('',#289,#6385);
#6383=VECTOR('',#6386,1.0);
#6384=VECTOR('',#6387,1.0);
#6385=VECTOR('',#6388,1.0);
#6386=DIRECTION('',(-0.3335662704802489,-0.15046306711400237,0.9306419336310525));
#6387=DIRECTION('',(0.7210758855684729,-0.11199271247248795,0.6837449814109771));
#6388=DIRECTION('',(0.03381682717040493,0.15997960545999274,-0.9865409003366218));
#6389=STYLED_ITEM('',(#18),#6390);
#6390=FACE_SURFACE('',(#6395),#6391,.T.);
#6391=PLANE('',#6392);
#6392=AXIS2_PLACEMENT_3D('',#289,#6393,#6394);
#6393=DIRECTION('',(0,0.9868499204204687,0.1616392111033531));
#6394=DIRECTION('',(-0.7210758855684729,0.11199271247248795,-0.6837449814109771));
#6395=FACE_BOUND('',#6396,.T.);
#6396=EDGE_LOOP('',(#6397,#6398,#6399));
#6397=ORIENTED_EDGE('',*,*,#6400,.T.);
#6398=ORIENTED_EDGE('',*,*,#6401,.T.);
#6399=ORIENTED_EDGE('',*,*,#6402,.T.);
#6400=EDGE_CURVE('',#290,#402,#6403,.F.);
#6401=EDGE_CURVE('',#402,#356,#6404,.T.);
#6402=EDGE_CURVE('',#356,#290,#6405,.T.);
#6403=LINE('',#289,#6406);
#6404=LINE('',#401,#6407);
#6405=LINE('',#355,#6408);
#6406=VECTOR('',#6409,1.0);
#6407=VECTOR('',#6410,1.0);
#6408=VECTOR('',#6411,1.0);
#6409=DIRECTION('',(-0.7210758855684729,0.11199271247248795,-0.6837449814109771));
#6410=DIRECTION('',(0,-0.16163921110335314,0.9868499204204688));
#6411=DIRECTION('',(1,0,0));
#6412=STYLED_ITEM('',(#18),#6413);
#6413=FACE_SURFACE('',(#6418),#6414,.T.);
#6414=PLANE('',#6415);
#6415=AXIS2_PLACEMENT_3D('',#403,#6416,#6417);
#6416=DIRECTION('',(0,0.9870266773701207,0.16055633951887283));
#6417=DIRECTION('',(-1,0,0));
#6418=FACE_BOUND('',#6419,.T.);
#6419=EDGE_LOOP('',(#6420,#6421,#6422));
#6420=ORIENTED_EDGE('',*,*,#6423,.T.);
#6421=ORIENTED_EDGE('',*,*,#6424,.T.);
#6422=ORIENTED_EDGE('',*,*,#6425,.T.);
#6423=EDGE_CURVE('',#404,#406,#6426,.F.);
#6424=EDGE_CURVE('',#406,#396,#6427,.T.);
#6425=EDGE_CURVE('',#396,#404,#6428,.T.);
#6426=LINE('',#403,#6429);
#6427=LINE('',#405,#6430);
#6428=LINE('',#395,#6431);
#6429=VECTOR('',#6432,1.0);
#6430=VECTOR('',#6433,1.0);
#6431=VECTOR('',#6434,1.0);
#6432=DIRECTION('',(-1,0,0));
#6433=DIRECTION('',(0.936653406228953,-0.0562360804920926,0.3457136095825368));
#6434=DIRECTION('',(0,0.1605563395188728,-0.9870266773701206));
#6435=STYLED_ITEM('',(#18),#6436);
#6436=FACE_SURFACE('',(#6441),#6437,.T.);
#6437=PLANE('',#6438);
#6438=AXIS2_PLACEMENT_3D('',#395,#6439,#6440);
#6439=DIRECTION('',(0,0.9870266773701207,0.16055633951887283));
#6440=DIRECTION('',(-0.936653406228953,0.0562360804920926,-0.3457136095825368));
#6441=FACE_BOUND('',#6442,.T.);
#6442=EDGE_LOOP('',(#6443,#6444,#6445));
#6443=ORIENTED_EDGE('',*,*,#6446,.T.);
#6444=ORIENTED_EDGE('',*,*,#6447,.T.);
#6445=ORIENTED_EDGE('',*,*,#6448,.T.);
#6446=EDGE_CURVE('',#396,#406,#6449,.F.);
#6447=EDGE_CURVE('',#406,#392,#6450,.T.);
#6448=EDGE_CURVE('',#392,#396,#6451,.T.);
#6449=LINE('',#395,#6452);
#6450=LINE('',#405,#6453);
#6451=LINE('',#391,#6454);
#6452=VECTOR('',#6455,1.0);
#6453=VECTOR('',#6456,1.0);
#6454=VECTOR('',#6457,1.0);
#6455=DIRECTION('',(-0.936653406228953,0.0562360804920926,-0.3457136095825368));
#6456=DIRECTION('',(0,-0.1605563395188728,0.9870266773701206));
#6457=DIRECTION('',(1,0,0));
#6458=STYLED_ITEM('',(#18),#6459);
#6459=FACE_SURFACE('',(#6464),#6460,.T.);
#6460=PLANE('',#6461);
#6461=AXIS2_PLACEMENT_3D('',#45,#6462,#6463);
#6462=DIRECTION('',(0,0.935056260256882,-0.3544993514160697));
#6463=DIRECTION('',(1,0,0));
#6464=FACE_BOUND('',#6465,.T.);
#6465=EDGE_LOOP('',(#6466,#6467,#6468));
#6466=ORIENTED_EDGE('',*,*,#6469,.T.);
#6467=ORIENTED_EDGE('',*,*,#6470,.T.);
#6468=ORIENTED_EDGE('',*,*,#6471,.T.);
#6469=EDGE_CURVE('',#46,#392,#6472,.F.);
#6470=EDGE_CURVE('',#392,#42,#6473,.T.);
#6471=EDGE_CURVE('',#42,#46,#6474,.T.);
#6472=LINE('',#45,#6475);
#6473=LINE('',#391,#6476);
#6474=LINE('',#41,#6477);
#6475=VECTOR('',#6478,1.0);
#6476=VECTOR('',#6479,1.0);
#6477=VECTOR('',#6480,1.0);
#6478=DIRECTION('',(1,0,0));
#6479=DIRECTION('',(-0.9158611461365045,-0.14232977271040265,-0.3754205599028022));
#6480=DIRECTION('',(0,0.3544993514160697,0.935056260256882));
#6481=STYLED_ITEM('',(#18),#6482);
#6482=FACE_SURFACE('',(#6487),#6483,.T.);
#6483=PLANE('',#6484);
#6484=AXIS2_PLACEMENT_3D('',#41,#6485,#6486);
#6485=DIRECTION('',(-0.00031837446294703147,0.9353134222593715,-0.35382015315575804));
#6486=DIRECTION('',(0.9158611461365045,0.14232977271040265,0.3754205599028022));
#6487=FACE_BOUND('',#6488,.T.);
#6488=EDGE_LOOP('',(#6489,#6490,#6491));
#6489=ORIENTED_EDGE('',*,*,#6492,.T.);
#6490=ORIENTED_EDGE('',*,*,#6493,.T.);
#6491=ORIENTED_EDGE('',*,*,#6494,.T.);
#6492=EDGE_CURVE('',#42,#392,#6495,.F.);
#6493=EDGE_CURVE('',#392,#408,#6496,.T.);
#6494=EDGE_CURVE('',#408,#42,#6497,.T.);
#6495=LINE('',#41,#6498);
#6496=LINE('',#391,#6499);
#6497=LINE('',#407,#6500);
#6498=VECTOR('',#6501,1.0);
#6499=VECTOR('',#6502,1.0);
#6500=VECTOR('',#6503,1.0);
#6501=DIRECTION('',(0.9158611461365045,0.14232977271040265,0.3754205599028022));
#6502=DIRECTION('',(-0.6934476473731456,-0.25513639856181775,-0.6738217705606986));
#6503=DIRECTION('',(-0.6802468120615396,0.25914164269011053,0.685645596284249));
#6504=STYLED_ITEM('',(#18),#6505);
#6505=FACE_SURFACE('',(#6510),#6506,.T.);
#6506=PLANE('',#6507);
#6507=AXIS2_PLACEMENT_3D('',#391,#6508,#6509);
#6508=DIRECTION('',(0,0.9352050090239814,-0.35410675098966266));
#6509=DIRECTION('',(0,-0.35410675098966266,-0.9352050090239813));
#6510=FACE_BOUND('',#6511,.T.);
#6511=EDGE_LOOP('',(#6512,#6513,#6514));
#6512=ORIENTED_EDGE('',*,*,#6515,.T.);
#6513=ORIENTED_EDGE('',*,*,#6516,.T.);
#6514=ORIENTED_EDGE('',*,*,#6517,.T.);
#6515=EDGE_CURVE('',#392,#410,#6518,.F.);
#6516=EDGE_CURVE('',#410,#408,#6519,.T.);
#6517=EDGE_CURVE('',#408,#392,#6520,.T.);
#6518=LINE('',#391,#6521);
#6519=LINE('',#409,#6522);
#6520=LINE('',#407,#6523);
#6521=VECTOR('',#6524,1.0);
#6522=VECTOR('',#6525,1.0);
#6523=VECTOR('',#6526,1.0);
#6524=DIRECTION('',(0,-0.35410675098966266,-0.9352050090239813));
#6525=DIRECTION('',(-1,0,0));
#6526=DIRECTION('',(0.6934476473731456,0.25513639856181775,0.6738217705606986));
#6527=STYLED_ITEM('',(#18),#6528);
#6528=FACE_SURFACE('',(#6533),#6529,.T.);
#6529=PLANE('',#6530);
#6530=AXIS2_PLACEMENT_3D('',#411,#6531,#6532);
#6531=DIRECTION('',(-0.7098961243877266,0,-0.7043063911248324));
#6532=DIRECTION('',(-0.6995036149154548,-0.11658393581924195,0.7050552309068461));
#6533=FACE_BOUND('',#6534,.T.);
#6534=EDGE_LOOP('',(#6535,#6536,#6537));
#6535=ORIENTED_EDGE('',*,*,#6538,.T.);
#6536=ORIENTED_EDGE('',*,*,#6539,.T.);
#6537=ORIENTED_EDGE('',*,*,#6540,.T.);
#6538=EDGE_CURVE('',#412,#44,#6541,.F.);
#6539=EDGE_CURVE('',#44,#408,#6542,.T.);
#6540=EDGE_CURVE('',#408,#412,#6543,.T.);
#6541=LINE('',#411,#6544);
#6542=LINE('',#43,#6545);
#6543=LINE('',#407,#6546);
#6544=VECTOR('',#6547,1.0);
#6545=VECTOR('',#6548,1.0);
#6546=VECTOR('',#6549,1.0);
#6547=DIRECTION('',(-0.6995036149154548,-0.11658393581924195,0.7050552309068461));
#6548=DIRECTION('',(0.5034766562748466,0.6992731337150639,-0.5074725027532174));
#6549=DIRECTION('',(0,-1,0));
#6550=STYLED_ITEM('',(#18),#6551);
#6551=FACE_SURFACE('',(#6556),#6552,.T.);
#6552=PLANE('',#6553);
#6553=AXIS2_PLACEMENT_3D('',#407,#6554,#6555);
#6554=DIRECTION('',(-0.7098961243877265,0,-0.7043063911248324));
#6555=DIRECTION('',(-0.5034766562748466,-0.6992731337150639,0.5074725027532174));
#6556=FACE_BOUND('',#6557,.T.);
#6557=EDGE_LOOP('',(#6558,#6559,#6560));
#6558=ORIENTED_EDGE('',*,*,#6561,.T.);
#6559=ORIENTED_EDGE('',*,*,#6562,.T.);
#6560=ORIENTED_EDGE('',*,*,#6563,.T.);
#6561=EDGE_CURVE('',#408,#44,#6564,.F.);
#6562=EDGE_CURVE('',#44,#42,#6565,.T.);
#6563=EDGE_CURVE('',#42,#408,#6566,.T.);
#6564=LINE('',#407,#6567);
#6565=LINE('',#43,#6568);
#6566=LINE('',#41,#6569);
#6567=VECTOR('',#6570,1.0);
#6568=VECTOR('',#6571,1.0);
#6569=VECTOR('',#6572,1.0);
#6570=DIRECTION('',(-0.5034766562748466,-0.6992731337150639,0.5074725027532174));
#6571=DIRECTION('',(0,1,0));
#6572=DIRECTION('',(0.6802468120615396,-0.25914164269011053,-0.685645596284249));
#6573=STYLED_ITEM('',(#18),#6574);
#6574=FACE_SURFACE('',(#6579),#6575,.T.);
#6575=PLANE('',#6576);
#6576=AXIS2_PLACEMENT_3D('',#413,#6577,#6578);
#6577=DIRECTION('',(0,-0.9870694250264587,-0.16029332543164823));
#6578=DIRECTION('',(0.9932632108124796,-0.01857480413920988,0.11438168864671269));
#6579=FACE_BOUND('',#6580,.T.);
#6580=EDGE_LOOP('',(#6581,#6582,#6583));
#6581=ORIENTED_EDGE('',*,*,#6584,.T.);
#6582=ORIENTED_EDGE('',*,*,#6585,.T.);
#6583=ORIENTED_EDGE('',*,*,#6586,.T.);
#6584=EDGE_CURVE('',#414,#416,#6587,.F.);
#6585=EDGE_CURVE('',#416,#418,#6588,.T.);
#6586=EDGE_CURVE('',#418,#414,#6589,.T.);
#6587=LINE('',#413,#6590);
#6588=LINE('',#415,#6591);
#6589=LINE('',#417,#6592);
#6590=VECTOR('',#6593,1.0);
#6591=VECTOR('',#6594,1.0);
#6592=VECTOR('',#6595,1.0);
#6593=DIRECTION('',(0.9932632108124796,-0.01857480413920988,0.11438168864671269));
#6594=DIRECTION('',(-1,0,0));
#6595=DIRECTION('',(0,0.16029332543164823,-0.9870694250264587));
#6596=STYLED_ITEM('',(#18),#6597);
#6597=FACE_SURFACE('',(#6602),#6598,.T.);
#6598=PLANE('',#6599);
#6599=AXIS2_PLACEMENT_3D('',#417,#6600,#6601);
#6600=DIRECTION('',(0,-0.9870259631258763,-0.16056073030301068));
#6601=DIRECTION('',(1,0,0));
#6602=FACE_BOUND('',#6603,.T.);
#6603=EDGE_LOOP('',(#6604,#6605,#6606));
#6604=ORIENTED_EDGE('',*,*,#6607,.T.);
#6605=ORIENTED_EDGE('',*,*,#6608,.T.);
#6606=ORIENTED_EDGE('',*,*,#6609,.T.);
#6607=EDGE_CURVE('',#418,#416,#6610,.F.);
#6608=EDGE_CURVE('',#416,#420,#6611,.T.);
#6609=EDGE_CURVE('',#420,#418,#6612,.T.);
#6610=LINE('',#417,#6613);
#6611=LINE('',#415,#6614);
#6612=LINE('',#419,#6615);
#6613=VECTOR('',#6616,1.0);
#6614=VECTOR('',#6617,1.0);
#6615=VECTOR('',#6618,1.0);
#6616=DIRECTION('',(1,0,0));
#6617=DIRECTION('',(-0.23647360604040785,-0.15600689287388014,0.9590318467194318));
#6618=DIRECTION('',(-0.3125281200968131,0.15251800381436936,-0.9375843602904391));
#6619=STYLED_ITEM('',(#18),#6620);
#6620=FACE_SURFACE('',(#6625),#6621,.T.);
#6621=PLANE('',#6622);
#6622=AXIS2_PLACEMENT_3D('',#417,#6623,#6624);
#6623=DIRECTION('',(0,-0.9870259631258763,-0.16056073030301066));
#6624=DIRECTION('',(0.3125281200968131,-0.15251800381436936,0.9375843602904391));
#6625=FACE_BOUND('',#6626,.T.);
#6626=EDGE_LOOP('',(#6627,#6628,#6629));
#6627=ORIENTED_EDGE('',*,*,#6630,.T.);
#6628=ORIENTED_EDGE('',*,*,#6631,.T.);
#6629=ORIENTED_EDGE('',*,*,#6632,.T.);
#6630=EDGE_CURVE('',#418,#420,#6633,.F.);
#6631=EDGE_CURVE('',#420,#422,#6634,.T.);
#6632=EDGE_CURVE('',#422,#418,#6635,.T.);
#6633=LINE('',#417,#6636);
#6634=LINE('',#419,#6637);
#6635=LINE('',#421,#6638);
#6636=VECTOR('',#6639,1.0);
#6637=VECTOR('',#6640,1.0);
#6638=VECTOR('',#6641,1.0);
#6639=DIRECTION('',(0.3125281200968131,-0.15251800381436936,0.9375843602904391));
#6640=DIRECTION('',(-1,0,0));
#6641=DIRECTION('',(-0.23647360604040785,0.15600689287388014,-0.9590318467194318));
#6642=STYLED_ITEM('',(#18),#6643);
#6643=FACE_SURFACE('',(#6648),#6644,.T.);
#6644=PLANE('',#6645);
#6645=AXIS2_PLACEMENT_3D('',#413,#6646,#6647);
#6646=DIRECTION('',(0,-0.9870694250264587,-0.16029332543164823));
#6647=DIRECTION('',(1,0,0));
#6648=FACE_BOUND('',#6649,.T.);
#6649=EDGE_LOOP('',(#6650,#6651,#6652));
#6650=ORIENTED_EDGE('',*,*,#6653,.T.);
#6651=ORIENTED_EDGE('',*,*,#6654,.T.);
#6652=ORIENTED_EDGE('',*,*,#6655,.T.);
#6653=EDGE_CURVE('',#414,#424,#6656,.F.);
#6654=EDGE_CURVE('',#424,#416,#6657,.T.);
#6655=EDGE_CURVE('',#416,#414,#6658,.T.);
#6656=LINE('',#413,#6659);
#6657=LINE('',#423,#6660);
#6658=LINE('',#415,#6661);
#6659=VECTOR('',#6662,1.0);
#6660=VECTOR('',#6663,1.0);
#6661=VECTOR('',#6664,1.0);
#6662=DIRECTION('',(1,0,0));
#6663=DIRECTION('',(0,-0.16029332543164823,0.9870694250264587));
#6664=DIRECTION('',(-0.9932632108124796,0.01857480413920988,-0.11438168864671269));
#6665=STYLED_ITEM('',(#18),#6666);
#6666=FACE_SURFACE('',(#6671),#6667,.T.);
#6667=PLANE('',#6668);
#6668=AXIS2_PLACEMENT_3D('',#425,#6669,#6670);
#6669=DIRECTION('',(-0,-0.9866030796084201,-0.16313909190375409));
#6670=DIRECTION('',(0.6995036149154548,-0.11658393581924195,0.7050552309068461));
#6671=FACE_BOUND('',#6672,.T.);
#6672=EDGE_LOOP('',(#6673,#6674,#6675));
#6673=ORIENTED_EDGE('',*,*,#6676,.T.);
#6674=ORIENTED_EDGE('',*,*,#6677,.T.);
#6675=ORIENTED_EDGE('',*,*,#6678,.T.);
#6676=EDGE_CURVE('',#426,#210,#6679,.F.);
#6677=EDGE_CURVE('',#210,#416,#6680,.T.);
#6678=EDGE_CURVE('',#416,#426,#6681,.T.);
#6679=LINE('',#425,#6682);
#6680=LINE('',#209,#6683);
#6681=LINE('',#415,#6684);
#6682=VECTOR('',#6685,1.0);
#6683=VECTOR('',#6686,1.0);
#6684=VECTOR('',#6687,1.0);
#6685=DIRECTION('',(0.6995036149154548,-0.11658393581924195,0.7050552309068461));
#6686=DIRECTION('',(-0.9604496714813462,0.04542667365114456,-0.2747232168426369));
#6687=DIRECTION('',(1,0,0));
#6688=STYLED_ITEM('',(#18),#6689);
#6689=FACE_SURFACE('',(#6694),#6690,.T.);
#6690=PLANE('',#6691);
#6691=AXIS2_PLACEMENT_3D('',#415,#6692,#6693);
#6692=DIRECTION('',(-0.0007075790112644232,-0.9869980515721378,-0.16073066143317666));
#6693=DIRECTION('',(0.9604496714813462,-0.04542667365114456,0.2747232168426369));
#6694=FACE_BOUND('',#6695,.T.);
#6695=EDGE_LOOP('',(#6696,#6697,#6698));
#6696=ORIENTED_EDGE('',*,*,#6699,.T.);
#6697=ORIENTED_EDGE('',*,*,#6700,.T.);
#6698=ORIENTED_EDGE('',*,*,#6701,.T.);
#6699=EDGE_CURVE('',#416,#210,#6702,.F.);
#6700=EDGE_CURVE('',#210,#420,#6703,.T.);
#6701=EDGE_CURVE('',#420,#416,#6704,.T.);
#6702=LINE('',#415,#6705);
#6703=LINE('',#209,#6706);
#6704=LINE('',#419,#6707);
#6705=VECTOR('',#6708,1.0);
#6706=VECTOR('',#6709,1.0);
#6707=VECTOR('',#6710,1.0);
#6708=DIRECTION('',(0.9604496714813462,-0.04542667365114456,0.2747232168426369));
#6709=DIRECTION('',(-0.46974074887747286,-0.1415657051411562,0.8713798138423441));
#6710=DIRECTION('',(0.23647360604040785,0.15600689287388014,-0.9590318467194318));
#6711=STYLED_ITEM('',(#18),#6712);
#6712=FACE_SURFACE('',(#6717),#6713,.T.);
#6713=PLANE('',#6714);
#6714=AXIS2_PLACEMENT_3D('',#419,#6715,#6716);
#6715=DIRECTION('',(0.0035917685573367123,-0.987357050122549,-0.15847130583146216));
#6716=DIRECTION('',(0.46974074887747286,0.1415657051411562,-0.8713798138423441));
#6717=FACE_BOUND('',#6718,.T.);
#6718=EDGE_LOOP('',(#6719,#6720,#6721));
#6719=ORIENTED_EDGE('',*,*,#6722,.T.);
#6720=ORIENTED_EDGE('',*,*,#6723,.T.);
#6721=ORIENTED_EDGE('',*,*,#6724,.T.);
#6722=EDGE_CURVE('',#420,#210,#6725,.F.);
#6723=EDGE_CURVE('',#210,#428,#6726,.T.);
#6724=EDGE_CURVE('',#428,#420,#6727,.T.);
#6725=LINE('',#419,#6728);
#6726=LINE('',#209,#6729);
#6727=LINE('',#427,#6730);
#6728=VECTOR('',#6731,1.0);
#6729=VECTOR('',#6732,1.0);
#6730=VECTOR('',#6733,1.0);
#6731=DIRECTION('',(0.46974074887747286,0.1415657051411562,-0.8713798138423441));
#6732=DIRECTION('',(-0.37251431450995176,-0.1483874447840472,0.9160863778681801));
#6733=DIRECTION('',(-0.7027967568422815,0.11024262852427953,-0.7027967568422815));
#6734=STYLED_ITEM('',(#18),#6735);
#6735=FACE_SURFACE('',(#6740),#6736,.T.);
#6736=PLANE('',#6737);
#6737=AXIS2_PLACEMENT_3D('',#427,#6738,#6739);
#6738=DIRECTION('',(-0.00026255905469643173,-0.9871170220365982,-0.15999973708834975));
#6739=DIRECTION('',(0.37251431450995176,0.1483874447840472,-0.9160863778681801));
#6740=FACE_BOUND('',#6741,.T.);
#6741=EDGE_LOOP('',(#6742,#6743,#6744));
#6742=ORIENTED_EDGE('',*,*,#6745,.T.);
#6743=ORIENTED_EDGE('',*,*,#6746,.T.);
#6744=ORIENTED_EDGE('',*,*,#6747,.T.);
#6745=EDGE_CURVE('',#428,#210,#6748,.F.);
#6746=EDGE_CURVE('',#210,#206,#6749,.T.);
#6747=EDGE_CURVE('',#206,#428,#6750,.T.);
#6748=LINE('',#427,#6751);
#6749=LINE('',#209,#6752);
#6750=LINE('',#205,#6753);
#6751=VECTOR('',#6754,1.0);
#6752=VECTOR('',#6755,1.0);
#6753=VECTOR('',#6756,1.0);
#6754=DIRECTION('',(0.37251431450995176,0.1483874447840472,-0.9160863778681801));
#6755=DIRECTION('',(0,-0.15999974260332153,0.98711705606117));
#6756=DIRECTION('',(-0.8691806341286179,0.07934429025240503,-0.4880876036738852));
#6757=STYLED_ITEM('',(#18),#6758);
#6758=FACE_SURFACE('',(#6763),#6759,.T.);
#6759=PLANE('',#6760);
#6760=AXIS2_PLACEMENT_3D('',#427,#6761,#6762);
#6761=DIRECTION('',(-0.00019780462283687124,-0.9870988192118759,-0.16011209193515463));
#6762=DIRECTION('',(0.8691806341286179,-0.07934429025240503,0.4880876036738852));
#6763=FACE_BOUND('',#6764,.T.);
#6764=EDGE_LOOP('',(#6765,#6766,#6767));
#6765=ORIENTED_EDGE('',*,*,#6768,.T.);
#6766=ORIENTED_EDGE('',*,*,#6769,.T.);
#6767=ORIENTED_EDGE('',*,*,#6770,.T.);
#6768=EDGE_CURVE('',#428,#206,#6771,.F.);
#6769=EDGE_CURVE('',#206,#430,#6772,.T.);
#6770=EDGE_CURVE('',#430,#428,#6773,.T.);
#6771=LINE('',#427,#6774);
#6772=LINE('',#205,#6775);
#6773=LINE('',#429,#6776);
#6774=VECTOR('',#6777,1.0);
#6775=VECTOR('',#6778,1.0);
#6776=VECTOR('',#6779,1.0);
#6777=DIRECTION('',(0.8691806341286179,-0.07934429025240503,0.4880876036738852));
#6778=DIRECTION('',(-0.6368561124086396,-0.12331930254109195,0.7610562671107394));
#6779=DIRECTION('',(0,0.16011209506748114,-0.9870988385228209));
#6780=STYLED_ITEM('',(#18),#6781);
#6781=FACE_SURFACE('',(#6786),#6782,.T.);
#6782=PLANE('',#6783);
#6783=AXIS2_PLACEMENT_3D('',#429,#6784,#6785);
#6784=DIRECTION('',(-0.0010213663204967072,-0.9869891728813599,-0.16078348617258034));
#6785=DIRECTION('',(0.6368561124086396,0.12331930254109195,-0.7610562671107394));
#6786=FACE_BOUND('',#6787,.T.);
#6787=EDGE_LOOP('',(#6788,#6789,#6790));
#6788=ORIENTED_EDGE('',*,*,#6791,.T.);
#6789=ORIENTED_EDGE('',*,*,#6792,.T.);
#6790=ORIENTED_EDGE('',*,*,#6793,.T.);
#6791=EDGE_CURVE('',#430,#206,#6794,.F.);
#6792=EDGE_CURVE('',#206,#432,#6795,.T.);
#6793=EDGE_CURVE('',#432,#430,#6796,.T.);
#6794=LINE('',#429,#6797);
#6795=LINE('',#205,#6798);
#6796=LINE('',#431,#6799);
#6797=VECTOR('',#6800,1.0);
#6798=VECTOR('',#6801,1.0);
#6799=VECTOR('',#6802,1.0);
#6800=DIRECTION('',(0.6368561124086396,0.12331930254109195,-0.7610562671107394));
#6801=DIRECTION('',(-0.3335262161636633,-0.15124100494294992,0.930530183043729));
#6802=DIRECTION('',(-0.7012337607572656,0.11533450012455035,-0.7035404507597569));
#6803=STYLED_ITEM('',(#18),#6804);
#6804=FACE_SURFACE('',(#6809),#6805,.T.);
#6805=PLANE('',#6806);
#6806=AXIS2_PLACEMENT_3D('',#205,#6807,#6808);
#6807=DIRECTION('',(0.0005647518045550078,-0.987079597418117,-0.16022967707727429));
#6808=DIRECTION('',(-0.03364658318295772,-0.16015773595087895,0.9865178189243217));
#6809=FACE_BOUND('',#6810,.T.);
#6810=EDGE_LOOP('',(#6811,#6812,#6813));
#6811=ORIENTED_EDGE('',*,*,#6814,.T.);
#6812=ORIENTED_EDGE('',*,*,#6815,.T.);
#6813=ORIENTED_EDGE('',*,*,#6816,.T.);
#6814=EDGE_CURVE('',#206,#292,#6817,.F.);
#6815=EDGE_CURVE('',#292,#432,#6818,.T.);
#6816=EDGE_CURVE('',#432,#206,#6819,.T.);
#6817=LINE('',#205,#6820);
#6818=LINE('',#291,#6821);
#6819=LINE('',#431,#6822);
#6820=VECTOR('',#6823,1.0);
#6821=VECTOR('',#6824,1.0);
#6822=VECTOR('',#6825,1.0);
#6823=DIRECTION('',(-0.03364658318295772,-0.16015773595087895,0.9865178189243217));
#6824=DIRECTION('',(-0.7750424891588772,0.10081853517513858,-0.6238146863961693));
#6825=DIRECTION('',(0.3335262161636633,0.15124100494294992,-0.930530183043729));
#6826=STYLED_ITEM('',(#18),#6827);
#6827=FACE_SURFACE('',(#6832),#6828,.T.);
#6828=PLANE('',#6829);
#6829=AXIS2_PLACEMENT_3D('',#431,#6830,#6831);
#6830=DIRECTION('',(0,-0.9871905049027115,-0.159545940186297));
#6831=DIRECTION('',(0.7750424891588772,-0.10081853517513858,0.6238146863961693));
#6832=FACE_BOUND('',#6833,.T.);
#6833=EDGE_LOOP('',(#6834,#6835,#6836));
#6834=ORIENTED_EDGE('',*,*,#6837,.T.);
#6835=ORIENTED_EDGE('',*,*,#6838,.T.);
#6836=ORIENTED_EDGE('',*,*,#6839,.T.);
#6837=EDGE_CURVE('',#432,#292,#6840,.F.);
#6838=EDGE_CURVE('',#292,#434,#6841,.T.);
#6839=EDGE_CURVE('',#434,#432,#6842,.T.);
#6840=LINE('',#431,#6843);
#6841=LINE('',#291,#6844);
#6842=LINE('',#433,#6845);
#6843=VECTOR('',#6846,1.0);
#6844=VECTOR('',#6847,1.0);
#6845=VECTOR('',#6848,1.0);
#6846=DIRECTION('',(0.7750424891588772,-0.10081853517513858,0.6238146863961693));
#6847=DIRECTION('',(-1,0,0));
#6848=DIRECTION('',(0,0.159545940186297,-0.9871905049027115));
#6849=STYLED_ITEM('',(#18),#6850);
#6850=FACE_SURFACE('',(#6855),#6851,.T.);
#6851=PLANE('',#6852);
#6852=AXIS2_PLACEMENT_3D('',#417,#6853,#6854);
#6853=DIRECTION('',(0.0007075790112644232,-0.9869980515721378,-0.16073066143317666));
#6854=DIRECTION('',(0.23647360604040785,-0.15600689287388014,0.9590318467194318));
#6855=FACE_BOUND('',#6856,.T.);
#6856=EDGE_LOOP('',(#6857,#6858,#6859));
#6857=ORIENTED_EDGE('',*,*,#6860,.T.);
#6858=ORIENTED_EDGE('',*,*,#6861,.T.);
#6859=ORIENTED_EDGE('',*,*,#6862,.T.);
#6860=EDGE_CURVE('',#418,#422,#6863,.F.);
#6861=EDGE_CURVE('',#422,#44,#6864,.T.);
#6862=EDGE_CURVE('',#44,#418,#6865,.T.);
#6863=LINE('',#417,#6866);
#6864=LINE('',#421,#6867);
#6865=LINE('',#43,#6868);
#6866=VECTOR('',#6869,1.0);
#6867=VECTOR('',#6870,1.0);
#6868=VECTOR('',#6871,1.0);
#6869=DIRECTION('',(0.23647360604040785,-0.15600689287388014,0.9590318467194318));
#6870=DIRECTION('',(-0.46974074887747286,0.1415657051411562,-0.8713798138423441));
#6871=DIRECTION('',(0.9604496714813462,0.04542667365114456,-0.2747232168426369));
#6872=STYLED_ITEM('',(#18),#6873);
#6873=FACE_SURFACE('',(#6878),#6874,.T.);
#6874=PLANE('',#6875);
#6875=AXIS2_PLACEMENT_3D('',#43,#6876,#6877);
#6876=DIRECTION('',(-0.00359176855733664,-0.987357050122549,-0.15847130583146204));
#6877=DIRECTION('',(0.46974074887747286,-0.1415657051411562,0.8713798138423441));
#6878=FACE_BOUND('',#6879,.T.);
#6879=EDGE_LOOP('',(#6880,#6881,#6882));
#6880=ORIENTED_EDGE('',*,*,#6883,.T.);
#6881=ORIENTED_EDGE('',*,*,#6884,.T.);
#6882=ORIENTED_EDGE('',*,*,#6885,.T.);
#6883=EDGE_CURVE('',#44,#422,#6886,.F.);
#6884=EDGE_CURVE('',#422,#436,#6887,.T.);
#6885=EDGE_CURVE('',#436,#44,#6888,.T.);
#6886=LINE('',#43,#6889);
#6887=LINE('',#421,#6890);
#6888=LINE('',#435,#6891);
#6889=VECTOR('',#6892,1.0);
#6890=VECTOR('',#6893,1.0);
#6891=VECTOR('',#6894,1.0);
#6892=DIRECTION('',(0.46974074887747286,-0.1415657051411562,0.8713798138423441));
#6893=DIRECTION('',(-0.7027967568422815,-0.11024262852427953,0.7027967568422815));
#6894=DIRECTION('',(-0.37251431450995176,0.1483874447840472,-0.9160863778681801));
#6895=STYLED_ITEM('',(#18),#6896);
#6896=FACE_SURFACE('',(#6901),#6897,.T.);
#6897=PLANE('',#6898);
#6898=AXIS2_PLACEMENT_3D('',#43,#6899,#6900);
#6899=DIRECTION('',(0.00026255905469645775,-0.9871170220365982,-0.15999973708834975));
#6900=DIRECTION('',(0.37251431450995176,-0.1483874447840472,0.9160863778681801));
#6901=FACE_BOUND('',#6902,.T.);
#6902=EDGE_LOOP('',(#6903,#6904,#6905));
#6903=ORIENTED_EDGE('',*,*,#6906,.T.);
#6904=ORIENTED_EDGE('',*,*,#6907,.T.);
#6905=ORIENTED_EDGE('',*,*,#6908,.T.);
#6906=EDGE_CURVE('',#44,#436,#6909,.F.);
#6907=EDGE_CURVE('',#436,#48,#6910,.T.);
#6908=EDGE_CURVE('',#48,#44,#6911,.T.);
#6909=LINE('',#43,#6912);
#6910=LINE('',#435,#6913);
#6911=LINE('',#47,#6914);
#6912=VECTOR('',#6915,1.0);
#6913=VECTOR('',#6916,1.0);
#6914=VECTOR('',#6917,1.0);
#6915=DIRECTION('',(0.37251431450995176,-0.1483874447840472,0.9160863778681801));
#6916=DIRECTION('',(-0.8691806341286179,-0.07934429025240503,0.4880876036738852));
#6917=DIRECTION('',(0,0.15999974260332153,-0.98711705606117));
#6918=STYLED_ITEM('',(#18),#6919);
#6919=FACE_SURFACE('',(#6924),#6920,.T.);
#6920=PLANE('',#6921);
#6921=AXIS2_PLACEMENT_3D('',#47,#6922,#6923);
#6922=DIRECTION('',(0.00019780462283687124,-0.9870988192118759,-0.16011209193515463));
#6923=DIRECTION('',(0.8691806341286179,0.07934429025240503,-0.4880876036738852));
#6924=FACE_BOUND('',#6925,.T.);
#6925=EDGE_LOOP('',(#6926,#6927,#6928));
#6926=ORIENTED_EDGE('',*,*,#6929,.T.);
#6927=ORIENTED_EDGE('',*,*,#6930,.T.);
#6928=ORIENTED_EDGE('',*,*,#6931,.T.);
#6929=EDGE_CURVE('',#48,#436,#6932,.F.);
#6930=EDGE_CURVE('',#436,#438,#6933,.T.);
#6931=EDGE_CURVE('',#438,#48,#6934,.T.);
#6932=LINE('',#47,#6935);
#6933=LINE('',#435,#6936);
#6934=LINE('',#437,#6937);
#6935=VECTOR('',#6938,1.0);
#6936=VECTOR('',#6939,1.0);
#6937=VECTOR('',#6940,1.0);
#6938=DIRECTION('',(0.8691806341286179,0.07934429025240503,-0.4880876036738852));
#6939=DIRECTION('',(0,-0.16011209506748114,0.9870988385228209));
#6940=DIRECTION('',(-0.6368561124086396,0.12331930254109195,-0.7610562671107394));
#6941=STYLED_ITEM('',(#18),#6942);
#6942=FACE_SURFACE('',(#6947),#6943,.T.);
#6943=PLANE('',#6944);
#6944=AXIS2_PLACEMENT_3D('',#47,#6945,#6946);
#6945=DIRECTION('',(0.0010213663204967497,-0.9869891728813599,-0.16078348617258037));
#6946=DIRECTION('',(0.6368561124086396,-0.12331930254109195,0.7610562671107394));
#6947=FACE_BOUND('',#6948,.T.);
#6948=EDGE_LOOP('',(#6949,#6950,#6951));
#6949=ORIENTED_EDGE('',*,*,#6952,.T.);
#6950=ORIENTED_EDGE('',*,*,#6953,.T.);
#6951=ORIENTED_EDGE('',*,*,#6954,.T.);
#6952=EDGE_CURVE('',#48,#438,#6955,.F.);
#6953=EDGE_CURVE('',#438,#382,#6956,.T.);
#6954=EDGE_CURVE('',#382,#48,#6957,.T.);
#6955=LINE('',#47,#6958);
#6956=LINE('',#437,#6959);
#6957=LINE('',#381,#6960);
#6958=VECTOR('',#6961,1.0);
#6959=VECTOR('',#6962,1.0);
#6960=VECTOR('',#6963,1.0);
#6961=DIRECTION('',(0.6368561124086396,-0.12331930254109195,0.7610562671107394));
#6962=DIRECTION('',(-0.7012337607572656,-0.11533450012455035,0.7035404507597569));
#6963=DIRECTION('',(-0.3335262161636633,0.15124100494294992,-0.930530183043729));
#6964=STYLED_ITEM('',(#18),#6965);
#6965=FACE_SURFACE('',(#6970),#6966,.T.);
#6966=PLANE('',#6967);
#6967=AXIS2_PLACEMENT_3D('',#379,#6968,#6969);
#6968=DIRECTION('',(-0,-0.9871905049027115,-0.159545940186297));
#6969=DIRECTION('',(-1,0,0));
#6970=FACE_BOUND('',#6971,.T.);
#6971=EDGE_LOOP('',(#6972,#6973,#6974));
#6972=ORIENTED_EDGE('',*,*,#6975,.T.);
#6973=ORIENTED_EDGE('',*,*,#6976,.T.);
#6974=ORIENTED_EDGE('',*,*,#6977,.T.);
#6975=EDGE_CURVE('',#380,#174,#6978,.F.);
#6976=EDGE_CURVE('',#174,#382,#6979,.T.);
#6977=EDGE_CURVE('',#382,#380,#6980,.T.);
#6978=LINE('',#379,#6981);
#6979=LINE('',#173,#6982);
#6980=LINE('',#381,#6983);
#6981=VECTOR('',#6984,1.0);
#6982=VECTOR('',#6985,1.0);
#6983=VECTOR('',#6986,1.0);
#6984=DIRECTION('',(-1,0,0));
#6985=DIRECTION('',(0.7750424891588772,0.10081853517513858,-0.6238146863961693));
#6986=DIRECTION('',(0,-0.159545940186297,0.9871905049027115));
#6987=STYLED_ITEM('',(#18),#6988);
#6988=FACE_SURFACE('',(#6993),#6989,.T.);
#6989=PLANE('',#6990);
#6990=AXIS2_PLACEMENT_3D('',#381,#6991,#6992);
#6991=DIRECTION('',(-0.0005647518045549955,-0.987079597418117,-0.16022967707727429));
#6992=DIRECTION('',(-0.7750424891588772,-0.10081853517513858,0.6238146863961693));
#6993=FACE_BOUND('',#6994,.T.);
#6994=EDGE_LOOP('',(#6995,#6996,#6997));
#6995=ORIENTED_EDGE('',*,*,#6998,.T.);
#6996=ORIENTED_EDGE('',*,*,#6999,.T.);
#6997=ORIENTED_EDGE('',*,*,#7000,.T.);
#6998=EDGE_CURVE('',#382,#174,#7001,.F.);
#6999=EDGE_CURVE('',#174,#48,#7002,.T.);
#7000=EDGE_CURVE('',#48,#382,#7003,.T.);
#7001=LINE('',#381,#7004);
#7002=LINE('',#173,#7005);
#7003=LINE('',#47,#7006);
#7004=VECTOR('',#7007,1.0);
#7005=VECTOR('',#7008,1.0);
#7006=VECTOR('',#7009,1.0);
#7007=DIRECTION('',(-0.7750424891588772,-0.10081853517513858,0.6238146863961693));
#7008=DIRECTION('',(-0.03364658318295772,0.16015773595087895,-0.9865178189243217));
#7009=DIRECTION('',(0.3335262161636633,-0.15124100494294992,0.930530183043729));
#7010=STYLED_ITEM('',(#18),#7011);
#7011=FACE_SURFACE('',(#7016),#7012,.T.);
#7012=PLANE('',#7013);
#7013=AXIS2_PLACEMENT_3D('',#43,#7014,#7015);
#7014=DIRECTION('',(0,-0.9866030796084201,-0.16313909190375406));
#7015=DIRECTION('',(0.6995036149154548,0.11658393581924195,-0.7050552309068461));
#7016=FACE_BOUND('',#7017,.T.);
#7017=EDGE_LOOP('',(#7018,#7019,#7020));
#7018=ORIENTED_EDGE('',*,*,#7021,.T.);
#7019=ORIENTED_EDGE('',*,*,#7022,.T.);
#7020=ORIENTED_EDGE('',*,*,#7023,.T.);
#7021=EDGE_CURVE('',#44,#412,#7024,.F.);
#7022=EDGE_CURVE('',#412,#418,#7025,.T.);
#7023=EDGE_CURVE('',#418,#44,#7026,.T.);
#7024=LINE('',#43,#7027);
#7025=LINE('',#411,#7028);
#7026=LINE('',#417,#7029);
#7027=VECTOR('',#7030,1.0);
#7028=VECTOR('',#7031,1.0);
#7029=VECTOR('',#7032,1.0);
#7030=DIRECTION('',(0.6995036149154548,0.11658393581924195,-0.7050552309068461));
#7031=DIRECTION('',(1,0,0));
#7032=DIRECTION('',(-0.9604496714813462,-0.04542667365114456,0.2747232168426369));
#7033=STYLED_ITEM('',(#18),#7034);
#7034=FACE_SURFACE('',(#7039),#7035,.T.);
#7035=PLANE('',#7036);
#7036=AXIS2_PLACEMENT_3D('',#417,#7037,#7038);
#7037=DIRECTION('',(0,0,-1));
#7038=DIRECTION('',(-1,0,0));
#7039=FACE_BOUND('',#7040,.T.);
#7040=EDGE_LOOP('',(#7041,#7042,#7043));
#7041=ORIENTED_EDGE('',*,*,#7044,.T.);
#7042=ORIENTED_EDGE('',*,*,#7045,.T.);
#7043=ORIENTED_EDGE('',*,*,#7046,.T.);
#7044=EDGE_CURVE('',#418,#412,#7047,.F.);
#7045=EDGE_CURVE('',#412,#410,#7048,.T.);
#7046=EDGE_CURVE('',#410,#418,#7049,.T.);
#7047=LINE('',#417,#7050);
#7048=LINE('',#411,#7051);
#7049=LINE('',#409,#7052);
#7050=VECTOR('',#7053,1.0);
#7051=VECTOR('',#7054,1.0);
#7052=VECTOR('',#7055,1.0);
#7053=DIRECTION('',(-1,0,0));
#7054=DIRECTION('',(0.9000160203636637,0.4358568148930948,0));
#7055=DIRECTION('',(0,-1,0));
#7056=STYLED_ITEM('',(#18),#7057);
#7057=FACE_SURFACE('',(#7062),#7058,.T.);
#7058=PLANE('',#7059);
#7059=AXIS2_PLACEMENT_3D('',#409,#7060,#7061);
#7060=DIRECTION('',(-0,0,-1));
#7061=DIRECTION('',(-0.9000160203636637,-0.4358568148930948,0));
#7062=FACE_BOUND('',#7063,.T.);
#7063=EDGE_LOOP('',(#7064,#7065,#7066));
#7064=ORIENTED_EDGE('',*,*,#7067,.T.);
#7065=ORIENTED_EDGE('',*,*,#7068,.T.);
#7066=ORIENTED_EDGE('',*,*,#7069,.T.);
#7067=EDGE_CURVE('',#410,#412,#7070,.F.);
#7068=EDGE_CURVE('',#412,#408,#7071,.T.);
#7069=EDGE_CURVE('',#408,#410,#7072,.T.);
#7070=LINE('',#409,#7073);
#7071=LINE('',#411,#7074);
#7072=LINE('',#407,#7075);
#7073=VECTOR('',#7076,1.0);
#7074=VECTOR('',#7077,1.0);
#7075=VECTOR('',#7078,1.0);
#7076=DIRECTION('',(-0.9000160203636637,-0.4358568148930948,0));
#7077=DIRECTION('',(0,1,0));
#7078=DIRECTION('',(1,0,0));
#7079=STYLED_ITEM('',(#18),#7080);
#7080=FACE_SURFACE('',(#7085),#7081,.T.);
#7081=PLANE('',#7082);
#7082=AXIS2_PLACEMENT_3D('',#391,#7083,#7084);
#7083=DIRECTION('',(-1,0,-0));
#7084=DIRECTION('',(0,0.1605563395188728,-0.9870266773701206));
#7085=FACE_BOUND('',#7086,.T.);
#7086=EDGE_LOOP('',(#7087,#7088,#7089));
#7087=ORIENTED_EDGE('',*,*,#7090,.T.);
#7088=ORIENTED_EDGE('',*,*,#7091,.T.);
#7089=ORIENTED_EDGE('',*,*,#7092,.T.);
#7090=EDGE_CURVE('',#392,#406,#7093,.F.);
#7091=EDGE_CURVE('',#406,#410,#7094,.T.);
#7092=EDGE_CURVE('',#410,#392,#7095,.T.);
#7093=LINE('',#391,#7096);
#7094=LINE('',#405,#7097);
#7095=LINE('',#409,#7098);
#7096=VECTOR('',#7099,1.0);
#7097=VECTOR('',#7100,1.0);
#7098=VECTOR('',#7101,1.0);
#7099=DIRECTION('',(0,0.1605563395188728,-0.9870266773701206));
#7100=DIRECTION('',(0,-0.9376216162330758,0.3476574532100162));
#7101=DIRECTION('',(0,0.35410675098966266,0.9352050090239813));
#7102=STYLED_ITEM('',(#18),#7103);
#7103=FACE_SURFACE('',(#7108),#7104,.T.);
#7104=PLANE('',#7105);
#7105=AXIS2_PLACEMENT_3D('',#409,#7106,#7107);
#7106=DIRECTION('',(-1,0,0));
#7107=DIRECTION('',(0,0.9376216162330758,-0.3476574532100162));
#7108=FACE_BOUND('',#7109,.T.);
#7109=EDGE_LOOP('',(#7110,#7111,#7112));
#7110=ORIENTED_EDGE('',*,*,#7113,.T.);
#7111=ORIENTED_EDGE('',*,*,#7114,.T.);
#7112=ORIENTED_EDGE('',*,*,#7115,.T.);
#7113=EDGE_CURVE('',#410,#406,#7116,.F.);
#7114=EDGE_CURVE('',#406,#440,#7117,.T.);
#7115=EDGE_CURVE('',#440,#410,#7118,.T.);
#7116=LINE('',#409,#7119);
#7117=LINE('',#405,#7120);
#7118=LINE('',#439,#7121);
#7119=VECTOR('',#7122,1.0);
#7120=VECTOR('',#7123,1.0);
#7121=VECTOR('',#7124,1.0);
#7122=DIRECTION('',(0,0.9376216162330758,-0.3476574532100162));
#7123=DIRECTION('',(0,0.111544427843948,-0.9937594480642518));
#7124=DIRECTION('',(0,-0.7552933759455502,0.65538684473582));
#7125=STYLED_ITEM('',(#18),#7126);
#7126=FACE_SURFACE('',(#7131),#7127,.T.);
#7127=PLANE('',#7128);
#7128=AXIS2_PLACEMENT_3D('',#409,#7129,#7130);
#7129=DIRECTION('',(-1,0,-0));
#7130=DIRECTION('',(0,0.7552933759455502,-0.65538684473582));
#7131=FACE_BOUND('',#7132,.T.);
#7132=EDGE_LOOP('',(#7133,#7134,#7135));
#7133=ORIENTED_EDGE('',*,*,#7136,.T.);
#7134=ORIENTED_EDGE('',*,*,#7137,.T.);
#7135=ORIENTED_EDGE('',*,*,#7138,.T.);
#7136=EDGE_CURVE('',#410,#440,#7139,.F.);
#7137=EDGE_CURVE('',#440,#442,#7140,.T.);
#7138=EDGE_CURVE('',#442,#410,#7141,.T.);
#7139=LINE('',#409,#7142);
#7140=LINE('',#439,#7143);
#7141=LINE('',#441,#7144);
#7142=VECTOR('',#7145,1.0);
#7143=VECTOR('',#7146,1.0);
#7144=VECTOR('',#7147,1.0);
#7145=DIRECTION('',(0,0.7552933759455502,-0.65538684473582));
#7146=DIRECTION('',(0,-0.9975852846945902,-0.0694521400736748));
#7147=DIRECTION('',(0,0.5638877929831483,0.8258514133453996));
#7148=STYLED_ITEM('',(#18),#7149);
#7149=FACE_SURFACE('',(#7154),#7150,.T.);
#7150=PLANE('',#7151);
#7151=AXIS2_PLACEMENT_3D('',#441,#7152,#7153);
#7152=DIRECTION('',(-1,0,0));
#7153=DIRECTION('',(0,0.9975852846945902,0.0694521400736748));
#7154=FACE_BOUND('',#7155,.T.);
#7155=EDGE_LOOP('',(#7156,#7157,#7158));
#7156=ORIENTED_EDGE('',*,*,#7159,.T.);
#7157=ORIENTED_EDGE('',*,*,#7160,.T.);
#7158=ORIENTED_EDGE('',*,*,#7161,.T.);
#7159=EDGE_CURVE('',#442,#440,#7162,.F.);
#7160=EDGE_CURVE('',#440,#444,#7163,.T.);
#7161=EDGE_CURVE('',#444,#442,#7164,.T.);
#7162=LINE('',#441,#7165);
#7163=LINE('',#439,#7166);
#7164=LINE('',#443,#7167);
#7165=VECTOR('',#7168,1.0);
#7166=VECTOR('',#7169,1.0);
#7167=VECTOR('',#7170,1.0);
#7168=DIRECTION('',(0,0.9975852846945902,0.0694521400736748));
#7169=DIRECTION('',(0,0.03028912664077022,-0.9995411791453814));
#7170=DIRECTION('',(0,-0.9720822085732869,0.23464053310389674));
#7171=STYLED_ITEM('',(#18),#7172);
#7172=FACE_SURFACE('',(#7177),#7173,.T.);
#7173=PLANE('',#7174);
#7174=AXIS2_PLACEMENT_3D('',#441,#7175,#7176);
#7175=DIRECTION('',(-1,0,0));
#7176=DIRECTION('',(0,0.9720822085732869,-0.23464053310389674));
#7177=FACE_BOUND('',#7178,.T.);
#7178=EDGE_LOOP('',(#7179,#7180,#7181));
#7179=ORIENTED_EDGE('',*,*,#7182,.T.);
#7180=ORIENTED_EDGE('',*,*,#7183,.T.);
#7181=ORIENTED_EDGE('',*,*,#7184,.T.);
#7182=EDGE_CURVE('',#442,#444,#7185,.F.);
#7183=EDGE_CURVE('',#444,#446,#7186,.T.);
#7184=EDGE_CURVE('',#446,#442,#7187,.T.);
#7185=LINE('',#441,#7188);
#7186=LINE('',#443,#7189);
#7187=LINE('',#445,#7190);
#7188=VECTOR('',#7191,1.0);
#7189=VECTOR('',#7192,1.0);
#7190=VECTOR('',#7193,1.0);
#7191=DIRECTION('',(0,0.9720822085732869,-0.23464053310389674));
#7192=DIRECTION('',(0,-0.9997578112028697,0.022007247416414338));
#7193=DIRECTION('',(0,-0.014284256782848512,0.99989797479951));
#7194=STYLED_ITEM('',(#18),#7195);
#7195=FACE_SURFACE('',(#7200),#7196,.T.);
#7196=PLANE('',#7197);
#7197=AXIS2_PLACEMENT_3D('',#445,#7198,#7199);
#7198=DIRECTION('',(-1,0,-0));
#7199=DIRECTION('',(0,0.9997578112028697,-0.022007247416414338));
#7200=FACE_BOUND('',#7201,.T.);
#7201=EDGE_LOOP('',(#7202,#7203,#7204));
#7202=ORIENTED_EDGE('',*,*,#7205,.T.);
#7203=ORIENTED_EDGE('',*,*,#7206,.T.);
#7204=ORIENTED_EDGE('',*,*,#7207,.T.);
#7205=EDGE_CURVE('',#446,#444,#7208,.F.);
#7206=EDGE_CURVE('',#444,#448,#7209,.T.);
#7207=EDGE_CURVE('',#448,#446,#7210,.T.);
#7208=LINE('',#445,#7211);
#7209=LINE('',#443,#7212);
#7210=LINE('',#447,#7213);
#7211=VECTOR('',#7214,1.0);
#7212=VECTOR('',#7215,1.0);
#7213=VECTOR('',#7216,1.0);
#7214=DIRECTION('',(0,0.9997578112028697,-0.022007247416414338));
#7215=DIRECTION('',(0,-0.9813926548600205,-0.192011606385658));
#7216=DIRECTION('',(0,0.05704979053851277,0.9983713344239766));
#7217=STYLED_ITEM('',(#18),#7218);
#7218=FACE_SURFACE('',(#7223),#7219,.T.);
#7219=PLANE('',#7220);
#7220=AXIS2_PLACEMENT_3D('',#443,#7221,#7222);
#7221=DIRECTION('',(-1,0,0));
#7222=DIRECTION('',(0,-0.07053098106038401,-0.9975095892825591));
#7223=FACE_BOUND('',#7224,.T.);
#7224=EDGE_LOOP('',(#7225,#7226,#7227));
#7225=ORIENTED_EDGE('',*,*,#7228,.T.);
#7226=ORIENTED_EDGE('',*,*,#7229,.T.);
#7227=ORIENTED_EDGE('',*,*,#7230,.T.);
#7228=EDGE_CURVE('',#444,#450,#7231,.F.);
#7229=EDGE_CURVE('',#450,#448,#7232,.T.);
#7230=EDGE_CURVE('',#448,#444,#7233,.T.);
#7231=LINE('',#443,#7234);
#7232=LINE('',#449,#7235);
#7233=LINE('',#447,#7236);
#7234=VECTOR('',#7237,1.0);
#7235=VECTOR('',#7238,1.0);
#7236=VECTOR('',#7239,1.0);
#7237=DIRECTION('',(0,-0.07053098106038401,-0.9975095892825591));
#7238=DIRECTION('',(0,-0.9935326726564043,0.11354659116073064));
#7239=DIRECTION('',(0,0.9813926548600205,0.192011606385658));
#7240=STYLED_ITEM('',(#18),#7241);
#7241=FACE_SURFACE('',(#7246),#7242,.T.);
#7242=PLANE('',#7243);
#7243=AXIS2_PLACEMENT_3D('',#447,#7244,#7245);
#7244=DIRECTION('',(-1,0,-0));
#7245=DIRECTION('',(0,0.9935326726564043,-0.11354659116073064));
#7246=FACE_BOUND('',#7247,.T.);
#7247=EDGE_LOOP('',(#7248,#7249,#7250));
#7248=ORIENTED_EDGE('',*,*,#7251,.T.);
#7249=ORIENTED_EDGE('',*,*,#7252,.T.);
#7250=ORIENTED_EDGE('',*,*,#7253,.T.);
#7251=EDGE_CURVE('',#448,#450,#7254,.F.);
#7252=EDGE_CURVE('',#450,#452,#7255,.T.);
#7253=EDGE_CURVE('',#452,#448,#7256,.T.);
#7254=LINE('',#447,#7257);
#7255=LINE('',#449,#7258);
#7256=LINE('',#451,#7259);
#7257=VECTOR('',#7260,1.0);
#7258=VECTOR('',#7261,1.0);
#7259=VECTOR('',#7262,1.0);
#7260=DIRECTION('',(0,0.9935326726564043,-0.11354659116073064));
#7261=DIRECTION('',(0,-0.18181957603205615,-0.9833319082443747));
#7262=DIRECTION('',(0,0.1143130122776716,0.9934447821716137));
#7263=STYLED_ITEM('',(#18),#7264);
#7264=FACE_SURFACE('',(#7269),#7265,.T.);
#7265=PLANE('',#7266);
#7266=AXIS2_PLACEMENT_3D('',#449,#7267,#7268);
#7267=DIRECTION('',(-1,0,0));
#7268=DIRECTION('',(0,-0.1143130122776715,-0.9934447821716137));
#7269=FACE_BOUND('',#7270,.T.);
#7270=EDGE_LOOP('',(#7271,#7272,#7273));
#7271=ORIENTED_EDGE('',*,*,#7274,.T.);
#7272=ORIENTED_EDGE('',*,*,#7275,.T.);
#7273=ORIENTED_EDGE('',*,*,#7276,.T.);
#7274=EDGE_CURVE('',#450,#454,#7277,.F.);
#7275=EDGE_CURVE('',#454,#452,#7278,.T.);
#7276=EDGE_CURVE('',#452,#450,#7279,.T.);
#7277=LINE('',#449,#7280);
#7278=LINE('',#453,#7281);
#7279=LINE('',#451,#7282);
#7280=VECTOR('',#7283,1.0);
#7281=VECTOR('',#7284,1.0);
#7282=VECTOR('',#7285,1.0);
#7283=DIRECTION('',(0,-0.1143130122776715,-0.9934447821716137));
#7284=DIRECTION('',(0,-0.9935326726564037,0.1135465911607361));
#7285=DIRECTION('',(0,0.18181957603205615,0.9833319082443747));
#7286=STYLED_ITEM('',(#18),#7287);
#7287=FACE_SURFACE('',(#7292),#7288,.T.);
#7288=PLANE('',#7289);
#7289=AXIS2_PLACEMENT_3D('',#451,#7290,#7291);
#7290=DIRECTION('',(-1,0,-0));
#7291=DIRECTION('',(0,0.9935326726564037,-0.1135465911607361));
#7292=FACE_BOUND('',#7293,.T.);
#7293=EDGE_LOOP('',(#7294,#7295,#7296));
#7294=ORIENTED_EDGE('',*,*,#7297,.T.);
#7295=ORIENTED_EDGE('',*,*,#7298,.T.);
#7296=ORIENTED_EDGE('',*,*,#7299,.T.);
#7297=EDGE_CURVE('',#452,#454,#7300,.F.);
#7298=EDGE_CURVE('',#454,#456,#7301,.T.);
#7299=EDGE_CURVE('',#456,#452,#7302,.T.);
#7300=LINE('',#451,#7303);
#7301=LINE('',#453,#7304);
#7302=LINE('',#455,#7305);
#7303=VECTOR('',#7306,1.0);
#7304=VECTOR('',#7307,1.0);
#7305=VECTOR('',#7308,1.0);
#7306=DIRECTION('',(0,0.9935326726564037,-0.1135465911607361));
#7307=DIRECTION('',(0,-0.9883357397220737,-0.15229072718987766));
#7308=DIRECTION('',(0,0.035272155667620576,0.9993777439159623));
#7309=STYLED_ITEM('',(#18),#7310);
#7310=FACE_SURFACE('',(#7315),#7311,.T.);
#7311=PLANE('',#7312);
#7312=AXIS2_PLACEMENT_3D('',#453,#7313,#7314);
#7313=DIRECTION('',(-1,0,0));
#7314=DIRECTION('',(0,-0.031234752377724675,-0.9995120760870786));
#7315=FACE_BOUND('',#7316,.T.);
#7316=EDGE_LOOP('',(#7317,#7318,#7319));
#7317=ORIENTED_EDGE('',*,*,#7320,.T.);
#7318=ORIENTED_EDGE('',*,*,#7321,.T.);
#7319=ORIENTED_EDGE('',*,*,#7322,.T.);
#7320=EDGE_CURVE('',#454,#458,#7323,.F.);
#7321=EDGE_CURVE('',#458,#456,#7324,.T.);
#7322=EDGE_CURVE('',#456,#454,#7325,.T.);
#7323=LINE('',#453,#7326);
#7324=LINE('',#457,#7327);
#7325=LINE('',#455,#7328);
#7326=VECTOR('',#7329,1.0);
#7327=VECTOR('',#7330,1.0);
#7328=VECTOR('',#7331,1.0);
#7329=DIRECTION('',(0,-0.031234752377724675,-0.9995120760870786));
#7330=DIRECTION('',(0,-0.9985651258798047,-0.05355081116705408));
#7331=DIRECTION('',(0,0.9883357397220737,0.15229072718987766));
#7332=STYLED_ITEM('',(#18),#7333);
#7333=FACE_SURFACE('',(#7338),#7334,.T.);
#7334=PLANE('',#7335);
#7335=AXIS2_PLACEMENT_3D('',#455,#7336,#7337);
#7336=DIRECTION('',(-1,0,0));
#7337=DIRECTION('',(0,0.9985651258798047,0.05355081116705408));
#7338=FACE_BOUND('',#7339,.T.);
#7339=EDGE_LOOP('',(#7340,#7341,#7342));
#7340=ORIENTED_EDGE('',*,*,#7343,.T.);
#7341=ORIENTED_EDGE('',*,*,#7344,.T.);
#7342=ORIENTED_EDGE('',*,*,#7345,.T.);
#7343=EDGE_CURVE('',#456,#458,#7346,.F.);
#7344=EDGE_CURVE('',#458,#460,#7347,.T.);
#7345=EDGE_CURVE('',#460,#456,#7348,.T.);
#7346=LINE('',#455,#7349);
#7347=LINE('',#457,#7350);
#7348=LINE('',#459,#7351);
#7349=VECTOR('',#7352,1.0);
#7350=VECTOR('',#7353,1.0);
#7351=VECTOR('',#7354,1.0);
#7352=DIRECTION('',(0,0.9985651258798047,0.05355081116705408));
#7353=DIRECTION('',(0,0.15437688027360624,-0.9880120337511018));
#7354=DIRECTION('',(0,-0.9989167351560596,0.04653338828366916));
#7355=STYLED_ITEM('',(#18),#7356);
#7356=FACE_SURFACE('',(#7361),#7357,.T.);
#7357=PLANE('',#7358);
#7358=AXIS2_PLACEMENT_3D('',#455,#7359,#7360);
#7359=DIRECTION('',(-1,0,0));
#7360=DIRECTION('',(0,0.9989167351560596,-0.04653338828366916));
#7361=FACE_BOUND('',#7362,.T.);
#7362=EDGE_LOOP('',(#7363,#7364,#7365));
#7363=ORIENTED_EDGE('',*,*,#7366,.T.);
#7364=ORIENTED_EDGE('',*,*,#7367,.T.);
#7365=ORIENTED_EDGE('',*,*,#7368,.T.);
#7366=EDGE_CURVE('',#456,#460,#7369,.F.);
#7367=EDGE_CURVE('',#460,#462,#7370,.T.);
#7368=EDGE_CURVE('',#462,#456,#7371,.T.);
#7369=LINE('',#455,#7372);
#7370=LINE('',#459,#7373);
#7371=LINE('',#461,#7374);
#7372=VECTOR('',#7375,1.0);
#7373=VECTOR('',#7376,1.0);
#7374=VECTOR('',#7377,1.0);
#7375=DIRECTION('',(0,0.9989167351560596,-0.04653338828366916));
#7376=DIRECTION('',(0,-0.9754410020677076,-0.22026087143463904));
#7377=DIRECTION('',(0,-0.13979027774953187,0.9901811340591724));
#7378=STYLED_ITEM('',(#18),#7379);
#7379=FACE_SURFACE('',(#7384),#7380,.T.);
#7380=PLANE('',#7381);
#7381=AXIS2_PLACEMENT_3D('',#461,#7382,#7383);
#7382=DIRECTION('',(-1,0,0));
#7383=DIRECTION('',(0,0.9754410020677076,0.22026087143463904));
#7384=FACE_BOUND('',#7385,.T.);
#7385=EDGE_LOOP('',(#7386,#7387,#7388));
#7386=ORIENTED_EDGE('',*,*,#7389,.T.);
#7387=ORIENTED_EDGE('',*,*,#7390,.T.);
#7388=ORIENTED_EDGE('',*,*,#7391,.T.);
#7389=EDGE_CURVE('',#462,#460,#7392,.F.);
#7390=EDGE_CURVE('',#460,#464,#7393,.T.);
#7391=EDGE_CURVE('',#464,#462,#7394,.T.);
#7392=LINE('',#461,#7395);
#7393=LINE('',#459,#7396);
#7394=LINE('',#463,#7397);
#7395=VECTOR('',#7398,1.0);
#7396=VECTOR('',#7399,1.0);
#7397=VECTOR('',#7400,1.0);
#7398=DIRECTION('',(0,0.9754410020677076,0.22026087143463904));
#7399=DIRECTION('',(0,0.3070027799227693,-0.9517086177605474));
#7400=DIRECTION('',(0,-0.9926549663300601,-0.12097982402147521));
#7401=STYLED_ITEM('',(#18),#7402);
#7402=FACE_SURFACE('',(#7407),#7403,.T.);
#7403=PLANE('',#7404);
#7404=AXIS2_PLACEMENT_3D('',#461,#7405,#7406);
#7405=DIRECTION('',(-1,0,0));
#7406=DIRECTION('',(0,0.9926549663300601,0.12097982402147521));
#7407=FACE_BOUND('',#7408,.T.);
#7408=EDGE_LOOP('',(#7409,#7410,#7411));
#7409=ORIENTED_EDGE('',*,*,#7412,.T.);
#7410=ORIENTED_EDGE('',*,*,#7413,.T.);
#7411=ORIENTED_EDGE('',*,*,#7414,.T.);
#7412=EDGE_CURVE('',#462,#464,#7415,.F.);
#7413=EDGE_CURVE('',#464,#466,#7416,.T.);
#7414=EDGE_CURVE('',#466,#462,#7417,.T.);
#7415=LINE('',#461,#7418);
#7416=LINE('',#463,#7419);
#7417=LINE('',#465,#7420);
#7418=VECTOR('',#7421,1.0);
#7419=VECTOR('',#7422,1.0);
#7420=VECTOR('',#7423,1.0);
#7421=DIRECTION('',(0,0.9926549663300601,0.12097982402147521));
#7422=DIRECTION('',(0,-0.924743226053802,-0.38059159983847113));
#7423=DIRECTION('',(0,-0.3022438607339279,0.9532306376993187));
#7424=STYLED_ITEM('',(#18),#7425);
#7425=FACE_SURFACE('',(#7430),#7426,.T.);
#7426=PLANE('',#7427);
#7427=AXIS2_PLACEMENT_3D('',#465,#7428,#7429);
#7428=DIRECTION('',(-1,0,0));
#7429=DIRECTION('',(0,0.924743226053802,0.38059159983847113));
#7430=FACE_BOUND('',#7431,.T.);
#7431=EDGE_LOOP('',(#7432,#7433,#7434));
#7432=ORIENTED_EDGE('',*,*,#7435,.T.);
#7433=ORIENTED_EDGE('',*,*,#7436,.T.);
#7434=ORIENTED_EDGE('',*,*,#7437,.T.);
#7435=EDGE_CURVE('',#466,#464,#7438,.F.);
#7436=EDGE_CURVE('',#464,#468,#7439,.T.);
#7437=EDGE_CURVE('',#468,#466,#7440,.T.);
#7438=LINE('',#465,#7441);
#7439=LINE('',#463,#7442);
#7440=LINE('',#467,#7443);
#7441=VECTOR('',#7444,1.0);
#7442=VECTOR('',#7445,1.0);
#7443=VECTOR('',#7446,1.0);
#7444=DIRECTION('',(0,0.924743226053802,0.38059159983847113));
#7445=DIRECTION('',(0,-0.1427687051412185,-0.9897560794621572));
#7446=DIRECTION('',(0,-0.3819677584465467,0.9241756497048169));
#7447=STYLED_ITEM('',(#18),#7448);
#7448=FACE_SURFACE('',(#7453),#7449,.T.);
#7449=PLANE('',#7450);
#7450=AXIS2_PLACEMENT_3D('',#463,#7451,#7452);
#7451=DIRECTION('',(-1,0,-0));
#7452=DIRECTION('',(0,0.3819548619874389,-0.9241809797892165));
#7453=FACE_BOUND('',#7454,.T.);
#7454=EDGE_LOOP('',(#7455,#7456,#7457));
#7455=ORIENTED_EDGE('',*,*,#7458,.T.);
#7456=ORIENTED_EDGE('',*,*,#7459,.T.);
#7457=ORIENTED_EDGE('',*,*,#7460,.T.);
#7458=EDGE_CURVE('',#464,#470,#7461,.F.);
#7459=EDGE_CURVE('',#470,#468,#7462,.T.);
#7460=EDGE_CURVE('',#468,#464,#7463,.T.);
#7461=LINE('',#463,#7464);
#7462=LINE('',#469,#7465);
#7463=LINE('',#467,#7466);
#7464=VECTOR('',#7467,1.0);
#7465=VECTOR('',#7468,1.0);
#7466=VECTOR('',#7469,1.0);
#7467=DIRECTION('',(0,0.3819548619874389,-0.9241809797892165));
#7468=DIRECTION('',(0,-1,0));
#7469=DIRECTION('',(0,0.1427687051412185,0.9897560794621572));
#7470=STYLED_ITEM('',(#18),#7471);
#7471=FACE_SURFACE('',(#7476),#7472,.T.);
#7472=PLANE('',#7473);
#7473=AXIS2_PLACEMENT_3D('',#441,#7474,#7475);
#7474=DIRECTION('',(-1,0,0));
#7475=DIRECTION('',(0,-0.1151705201197913,0.9933457360331983));
#7476=FACE_BOUND('',#7477,.T.);
#7477=EDGE_LOOP('',(#7478,#7479,#7480));
#7478=ORIENTED_EDGE('',*,*,#7481,.T.);
#7479=ORIENTED_EDGE('',*,*,#7482,.T.);
#7480=ORIENTED_EDGE('',*,*,#7483,.T.);
#7481=EDGE_CURVE('',#442,#414,#7484,.F.);
#7482=EDGE_CURVE('',#414,#410,#7485,.T.);
#7483=EDGE_CURVE('',#410,#442,#7486,.T.);
#7484=LINE('',#441,#7487);
#7485=LINE('',#413,#7488);
#7486=LINE('',#409,#7489);
#7487=VECTOR('',#7490,1.0);
#7488=VECTOR('',#7491,1.0);
#7489=VECTOR('',#7492,1.0);
#7490=DIRECTION('',(0,-0.1151705201197913,0.9933457360331983));
#7491=DIRECTION('',(0,0.7556890827898171,0.6549305384178424));
#7492=DIRECTION('',(0,-0.5638877929831483,-0.8258514133453996));
#7493=STYLED_ITEM('',(#18),#7494);
#7494=FACE_SURFACE('',(#7499),#7495,.T.);
#7495=PLANE('',#7496);
#7496=AXIS2_PLACEMENT_3D('',#409,#7497,#7498);
#7497=DIRECTION('',(-1,-0,0));
#7498=DIRECTION('',(0,-0.7556890827898171,-0.6549305384178424));
#7499=FACE_BOUND('',#7500,.T.);
#7500=EDGE_LOOP('',(#7501,#7502,#7503));
#7501=ORIENTED_EDGE('',*,*,#7504,.T.);
#7502=ORIENTED_EDGE('',*,*,#7505,.T.);
#7503=ORIENTED_EDGE('',*,*,#7506,.T.);
#7504=EDGE_CURVE('',#410,#414,#7507,.F.);
#7505=EDGE_CURVE('',#414,#418,#7508,.T.);
#7506=EDGE_CURVE('',#418,#410,#7509,.T.);
#7507=LINE('',#409,#7510);
#7508=LINE('',#413,#7511);
#7509=LINE('',#417,#7512);
#7510=VECTOR('',#7513,1.0);
#7511=VECTOR('',#7514,1.0);
#7512=VECTOR('',#7515,1.0);
#7513=DIRECTION('',(0,-0.7556890827898171,-0.6549305384178424));
#7514=DIRECTION('',(0,-0.16029332543164823,0.9870694250264587));
#7515=DIRECTION('',(0,1,0));
#7516=STYLED_ITEM('',(#18),#7517);
#7517=FACE_SURFACE('',(#7522),#7518,.T.);
#7518=PLANE('',#7519);
#7519=AXIS2_PLACEMENT_3D('',#447,#7520,#7521);
#7520=DIRECTION('',(0,-0.9983713344239766,0.057049790538512765));
#7521=DIRECTION('',(1,0,0));
#7522=FACE_BOUND('',#7523,.T.);
#7523=EDGE_LOOP('',(#7524,#7525,#7526));
#7524=ORIENTED_EDGE('',*,*,#7527,.T.);
#7525=ORIENTED_EDGE('',*,*,#7528,.T.);
#7526=ORIENTED_EDGE('',*,*,#7529,.T.);
#7527=EDGE_CURVE('',#448,#472,#7530,.F.);
#7528=EDGE_CURVE('',#472,#446,#7531,.T.);
#7529=EDGE_CURVE('',#446,#448,#7532,.T.);
#7530=LINE('',#447,#7533);
#7531=LINE('',#471,#7534);
#7532=LINE('',#445,#7535);
#7533=VECTOR('',#7536,1.0);
#7534=VECTOR('',#7537,1.0);
#7535=VECTOR('',#7538,1.0);
#7536=DIRECTION('',(1,0,0));
#7537=DIRECTION('',(-0.9976272792386998,0.003927666453695672,0.06873416293967446));
#7538=DIRECTION('',(0,-0.05704979053851277,-0.9983713344239766));
#7539=STYLED_ITEM('',(#18),#7540);
#7540=FACE_SURFACE('',(#7545),#7541,.T.);
#7541=PLANE('',#7542);
#7542=AXIS2_PLACEMENT_3D('',#445,#7543,#7544);
#7543=DIRECTION('',(0,-0.9983713344239766,0.057049790538512765));
#7544=DIRECTION('',(0.9976272792386998,-0.003927666453695672,-0.06873416293967446));
#7545=FACE_BOUND('',#7546,.T.);
#7546=EDGE_LOOP('',(#7547,#7548,#7549));
#7547=ORIENTED_EDGE('',*,*,#7550,.T.);
#7548=ORIENTED_EDGE('',*,*,#7551,.T.);
#7549=ORIENTED_EDGE('',*,*,#7552,.T.);
#7550=EDGE_CURVE('',#446,#472,#7553,.F.);
#7551=EDGE_CURVE('',#472,#474,#7554,.T.);
#7552=EDGE_CURVE('',#474,#446,#7555,.T.);
#7553=LINE('',#445,#7556);
#7554=LINE('',#471,#7557);
#7555=LINE('',#473,#7558);
#7556=VECTOR('',#7559,1.0);
#7557=VECTOR('',#7560,1.0);
#7558=VECTOR('',#7561,1.0);
#7559=DIRECTION('',(0.9976272792386998,-0.003927666453695672,-0.06873416293967446));
#7560=DIRECTION('',(0,0.05704979053851277,0.9983713344239766));
#7561=DIRECTION('',(-1,0,0));
#7562=STYLED_ITEM('',(#18),#7563);
#7563=FACE_SURFACE('',(#7568),#7564,.T.);
#7564=PLANE('',#7565);
#7565=AXIS2_PLACEMENT_3D('',#445,#7566,#7567);
#7566=DIRECTION('',(0,-0.9998979747995101,-0.014284256782848512));
#7567=DIRECTION('',(1,0,0));
#7568=FACE_BOUND('',#7569,.T.);
#7569=EDGE_LOOP('',(#7570,#7571,#7572));
#7570=ORIENTED_EDGE('',*,*,#7573,.T.);
#7571=ORIENTED_EDGE('',*,*,#7574,.T.);
#7572=ORIENTED_EDGE('',*,*,#7575,.T.);
#7573=EDGE_CURVE('',#446,#474,#7576,.F.);
#7574=EDGE_CURVE('',#474,#442,#7577,.T.);
#7575=EDGE_CURVE('',#442,#446,#7578,.T.);
#7576=LINE('',#445,#7579);
#7577=LINE('',#473,#7580);
#7578=LINE('',#441,#7581);
#7579=VECTOR('',#7582,1.0);
#7580=VECTOR('',#7583,1.0);
#7581=VECTOR('',#7584,1.0);
#7582=DIRECTION('',(1,0,0));
#7583=DIRECTION('',(-0.9976344933610956,-0.000981923713937978,0.0687346599756663));
#7584=DIRECTION('',(0,0.014284256782848512,-0.99989797479951));
#7585=STYLED_ITEM('',(#18),#7586);
#7586=FACE_SURFACE('',(#7591),#7587,.T.);
#7587=PLANE('',#7588);
#7588=AXIS2_PLACEMENT_3D('',#441,#7589,#7590);
#7589=DIRECTION('',(0,-0.9998979747995101,-0.014284256782848512));
#7590=DIRECTION('',(0.9976344933610956,0.000981923713937978,-0.0687346599756663));
#7591=FACE_BOUND('',#7592,.T.);
#7592=EDGE_LOOP('',(#7593,#7594,#7595));
#7593=ORIENTED_EDGE('',*,*,#7596,.T.);
#7594=ORIENTED_EDGE('',*,*,#7597,.T.);
#7595=ORIENTED_EDGE('',*,*,#7598,.T.);
#7596=EDGE_CURVE('',#442,#474,#7599,.F.);
#7597=EDGE_CURVE('',#474,#476,#7600,.T.);
#7598=EDGE_CURVE('',#476,#442,#7601,.T.);
#7599=LINE('',#441,#7602);
#7600=LINE('',#473,#7603);
#7601=LINE('',#475,#7604);
#7602=VECTOR('',#7605,1.0);
#7603=VECTOR('',#7606,1.0);
#7604=VECTOR('',#7607,1.0);
#7605=DIRECTION('',(0.9976344933610956,0.000981923713937978,-0.0687346599756663));
#7606=DIRECTION('',(0,-0.014284256782848512,0.99989797479951));
#7607=DIRECTION('',(-1,0,0));
#7608=STYLED_ITEM('',(#18),#7609);
#7609=FACE_SURFACE('',(#7614),#7610,.T.);
#7610=PLANE('',#7611);
#7611=AXIS2_PLACEMENT_3D('',#441,#7612,#7613);
#7612=DIRECTION('',(0,-0.9933457360331983,-0.1151705201197913));
#7613=DIRECTION('',(1,0,0));
#7614=FACE_BOUND('',#7615,.T.);
#7615=EDGE_LOOP('',(#7616,#7617,#7618));
#7616=ORIENTED_EDGE('',*,*,#7619,.T.);
#7617=ORIENTED_EDGE('',*,*,#7620,.T.);
#7618=ORIENTED_EDGE('',*,*,#7621,.T.);
#7619=EDGE_CURVE('',#442,#476,#7622,.F.);
#7620=EDGE_CURVE('',#476,#414,#7623,.T.);
#7621=EDGE_CURVE('',#414,#442,#7624,.T.);
#7622=LINE('',#441,#7625);
#7623=LINE('',#475,#7626);
#7624=LINE('',#413,#7627);
#7625=VECTOR('',#7628,1.0);
#7626=VECTOR('',#7629,1.0);
#7627=VECTOR('',#7630,1.0);
#7628=DIRECTION('',(1,0,0));
#7629=DIRECTION('',(-0.9976710473199811,-0.007855677537952613,0.06775521876484118));
#7630=DIRECTION('',(0,0.1151705201197913,-0.9933457360331983));
#7631=STYLED_ITEM('',(#18),#7632);
#7632=FACE_SURFACE('',(#7637),#7633,.T.);
#7633=PLANE('',#7634);
#7634=AXIS2_PLACEMENT_3D('',#413,#7635,#7636);
#7635=DIRECTION('',(0,-0.9933457360331983,-0.1151705201197913));
#7636=DIRECTION('',(0.9976710473199811,0.007855677537952613,-0.06775521876484118));
#7637=FACE_BOUND('',#7638,.T.);
#7638=EDGE_LOOP('',(#7639,#7640,#7641));
#7639=ORIENTED_EDGE('',*,*,#7642,.T.);
#7640=ORIENTED_EDGE('',*,*,#7643,.T.);
#7641=ORIENTED_EDGE('',*,*,#7644,.T.);
#7642=EDGE_CURVE('',#414,#476,#7645,.F.);
#7643=EDGE_CURVE('',#476,#424,#7646,.T.);
#7644=EDGE_CURVE('',#424,#414,#7647,.T.);
#7645=LINE('',#413,#7648);
#7646=LINE('',#475,#7649);
#7647=LINE('',#423,#7650);
#7648=VECTOR('',#7651,1.0);
#7649=VECTOR('',#7652,1.0);
#7650=VECTOR('',#7653,1.0);
#7651=DIRECTION('',(0.9976710473199811,0.007855677537952613,-0.06775521876484118));
#7652=DIRECTION('',(0,-0.1151705201197913,0.9933457360331983));
#7653=DIRECTION('',(-1,0,0));
#7654=STYLED_ITEM('',(#18),#7655);
#7655=FACE_SURFACE('',(#7660),#7656,.T.);
#7656=PLANE('',#7657);
#7657=AXIS2_PLACEMENT_3D('',#415,#7658,#7659);
#7658=DIRECTION('',(1,-0,0));
#7659=DIRECTION('',(0,0.16029332543164823,-0.9870694250264587));
#7660=FACE_BOUND('',#7661,.T.);
#7661=EDGE_LOOP('',(#7662,#7663,#7664));
#7662=ORIENTED_EDGE('',*,*,#7665,.T.);
#7663=ORIENTED_EDGE('',*,*,#7666,.T.);
#7664=ORIENTED_EDGE('',*,*,#7667,.T.);
#7665=EDGE_CURVE('',#416,#424,#7668,.F.);
#7666=EDGE_CURVE('',#424,#478,#7669,.T.);
#7667=EDGE_CURVE('',#478,#416,#7670,.T.);
#7668=LINE('',#415,#7671);
#7669=LINE('',#423,#7672);
#7670=LINE('',#477,#7673);
#7671=VECTOR('',#7674,1.0);
#7672=VECTOR('',#7675,1.0);
#7673=VECTOR('',#7676,1.0);
#7674=DIRECTION('',(0,0.16029332543164823,-0.9870694250264587));
#7675=DIRECTION('',(0,0.7556890827898171,0.6549305384178424));
#7676=DIRECTION('',(0,-1,0));
#7677=STYLED_ITEM('',(#18),#7678);
#7678=FACE_SURFACE('',(#7683),#7679,.T.);
#7679=PLANE('',#7680);
#7680=AXIS2_PLACEMENT_3D('',#477,#7681,#7682);
#7681=DIRECTION('',(1,0,0));
#7682=DIRECTION('',(0,-0.7556890827898171,-0.6549305384178424));
#7683=FACE_BOUND('',#7684,.T.);
#7684=EDGE_LOOP('',(#7685,#7686,#7687));
#7685=ORIENTED_EDGE('',*,*,#7688,.T.);
#7686=ORIENTED_EDGE('',*,*,#7689,.T.);
#7687=ORIENTED_EDGE('',*,*,#7690,.T.);
#7688=EDGE_CURVE('',#478,#424,#7691,.F.);
#7689=EDGE_CURVE('',#424,#476,#7692,.T.);
#7690=EDGE_CURVE('',#476,#478,#7693,.T.);
#7691=LINE('',#477,#7694);
#7692=LINE('',#423,#7695);
#7693=LINE('',#475,#7696);
#7694=VECTOR('',#7697,1.0);
#7695=VECTOR('',#7698,1.0);
#7696=VECTOR('',#7699,1.0);
#7697=DIRECTION('',(0,-0.7556890827898171,-0.6549305384178424));
#7698=DIRECTION('',(0,0.1151705201197913,-0.9933457360331983));
#7699=DIRECTION('',(0,0.5638877929831483,0.8258514133453996));
#7700=STYLED_ITEM('',(#18),#7701);
#7701=FACE_SURFACE('',(#7706),#7702,.T.);
#7702=PLANE('',#7703);
#7703=AXIS2_PLACEMENT_3D('',#477,#7704,#7705);
#7704=DIRECTION('',(1,0,0));
#7705=DIRECTION('',(0,-0.5638877929831483,-0.8258514133453996));
#7706=FACE_BOUND('',#7707,.T.);
#7707=EDGE_LOOP('',(#7708,#7709,#7710));
#7708=ORIENTED_EDGE('',*,*,#7711,.T.);
#7709=ORIENTED_EDGE('',*,*,#7712,.T.);
#7710=ORIENTED_EDGE('',*,*,#7713,.T.);
#7711=EDGE_CURVE('',#478,#476,#7714,.F.);
#7712=EDGE_CURVE('',#476,#480,#7715,.T.);
#7713=EDGE_CURVE('',#480,#478,#7716,.T.);
#7714=LINE('',#477,#7717);
#7715=LINE('',#475,#7718);
#7716=LINE('',#479,#7719);
#7717=VECTOR('',#7720,1.0);
#7718=VECTOR('',#7721,1.0);
#7719=VECTOR('',#7722,1.0);
#7720=DIRECTION('',(0,-0.5638877929831483,-0.8258514133453996));
#7721=DIRECTION('',(0,0.9975852846945902,0.0694521400736748));
#7722=DIRECTION('',(0,-0.7552933759455502,0.65538684473582));
#7723=STYLED_ITEM('',(#18),#7724);
#7724=FACE_SURFACE('',(#7729),#7725,.T.);
#7725=PLANE('',#7726);
#7726=AXIS2_PLACEMENT_3D('',#479,#7727,#7728);
#7727=DIRECTION('',(1,0,0));
#7728=DIRECTION('',(0,-0.9975852846945902,-0.0694521400736748));
#7729=FACE_BOUND('',#7730,.T.);
#7730=EDGE_LOOP('',(#7731,#7732,#7733));
#7731=ORIENTED_EDGE('',*,*,#7734,.T.);
#7732=ORIENTED_EDGE('',*,*,#7735,.T.);
#7733=ORIENTED_EDGE('',*,*,#7736,.T.);
#7734=EDGE_CURVE('',#480,#476,#7737,.F.);
#7735=EDGE_CURVE('',#476,#474,#7738,.T.);
#7736=EDGE_CURVE('',#474,#480,#7739,.T.);
#7737=LINE('',#479,#7740);
#7738=LINE('',#475,#7741);
#7739=LINE('',#473,#7742);
#7740=VECTOR('',#7743,1.0);
#7741=VECTOR('',#7744,1.0);
#7742=VECTOR('',#7745,1.0);
#7743=DIRECTION('',(0,-0.9975852846945902,-0.0694521400736748));
#7744=DIRECTION('',(0,0.014284256782848512,-0.99989797479951));
#7745=DIRECTION('',(0,0.9598975467435162,0.2803510295250921));
#7746=STYLED_ITEM('',(#18),#7747);
#7747=FACE_SURFACE('',(#7752),#7748,.T.);
#7748=PLANE('',#7749);
#7749=AXIS2_PLACEMENT_3D('',#479,#7750,#7751);
#7750=DIRECTION('',(1,0,0));
#7751=DIRECTION('',(0,-0.9598975467435162,-0.2803510295250921));
#7752=FACE_BOUND('',#7753,.T.);
#7753=EDGE_LOOP('',(#7754,#7755,#7756));
#7754=ORIENTED_EDGE('',*,*,#7757,.T.);
#7755=ORIENTED_EDGE('',*,*,#7758,.T.);
#7756=ORIENTED_EDGE('',*,*,#7759,.T.);
#7757=EDGE_CURVE('',#480,#474,#7760,.F.);
#7758=EDGE_CURVE('',#474,#482,#7761,.T.);
#7759=EDGE_CURVE('',#482,#480,#7762,.T.);
#7760=LINE('',#479,#7763);
#7761=LINE('',#473,#7764);
#7762=LINE('',#481,#7765);
#7763=VECTOR('',#7766,1.0);
#7764=VECTOR('',#7767,1.0);
#7765=VECTOR('',#7768,1.0);
#7766=DIRECTION('',(0,-0.9598975467435162,-0.2803510295250921));
#7767=DIRECTION('',(0,0.9997578112028697,-0.022007247416414338));
#7768=DIRECTION('',(0,-0.03028912664077022,0.9995411791453814));
#7769=STYLED_ITEM('',(#18),#7770);
#7770=FACE_SURFACE('',(#7775),#7771,.T.);
#7771=PLANE('',#7772);
#7772=AXIS2_PLACEMENT_3D('',#481,#7773,#7774);
#7773=DIRECTION('',(1,0,0));
#7774=DIRECTION('',(0,-0.9997578112028697,0.022007247416414338));
#7775=FACE_BOUND('',#7776,.T.);
#7776=EDGE_LOOP('',(#7777,#7778,#7779));
#7777=ORIENTED_EDGE('',*,*,#7780,.T.);
#7778=ORIENTED_EDGE('',*,*,#7781,.T.);
#7779=ORIENTED_EDGE('',*,*,#7782,.T.);
#7780=EDGE_CURVE('',#482,#474,#7783,.F.);
#7781=EDGE_CURVE('',#474,#472,#7784,.T.);
#7782=EDGE_CURVE('',#472,#482,#7785,.T.);
#7783=LINE('',#481,#7786);
#7784=LINE('',#473,#7787);
#7785=LINE('',#471,#7788);
#7786=VECTOR('',#7789,1.0);
#7787=VECTOR('',#7790,1.0);
#7788=VECTOR('',#7791,1.0);
#7789=DIRECTION('',(0,-0.9997578112028697,0.022007247416414338));
#7790=DIRECTION('',(0,-0.05704979053851277,-0.9983713344239766));
#7791=DIRECTION('',(0,0.9813926548600205,0.192011606385658));
#7792=STYLED_ITEM('',(#18),#7793);
#7793=FACE_SURFACE('',(#7798),#7794,.T.);
#7794=PLANE('',#7795);
#7795=AXIS2_PLACEMENT_3D('',#481,#7796,#7797);
#7796=DIRECTION('',(1,0,0));
#7797=DIRECTION('',(0,-0.9813926548600205,-0.192011606385658));
#7798=FACE_BOUND('',#7799,.T.);
#7799=EDGE_LOOP('',(#7800,#7801,#7802));
#7800=ORIENTED_EDGE('',*,*,#7803,.T.);
#7801=ORIENTED_EDGE('',*,*,#7804,.T.);
#7802=ORIENTED_EDGE('',*,*,#7805,.T.);
#7803=EDGE_CURVE('',#482,#472,#7806,.F.);
#7804=EDGE_CURVE('',#472,#484,#7807,.T.);
#7805=EDGE_CURVE('',#484,#482,#7808,.T.);
#7806=LINE('',#481,#7809);
#7807=LINE('',#471,#7810);
#7808=LINE('',#483,#7811);
#7809=VECTOR('',#7812,1.0);
#7810=VECTOR('',#7813,1.0);
#7811=VECTOR('',#7814,1.0);
#7812=DIRECTION('',(0,-0.9813926548600205,-0.192011606385658));
#7813=DIRECTION('',(0,0.9935326726564043,-0.11354659116073064));
#7814=DIRECTION('',(0,0.07053098106038401,0.9975095892825591));
#7815=STYLED_ITEM('',(#18),#7816);
#7816=FACE_SURFACE('',(#7821),#7817,.T.);
#7817=PLANE('',#7818);
#7818=AXIS2_PLACEMENT_3D('',#483,#7819,#7820);
#7819=DIRECTION('',(1,0,0));
#7820=DIRECTION('',(0,-0.9935326726564043,0.11354659116073064));
#7821=FACE_BOUND('',#7822,.T.);
#7822=EDGE_LOOP('',(#7823,#7824,#7825));
#7823=ORIENTED_EDGE('',*,*,#7826,.T.);
#7824=ORIENTED_EDGE('',*,*,#7827,.T.);
#7825=ORIENTED_EDGE('',*,*,#7828,.T.);
#7826=EDGE_CURVE('',#484,#472,#7829,.F.);
#7827=EDGE_CURVE('',#472,#486,#7830,.T.);
#7828=EDGE_CURVE('',#486,#484,#7831,.T.);
#7829=LINE('',#483,#7832);
#7830=LINE('',#471,#7833);
#7831=LINE('',#485,#7834);
#7832=VECTOR('',#7835,1.0);
#7833=VECTOR('',#7836,1.0);
#7834=VECTOR('',#7837,1.0);
#7835=DIRECTION('',(0,-0.9935326726564043,0.11354659116073064));
#7836=DIRECTION('',(0,-0.04626664411213993,-0.9989291254351336));
#7837=DIRECTION('',(0,0.1143130122776715,0.9934447821716137));
#7838=STYLED_ITEM('',(#18),#7839);
#7839=FACE_SURFACE('',(#7844),#7840,.T.);
#7840=PLANE('',#7841);
#7841=AXIS2_PLACEMENT_3D('',#471,#7842,#7843);
#7842=DIRECTION('',(1,0,0));
#7843=DIRECTION('',(0,-0.1143130122776716,-0.9934447821716137));
#7844=FACE_BOUND('',#7845,.T.);
#7845=EDGE_LOOP('',(#7846,#7847,#7848));
#7846=ORIENTED_EDGE('',*,*,#7849,.T.);
#7847=ORIENTED_EDGE('',*,*,#7850,.T.);
#7848=ORIENTED_EDGE('',*,*,#7851,.T.);
#7849=EDGE_CURVE('',#472,#488,#7852,.F.);
#7850=EDGE_CURVE('',#488,#486,#7853,.T.);
#7851=EDGE_CURVE('',#486,#472,#7854,.T.);
#7852=LINE('',#471,#7855);
#7853=LINE('',#487,#7856);
#7854=LINE('',#485,#7857);
#7855=VECTOR('',#7858,1.0);
#7856=VECTOR('',#7859,1.0);
#7857=VECTOR('',#7860,1.0);
#7858=DIRECTION('',(0,-0.1143130122776716,-0.9934447821716137));
#7859=DIRECTION('',(0,0.9935326726564037,-0.1135465911607361));
#7860=DIRECTION('',(0,0.04626664411213993,0.9989291254351336));
#7861=STYLED_ITEM('',(#18),#7862);
#7862=FACE_SURFACE('',(#7867),#7863,.T.);
#7863=PLANE('',#7864);
#7864=AXIS2_PLACEMENT_3D('',#485,#7865,#7866);
#7865=DIRECTION('',(1,0,0));
#7866=DIRECTION('',(0,-0.9935326726564037,0.1135465911607361));
#7867=FACE_BOUND('',#7868,.T.);
#7868=EDGE_LOOP('',(#7869,#7870,#7871));
#7869=ORIENTED_EDGE('',*,*,#7872,.T.);
#7870=ORIENTED_EDGE('',*,*,#7873,.T.);
#7871=ORIENTED_EDGE('',*,*,#7874,.T.);
#7872=EDGE_CURVE('',#486,#488,#7875,.F.);
#7873=EDGE_CURVE('',#488,#490,#7876,.T.);
#7874=EDGE_CURVE('',#490,#486,#7877,.T.);
#7875=LINE('',#485,#7878);
#7876=LINE('',#487,#7879);
#7877=LINE('',#489,#7880);
#7878=VECTOR('',#7881,1.0);
#7879=VECTOR('',#7882,1.0);
#7880=VECTOR('',#7883,1.0);
#7881=DIRECTION('',(0,-0.9935326726564037,0.1135465911607361));
#7882=DIRECTION('',(0,0.9773446066457349,-0.21165424602519528));
#7883=DIRECTION('',(0,0.031234752377724675,0.9995120760870786));
#7884=STYLED_ITEM('',(#18),#7885);
#7885=FACE_SURFACE('',(#7890),#7886,.T.);
#7886=PLANE('',#7887);
#7887=AXIS2_PLACEMENT_3D('',#487,#7888,#7889);
#7888=DIRECTION('',(1,0,0));
#7889=DIRECTION('',(0,-0.035272155667620576,-0.9993777439159623));
#7890=FACE_BOUND('',#7891,.T.);
#7891=EDGE_LOOP('',(#7892,#7893,#7894));
#7892=ORIENTED_EDGE('',*,*,#7895,.T.);
#7893=ORIENTED_EDGE('',*,*,#7896,.T.);
#7894=ORIENTED_EDGE('',*,*,#7897,.T.);
#7895=EDGE_CURVE('',#488,#492,#7898,.F.);
#7896=EDGE_CURVE('',#492,#490,#7899,.T.);
#7897=EDGE_CURVE('',#490,#488,#7900,.T.);
#7898=LINE('',#487,#7901);
#7899=LINE('',#491,#7902);
#7900=LINE('',#489,#7903);
#7901=VECTOR('',#7904,1.0);
#7902=VECTOR('',#7905,1.0);
#7903=VECTOR('',#7906,1.0);
#7904=DIRECTION('',(0,-0.035272155667620576,-0.9993777439159623));
#7905=DIRECTION('',(0,0.9985651258798047,0.05355081116705408));
#7906=DIRECTION('',(0,-0.9773446066457349,0.21165424602519528));
#7907=STYLED_ITEM('',(#18),#7908);
#7908=FACE_SURFACE('',(#7913),#7909,.T.);
#7909=PLANE('',#7910);
#7910=AXIS2_PLACEMENT_3D('',#489,#7911,#7912);
#7911=DIRECTION('',(1,0,0));
#7912=DIRECTION('',(0,-0.9985651258798047,-0.05355081116705408));
#7913=FACE_BOUND('',#7914,.T.);
#7914=EDGE_LOOP('',(#7915,#7916,#7917));
#7915=ORIENTED_EDGE('',*,*,#7918,.T.);
#7916=ORIENTED_EDGE('',*,*,#7919,.T.);
#7917=ORIENTED_EDGE('',*,*,#7920,.T.);
#7918=EDGE_CURVE('',#490,#492,#7921,.F.);
#7919=EDGE_CURVE('',#492,#494,#7922,.T.);
#7920=EDGE_CURVE('',#494,#490,#7923,.T.);
#7921=LINE('',#489,#7924);
#7922=LINE('',#491,#7925);
#7923=LINE('',#493,#7926);
#7924=VECTOR('',#7927,1.0);
#7925=VECTOR('',#7928,1.0);
#7926=VECTOR('',#7929,1.0);
#7927=DIRECTION('',(0,-0.9985651258798047,-0.05355081116705408));
#7928=DIRECTION('',(0,0.13979027774953187,-0.9901811340591724));
#7929=DIRECTION('',(0,0.9483718978288427,0.31716043796242815));
#7930=STYLED_ITEM('',(#18),#7931);
#7931=FACE_SURFACE('',(#7936),#7932,.T.);
#7932=PLANE('',#7933);
#7933=AXIS2_PLACEMENT_3D('',#489,#7934,#7935);
#7934=DIRECTION('',(1,0,0));
#7935=DIRECTION('',(0,-0.9483718978288427,-0.31716043796242815));
#7936=FACE_BOUND('',#7937,.T.);
#7937=EDGE_LOOP('',(#7938,#7939,#7940));
#7938=ORIENTED_EDGE('',*,*,#7941,.T.);
#7939=ORIENTED_EDGE('',*,*,#7942,.T.);
#7940=ORIENTED_EDGE('',*,*,#7943,.T.);
#7941=EDGE_CURVE('',#490,#494,#7944,.F.);
#7942=EDGE_CURVE('',#494,#496,#7945,.T.);
#7943=EDGE_CURVE('',#496,#490,#7946,.T.);
#7944=LINE('',#489,#7947);
#7945=LINE('',#493,#7948);
#7946=LINE('',#495,#7949);
#7947=VECTOR('',#7950,1.0);
#7948=VECTOR('',#7951,1.0);
#7949=VECTOR('',#7952,1.0);
#7950=DIRECTION('',(0,-0.9483718978288427,-0.31716043796242815));
#7951=DIRECTION('',(0,0.9754410020677076,0.22026087143463904));
#7952=DIRECTION('',(0,-0.15437688027360624,0.9880120337511018));
#7953=STYLED_ITEM('',(#18),#7954);
#7954=FACE_SURFACE('',(#7959),#7955,.T.);
#7955=PLANE('',#7956);
#7956=AXIS2_PLACEMENT_3D('',#495,#7957,#7958);
#7957=DIRECTION('',(1,0,0));
#7958=DIRECTION('',(0,-0.9754410020677076,-0.22026087143463904));
#7959=FACE_BOUND('',#7960,.T.);
#7960=EDGE_LOOP('',(#7961,#7962,#7963));
#7961=ORIENTED_EDGE('',*,*,#7964,.T.);
#7962=ORIENTED_EDGE('',*,*,#7965,.T.);
#7963=ORIENTED_EDGE('',*,*,#7966,.T.);
#7964=EDGE_CURVE('',#496,#494,#7967,.F.);
#7965=EDGE_CURVE('',#494,#498,#7968,.T.);
#7966=EDGE_CURVE('',#498,#496,#7969,.T.);
#7967=LINE('',#495,#7970);
#7968=LINE('',#493,#7971);
#7969=LINE('',#497,#7972);
#7970=VECTOR('',#7973,1.0);
#7971=VECTOR('',#7974,1.0);
#7972=VECTOR('',#7975,1.0);
#7973=DIRECTION('',(0,-0.9754410020677076,-0.22026087143463904));
#7974=DIRECTION('',(0,0.3022438607339279,-0.9532306376993187));
#7975=DIRECTION('',(0,0.8816645083703726,0.471876779127803));
#7976=STYLED_ITEM('',(#18),#7977);
#7977=FACE_SURFACE('',(#7982),#7978,.T.);
#7978=PLANE('',#7979);
#7979=AXIS2_PLACEMENT_3D('',#495,#7980,#7981);
#7980=DIRECTION('',(1,0,0));
#7981=DIRECTION('',(0,-0.8816645083703726,-0.471876779127803));
#7982=FACE_BOUND('',#7983,.T.);
#7983=EDGE_LOOP('',(#7984,#7985,#7986));
#7984=ORIENTED_EDGE('',*,*,#7987,.T.);
#7985=ORIENTED_EDGE('',*,*,#7988,.T.);
#7986=ORIENTED_EDGE('',*,*,#7989,.T.);
#7987=EDGE_CURVE('',#496,#498,#7990,.F.);
#7988=EDGE_CURVE('',#498,#500,#7991,.T.);
#7989=EDGE_CURVE('',#500,#496,#7992,.T.);
#7990=LINE('',#495,#7993);
#7991=LINE('',#497,#7994);
#7992=LINE('',#499,#7995);
#7993=VECTOR('',#7996,1.0);
#7994=VECTOR('',#7997,1.0);
#7995=VECTOR('',#7998,1.0);
#7996=DIRECTION('',(0,-0.8816645083703726,-0.471876779127803));
#7997=DIRECTION('',(0,0.924743226053802,0.38059159983847113));
#7998=DIRECTION('',(0,-0.3070027799227693,0.9517086177605474));
#7999=STYLED_ITEM('',(#18),#8000);
#8000=FACE_SURFACE('',(#8005),#8001,.T.);
#8001=PLANE('',#8002);
#8002=AXIS2_PLACEMENT_3D('',#499,#8003,#8004);
#8003=DIRECTION('',(1,0,0));
#8004=DIRECTION('',(0,-0.924743226053802,-0.38059159983847113));
#8005=FACE_BOUND('',#8006,.T.);
#8006=EDGE_LOOP('',(#8007,#8008,#8009));
#8007=ORIENTED_EDGE('',*,*,#8010,.T.);
#8008=ORIENTED_EDGE('',*,*,#8011,.T.);
#8009=ORIENTED_EDGE('',*,*,#8012,.T.);
#8010=EDGE_CURVE('',#500,#498,#8013,.F.);
#8011=EDGE_CURVE('',#498,#502,#8014,.T.);
#8012=EDGE_CURVE('',#502,#500,#8015,.T.);
#8013=LINE('',#499,#8016);
#8014=LINE('',#497,#8017);
#8015=LINE('',#501,#8018);
#8016=VECTOR('',#8019,1.0);
#8017=VECTOR('',#8020,1.0);
#8018=VECTOR('',#8021,1.0);
#8019=DIRECTION('',(0,-0.924743226053802,-0.38059159983847113));
#8020=DIRECTION('',(0,0.3819677584465467,-0.9241756497048169));
#8021=DIRECTION('',(0,0.1427687051412185,0.9897560794621572));
#8022=STYLED_ITEM('',(#18),#8023);
#8023=FACE_SURFACE('',(#8028),#8024,.T.);
#8024=PLANE('',#8025);
#8025=AXIS2_PLACEMENT_3D('',#499,#8026,#8027);
#8026=DIRECTION('',(1,0,0));
#8027=DIRECTION('',(0,-0.1427687051412185,-0.9897560794621572));
#8028=FACE_BOUND('',#8029,.T.);
#8029=EDGE_LOOP('',(#8030,#8031,#8032));
#8030=ORIENTED_EDGE('',*,*,#8033,.T.);
#8031=ORIENTED_EDGE('',*,*,#8034,.T.);
#8032=ORIENTED_EDGE('',*,*,#8035,.T.);
#8033=EDGE_CURVE('',#500,#502,#8036,.F.);
#8034=EDGE_CURVE('',#502,#504,#8037,.T.);
#8035=EDGE_CURVE('',#504,#500,#8038,.T.);
#8036=LINE('',#499,#8039);
#8037=LINE('',#501,#8040);
#8038=LINE('',#503,#8041);
#8039=VECTOR('',#8042,1.0);
#8040=VECTOR('',#8043,1.0);
#8041=VECTOR('',#8044,1.0);
#8042=DIRECTION('',(0,-0.1427687051412185,-0.9897560794621572));
#8043=DIRECTION('',(0,1,0));
#8044=DIRECTION('',(0,-0.3819548619874389,0.9241809797892165));
#8045=STYLED_ITEM('',(#18),#8046);
#8046=FACE_SURFACE('',(#8051),#8047,.T.);
#8047=PLANE('',#8048);
#8048=AXIS2_PLACEMENT_3D('',#479,#8049,#8050);
#8049=DIRECTION('',(1,0,0));
#8050=DIRECTION('',(0,-0.111544427843948,0.9937594480642518));
#8051=FACE_BOUND('',#8052,.T.);
#8052=EDGE_LOOP('',(#8053,#8054,#8055));
#8053=ORIENTED_EDGE('',*,*,#8056,.T.);
#8054=ORIENTED_EDGE('',*,*,#8057,.T.);
#8055=ORIENTED_EDGE('',*,*,#8058,.T.);
#8056=EDGE_CURVE('',#480,#404,#8059,.F.);
#8057=EDGE_CURVE('',#404,#478,#8060,.T.);
#8058=EDGE_CURVE('',#478,#480,#8061,.T.);
#8059=LINE('',#479,#8062);
#8060=LINE('',#403,#8063);
#8061=LINE('',#477,#8064);
#8062=VECTOR('',#8065,1.0);
#8063=VECTOR('',#8066,1.0);
#8064=VECTOR('',#8067,1.0);
#8065=DIRECTION('',(0,-0.111544427843948,0.9937594480642518));
#8066=DIRECTION('',(0,-0.9376216162330758,0.3476574532100162));
#8067=DIRECTION('',(0,0.7552933759455502,-0.65538684473582));
#8068=STYLED_ITEM('',(#18),#8069);
#8069=FACE_SURFACE('',(#8074),#8070,.T.);
#8070=PLANE('',#8071);
#8071=AXIS2_PLACEMENT_3D('',#477,#8072,#8073);
#8072=DIRECTION('',(1,-0,0));
#8073=DIRECTION('',(0,0.9376216162330758,-0.3476574532100162));
#8074=FACE_BOUND('',#8075,.T.);
#8075=EDGE_LOOP('',(#8076,#8077,#8078));
#8076=ORIENTED_EDGE('',*,*,#8079,.T.);
#8077=ORIENTED_EDGE('',*,*,#8080,.T.);
#8078=ORIENTED_EDGE('',*,*,#8081,.T.);
#8079=EDGE_CURVE('',#478,#404,#8082,.F.);
#8080=EDGE_CURVE('',#404,#396,#8083,.T.);
#8081=EDGE_CURVE('',#396,#478,#8084,.T.);
#8082=LINE('',#477,#8085);
#8083=LINE('',#403,#8086);
#8084=LINE('',#395,#8087);
#8085=VECTOR('',#8088,1.0);
#8086=VECTOR('',#8089,1.0);
#8087=VECTOR('',#8090,1.0);
#8088=DIRECTION('',(0,0.9376216162330758,-0.3476574532100162));
#8089=DIRECTION('',(0,-0.1605563395188728,0.9870266773701206));
#8090=DIRECTION('',(0,-0.35410675098966266,-0.9352050090239813));
#8091=STYLED_ITEM('',(#18),#8092);
#8092=FACE_SURFACE('',(#8097),#8093,.T.);
#8093=PLANE('',#8094);
#8094=AXIS2_PLACEMENT_3D('',#425,#8095,#8096);
#8095=DIRECTION('',(0,0,-1));
#8096=DIRECTION('',(-1,0,0));
#8097=FACE_BOUND('',#8098,.T.);
#8098=EDGE_LOOP('',(#8099,#8100,#8101));
#8099=ORIENTED_EDGE('',*,*,#8102,.T.);
#8100=ORIENTED_EDGE('',*,*,#8103,.T.);
#8101=ORIENTED_EDGE('',*,*,#8104,.T.);
#8102=EDGE_CURVE('',#426,#416,#8105,.F.);
#8103=EDGE_CURVE('',#416,#506,#8106,.T.);
#8104=EDGE_CURVE('',#506,#426,#8107,.T.);
#8105=LINE('',#425,#8108);
#8106=LINE('',#415,#8109);
#8107=LINE('',#505,#8110);
#8108=VECTOR('',#8111,1.0);
#8109=VECTOR('',#8112,1.0);
#8110=VECTOR('',#8113,1.0);
#8111=DIRECTION('',(-1,0,0));
#8112=DIRECTION('',(0.9000160203636637,0.4358568148930948,0));
#8113=DIRECTION('',(0,-1,0));
#8114=STYLED_ITEM('',(#18),#8115);
#8115=FACE_SURFACE('',(#8120),#8116,.T.);
#8116=PLANE('',#8117);
#8117=AXIS2_PLACEMENT_3D('',#505,#8118,#8119);
#8118=DIRECTION('',(-0,0,-1));
#8119=DIRECTION('',(-0.9000160203636637,-0.4358568148930948,0));
#8120=FACE_BOUND('',#8121,.T.);
#8121=EDGE_LOOP('',(#8122,#8123,#8124));
#8122=ORIENTED_EDGE('',*,*,#8125,.T.);
#8123=ORIENTED_EDGE('',*,*,#8126,.T.);
#8124=ORIENTED_EDGE('',*,*,#8127,.T.);
#8125=EDGE_CURVE('',#506,#416,#8128,.F.);
#8126=EDGE_CURVE('',#416,#478,#8129,.T.);
#8127=EDGE_CURVE('',#478,#506,#8130,.T.);
#8128=LINE('',#505,#8131);
#8129=LINE('',#415,#8132);
#8130=LINE('',#477,#8133);
#8131=VECTOR('',#8134,1.0);
#8132=VECTOR('',#8135,1.0);
#8133=VECTOR('',#8136,1.0);
#8134=DIRECTION('',(-0.9000160203636637,-0.4358568148930948,0));
#8135=DIRECTION('',(0,1,0));
#8136=DIRECTION('',(1,0,0));
#8137=STYLED_ITEM('',(#18),#8138);
#8138=FACE_SURFACE('',(#8143),#8139,.T.);
#8139=PLANE('',#8140);
#8140=AXIS2_PLACEMENT_3D('',#207,#8141,#8142);
#8141=DIRECTION('',(0,0.935056260256882,-0.3544993514160697));
#8142=DIRECTION('',(0,-0.3544993514160697,-0.935056260256882));
#8143=FACE_BOUND('',#8144,.T.);
#8144=EDGE_LOOP('',(#8145,#8146,#8147));
#8145=ORIENTED_EDGE('',*,*,#8148,.T.);
#8146=ORIENTED_EDGE('',*,*,#8149,.T.);
#8147=ORIENTED_EDGE('',*,*,#8150,.T.);
#8148=EDGE_CURVE('',#208,#212,#8151,.F.);
#8149=EDGE_CURVE('',#212,#396,#8152,.T.);
#8150=EDGE_CURVE('',#396,#208,#8153,.T.);
#8151=LINE('',#207,#8154);
#8152=LINE('',#211,#8155);
#8153=LINE('',#395,#8156);
#8154=VECTOR('',#8157,1.0);
#8155=VECTOR('',#8158,1.0);
#8156=VECTOR('',#8159,1.0);
#8157=DIRECTION('',(0,-0.3544993514160697,-0.935056260256882));
#8158=DIRECTION('',(-0.9158611461365045,0.14232977271040265,0.3754205599028022));
#8159=DIRECTION('',(1,0,0));
#8160=STYLED_ITEM('',(#18),#8161);
#8161=FACE_SURFACE('',(#8166),#8162,.T.);
#8162=PLANE('',#8163);
#8163=AXIS2_PLACEMENT_3D('',#395,#8164,#8165);
#8164=DIRECTION('',(0.00031837446294705185,0.9353134222593713,-0.35382015315575804));
#8165=DIRECTION('',(0.9158611461365045,-0.14232977271040265,-0.3754205599028022));
#8166=FACE_BOUND('',#8167,.T.);
#8167=EDGE_LOOP('',(#8168,#8169,#8170));
#8168=ORIENTED_EDGE('',*,*,#8171,.T.);
#8169=ORIENTED_EDGE('',*,*,#8172,.T.);
#8170=ORIENTED_EDGE('',*,*,#8173,.T.);
#8171=EDGE_CURVE('',#396,#212,#8174,.F.);
#8172=EDGE_CURVE('',#212,#506,#8175,.T.);
#8173=EDGE_CURVE('',#506,#396,#8176,.T.);
#8174=LINE('',#395,#8177);
#8175=LINE('',#211,#8178);
#8176=LINE('',#505,#8179);
#8177=VECTOR('',#8180,1.0);
#8178=VECTOR('',#8181,1.0);
#8179=VECTOR('',#8182,1.0);
#8180=DIRECTION('',(0.9158611461365045,-0.14232977271040265,-0.3754205599028022));
#8181=DIRECTION('',(-0.6802468120615396,-0.25914164269011053,-0.685645596284249));
#8182=DIRECTION('',(-0.6934476473731456,0.25513639856181775,0.6738217705606986));
#8183=STYLED_ITEM('',(#18),#8184);
#8184=FACE_SURFACE('',(#8189),#8185,.T.);
#8185=PLANE('',#8186);
#8186=AXIS2_PLACEMENT_3D('',#395,#8187,#8188);
#8187=DIRECTION('',(0,0.9352050090239814,-0.35410675098966266));
#8188=DIRECTION('',(0.6934476473731456,-0.25513639856181775,-0.6738217705606986));
#8189=FACE_BOUND('',#8190,.T.);
#8190=EDGE_LOOP('',(#8191,#8192,#8193));
#8191=ORIENTED_EDGE('',*,*,#8194,.T.);
#8192=ORIENTED_EDGE('',*,*,#8195,.T.);
#8193=ORIENTED_EDGE('',*,*,#8196,.T.);
#8194=EDGE_CURVE('',#396,#506,#8197,.F.);
#8195=EDGE_CURVE('',#506,#478,#8198,.T.);
#8196=EDGE_CURVE('',#478,#396,#8199,.T.);
#8197=LINE('',#395,#8200);
#8198=LINE('',#505,#8201);
#8199=LINE('',#477,#8202);
#8200=VECTOR('',#8203,1.0);
#8201=VECTOR('',#8204,1.0);
#8202=VECTOR('',#8205,1.0);
#8203=DIRECTION('',(0.6934476473731456,-0.25513639856181775,-0.6738217705606986));
#8204=DIRECTION('',(-1,0,0));
#8205=DIRECTION('',(0,0.35410675098966266,0.9352050090239813));
#8206=STYLED_ITEM('',(#18),#8207);
#8207=FACE_SURFACE('',(#8212),#8208,.T.);
#8208=PLANE('',#8209);
#8209=AXIS2_PLACEMENT_3D('',#211,#8210,#8211);
#8210=DIRECTION('',(0.7098961243877265,0,-0.7043063911248324));
#8211=DIRECTION('',(0,-1,0));
#8212=FACE_BOUND('',#8213,.T.);
#8213=EDGE_LOOP('',(#8214,#8215,#8216));
#8214=ORIENTED_EDGE('',*,*,#8217,.T.);
#8215=ORIENTED_EDGE('',*,*,#8218,.T.);
#8216=ORIENTED_EDGE('',*,*,#8219,.T.);
#8217=EDGE_CURVE('',#212,#210,#8220,.F.);
#8218=EDGE_CURVE('',#210,#506,#8221,.T.);
#8219=EDGE_CURVE('',#506,#212,#8222,.T.);
#8220=LINE('',#211,#8223);
#8221=LINE('',#209,#8224);
#8222=LINE('',#505,#8225);
#8223=VECTOR('',#8226,1.0);
#8224=VECTOR('',#8227,1.0);
#8225=VECTOR('',#8228,1.0);
#8226=DIRECTION('',(0,-1,0));
#8227=DIRECTION('',(-0.5034766562748466,0.6992731337150639,-0.5074725027532174));
#8228=DIRECTION('',(0.6802468120615396,0.25914164269011053,0.685645596284249));
#8229=STYLED_ITEM('',(#18),#8230);
#8230=FACE_SURFACE('',(#8235),#8231,.T.);
#8231=PLANE('',#8232);
#8232=AXIS2_PLACEMENT_3D('',#505,#8233,#8234);
#8233=DIRECTION('',(0.7098961243877266,0,-0.7043063911248324));
#8234=DIRECTION('',(0.5034766562748466,-0.6992731337150639,0.5074725027532174));
#8235=FACE_BOUND('',#8236,.T.);
#8236=EDGE_LOOP('',(#8237,#8238,#8239));
#8237=ORIENTED_EDGE('',*,*,#8240,.T.);
#8238=ORIENTED_EDGE('',*,*,#8241,.T.);
#8239=ORIENTED_EDGE('',*,*,#8242,.T.);
#8240=EDGE_CURVE('',#506,#210,#8243,.F.);
#8241=EDGE_CURVE('',#210,#426,#8244,.T.);
#8242=EDGE_CURVE('',#426,#506,#8245,.T.);
#8243=LINE('',#505,#8246);
#8244=LINE('',#209,#8247);
#8245=LINE('',#425,#8248);
#8246=VECTOR('',#8249,1.0);
#8247=VECTOR('',#8250,1.0);
#8248=VECTOR('',#8251,1.0);
#8249=DIRECTION('',(0.5034766562748466,-0.6992731337150639,0.5074725027532174));
#8250=DIRECTION('',(-0.6995036149154548,0.11658393581924195,-0.7050552309068461));
#8251=DIRECTION('',(0,1,0));
#8252=STYLED_ITEM('',(#18),#8253);
#8253=FACE_SURFACE('',(#8258),#8254,.T.);
#8254=PLANE('',#8255);
#8255=AXIS2_PLACEMENT_3D('',#405,#8256,#8257);
#8256=DIRECTION('',(-0,0.9937594480642519,0.11154442784394801));
#8257=DIRECTION('',(1,0,0));
#8258=FACE_BOUND('',#8259,.T.);
#8259=EDGE_LOOP('',(#8260,#8261,#8262));
#8260=ORIENTED_EDGE('',*,*,#8263,.T.);
#8261=ORIENTED_EDGE('',*,*,#8264,.T.);
#8262=ORIENTED_EDGE('',*,*,#8265,.T.);
#8263=EDGE_CURVE('',#406,#404,#8266,.F.);
#8264=EDGE_CURVE('',#404,#440,#8267,.T.);
#8265=EDGE_CURVE('',#440,#406,#8268,.T.);
#8266=LINE('',#405,#8269);
#8267=LINE('',#403,#8270);
#8268=LINE('',#439,#8271);
#8269=VECTOR('',#8272,1.0);
#8270=VECTOR('',#8273,1.0);
#8271=VECTOR('',#8274,1.0);
#8272=DIRECTION('',(1,0,0));
#8273=DIRECTION('',(-0.9953224685404669,0.010776129088528794,-0.0960055136978008));
#8274=DIRECTION('',(0,-0.111544427843948,0.9937594480642518));
#8275=STYLED_ITEM('',(#18),#8276);
#8276=FACE_SURFACE('',(#8281),#8277,.T.);
#8277=PLANE('',#8278);
#8278=AXIS2_PLACEMENT_3D('',#439,#8279,#8280);
#8279=DIRECTION('',(-0,0.9937594480642519,0.11154442784394801));
#8280=DIRECTION('',(0.9953224685404669,-0.010776129088528794,0.0960055136978008));
#8281=FACE_BOUND('',#8282,.T.);
#8282=EDGE_LOOP('',(#8283,#8284,#8285));
#8283=ORIENTED_EDGE('',*,*,#8286,.T.);
#8284=ORIENTED_EDGE('',*,*,#8287,.T.);
#8285=ORIENTED_EDGE('',*,*,#8288,.T.);
#8286=EDGE_CURVE('',#440,#404,#8289,.F.);
#8287=EDGE_CURVE('',#404,#480,#8290,.T.);
#8288=EDGE_CURVE('',#480,#440,#8291,.T.);
#8289=LINE('',#439,#8292);
#8290=LINE('',#403,#8293);
#8291=LINE('',#479,#8294);
#8292=VECTOR('',#8295,1.0);
#8293=VECTOR('',#8296,1.0);
#8294=VECTOR('',#8297,1.0);
#8295=DIRECTION('',(0.9953224685404669,-0.010776129088528794,0.0960055136978008));
#8296=DIRECTION('',(0,0.111544427843948,-0.9937594480642518));
#8297=DIRECTION('',(-1,0,0));
#8298=STYLED_ITEM('',(#18),#8299);
#8299=FACE_SURFACE('',(#8304),#8300,.T.);
#8300=PLANE('',#8301);
#8301=AXIS2_PLACEMENT_3D('',#439,#8302,#8303);
#8302=DIRECTION('',(-0,0.9995411791453813,0.03028912664077022));
#8303=DIRECTION('',(1,0,0));
#8304=FACE_BOUND('',#8305,.T.);
#8305=EDGE_LOOP('',(#8306,#8307,#8308));
#8306=ORIENTED_EDGE('',*,*,#8309,.T.);
#8307=ORIENTED_EDGE('',*,*,#8310,.T.);
#8308=ORIENTED_EDGE('',*,*,#8311,.T.);
#8309=EDGE_CURVE('',#440,#480,#8312,.F.);
#8310=EDGE_CURVE('',#480,#444,#8313,.T.);
#8311=EDGE_CURVE('',#444,#440,#8314,.T.);
#8312=LINE('',#439,#8315);
#8313=LINE('',#479,#8316);
#8314=LINE('',#443,#8317);
#8315=VECTOR('',#8318,1.0);
#8316=VECTOR('',#8319,1.0);
#8317=VECTOR('',#8320,1.0);
#8318=DIRECTION('',(1,0,0));
#8319=DIRECTION('',(-0.9952818741178853,0.00293882443145056,-0.096981206237865));
#8320=DIRECTION('',(0,-0.03028912664077022,0.9995411791453814));
#8321=STYLED_ITEM('',(#18),#8322);
#8322=FACE_SURFACE('',(#8327),#8323,.T.);
#8323=PLANE('',#8324);
#8324=AXIS2_PLACEMENT_3D('',#443,#8325,#8326);
#8325=DIRECTION('',(-0,0.9995411791453813,0.03028912664077022));
#8326=DIRECTION('',(0.9952818741178853,-0.00293882443145056,0.096981206237865));
#8327=FACE_BOUND('',#8328,.T.);
#8328=EDGE_LOOP('',(#8329,#8330,#8331));
#8329=ORIENTED_EDGE('',*,*,#8332,.T.);
#8330=ORIENTED_EDGE('',*,*,#8333,.T.);
#8331=ORIENTED_EDGE('',*,*,#8334,.T.);
#8332=EDGE_CURVE('',#444,#480,#8335,.F.);
#8333=EDGE_CURVE('',#480,#482,#8336,.T.);
#8334=EDGE_CURVE('',#482,#444,#8337,.T.);
#8335=LINE('',#443,#8338);
#8336=LINE('',#479,#8339);
#8337=LINE('',#481,#8340);
#8338=VECTOR('',#8341,1.0);
#8339=VECTOR('',#8342,1.0);
#8340=VECTOR('',#8343,1.0);
#8341=DIRECTION('',(0.9952818741178853,-0.00293882443145056,0.096981206237865));
#8342=DIRECTION('',(0,0.03028912664077022,-0.9995411791453814));
#8343=DIRECTION('',(-1,0,0));
#8344=STYLED_ITEM('',(#18),#8345);
#8345=FACE_SURFACE('',(#8350),#8346,.T.);
#8346=PLANE('',#8347);
#8347=AXIS2_PLACEMENT_3D('',#443,#8348,#8349);
#8348=DIRECTION('',(0,0.9975095892825592,-0.07053098106038401));
#8349=DIRECTION('',(1,0,0));
#8350=FACE_BOUND('',#8351,.T.);
#8351=EDGE_LOOP('',(#8352,#8353,#8354));
#8352=ORIENTED_EDGE('',*,*,#8355,.T.);
#8353=ORIENTED_EDGE('',*,*,#8356,.T.);
#8354=ORIENTED_EDGE('',*,*,#8357,.T.);
#8355=EDGE_CURVE('',#444,#482,#8358,.F.);
#8356=EDGE_CURVE('',#482,#450,#8359,.T.);
#8357=EDGE_CURVE('',#450,#444,#8360,.T.);
#8358=LINE('',#443,#8361);
#8359=LINE('',#481,#8362);
#8360=LINE('',#449,#8363);
#8361=VECTOR('',#8364,1.0);
#8362=VECTOR('',#8365,1.0);
#8363=VECTOR('',#8366,1.0);
#8364=DIRECTION('',(1,0,0));
#8365=DIRECTION('',(-0.9952627725787908,-0.006857125401625642,-0.09697934496584693));
#8366=DIRECTION('',(0,0.07053098106038401,0.9975095892825591));
#8367=STYLED_ITEM('',(#18),#8368);
#8368=FACE_SURFACE('',(#8373),#8369,.T.);
#8369=PLANE('',#8370);
#8370=AXIS2_PLACEMENT_3D('',#449,#8371,#8372);
#8371=DIRECTION('',(0,0.9975095892825592,-0.07053098106038401));
#8372=DIRECTION('',(0.9952627725787908,0.006857125401625642,0.09697934496584693));
#8373=FACE_BOUND('',#8374,.T.);
#8374=EDGE_LOOP('',(#8375,#8376,#8377));
#8375=ORIENTED_EDGE('',*,*,#8378,.T.);
#8376=ORIENTED_EDGE('',*,*,#8379,.T.);
#8377=ORIENTED_EDGE('',*,*,#8380,.T.);
#8378=EDGE_CURVE('',#450,#482,#8381,.F.);
#8379=EDGE_CURVE('',#482,#484,#8382,.T.);
#8380=EDGE_CURVE('',#484,#450,#8383,.T.);
#8381=LINE('',#449,#8384);
#8382=LINE('',#481,#8385);
#8383=LINE('',#483,#8386);
#8384=VECTOR('',#8387,1.0);
#8385=VECTOR('',#8388,1.0);
#8386=VECTOR('',#8389,1.0);
#8387=DIRECTION('',(0.9952627725787908,0.006857125401625642,0.09697934496584693));
#8388=DIRECTION('',(0,-0.07053098106038401,-0.9975095892825591));
#8389=DIRECTION('',(-1,0,0));
#8390=STYLED_ITEM('',(#18),#8391);
#8391=FACE_SURFACE('',(#8396),#8392,.T.);
#8392=PLANE('',#8393);
#8393=AXIS2_PLACEMENT_3D('',#449,#8394,#8395);
#8394=DIRECTION('',(0,0.9934447821716137,-0.11431301227767153));
#8395=DIRECTION('',(1,0,0));
#8396=FACE_BOUND('',#8397,.T.);
#8397=EDGE_LOOP('',(#8398,#8399,#8400));
#8398=ORIENTED_EDGE('',*,*,#8401,.T.);
#8399=ORIENTED_EDGE('',*,*,#8402,.T.);
#8400=ORIENTED_EDGE('',*,*,#8403,.T.);
#8401=EDGE_CURVE('',#450,#484,#8404,.F.);
#8402=EDGE_CURVE('',#484,#454,#8405,.T.);
#8403=EDGE_CURVE('',#454,#450,#8406,.T.);
#8404=LINE('',#449,#8407);
#8405=LINE('',#483,#8408);
#8406=LINE('',#453,#8409);
#8407=VECTOR('',#8410,1.0);
#8408=VECTOR('',#8411,1.0);
#8409=VECTOR('',#8412,1.0);
#8410=DIRECTION('',(1,0,0));
#8411=DIRECTION('',(-0.21405659398700153,-0.11166338072156572,-0.9704179841576075));
#8412=DIRECTION('',(0,0.1143130122776715,0.9934447821716137));
#8413=STYLED_ITEM('',(#18),#8414);
#8414=FACE_SURFACE('',(#8419),#8415,.T.);
#8415=PLANE('',#8416);
#8416=AXIS2_PLACEMENT_3D('',#453,#8417,#8418);
#8417=DIRECTION('',(0,0.9934447821716137,-0.11431301227767153));
#8418=DIRECTION('',(0.21405659398700153,0.11166338072156572,0.9704179841576075));
#8419=FACE_BOUND('',#8420,.T.);
#8420=EDGE_LOOP('',(#8421,#8422,#8423));
#8421=ORIENTED_EDGE('',*,*,#8424,.T.);
#8422=ORIENTED_EDGE('',*,*,#8425,.T.);
#8423=ORIENTED_EDGE('',*,*,#8426,.T.);
#8424=EDGE_CURVE('',#454,#484,#8427,.F.);
#8425=EDGE_CURVE('',#484,#486,#8428,.T.);
#8426=EDGE_CURVE('',#486,#454,#8429,.T.);
#8427=LINE('',#453,#8430);
#8428=LINE('',#483,#8431);
#8429=LINE('',#485,#8432);
#8430=VECTOR('',#8433,1.0);
#8431=VECTOR('',#8434,1.0);
#8432=VECTOR('',#8435,1.0);
#8433=DIRECTION('',(0.21405659398700153,0.11166338072156572,0.9704179841576075));
#8434=DIRECTION('',(0,-0.1143130122776715,-0.9934447821716137));
#8435=DIRECTION('',(-1,0,0));
#8436=STYLED_ITEM('',(#18),#8437);
#8437=FACE_SURFACE('',(#8442),#8438,.T.);
#8438=PLANE('',#8439);
#8439=AXIS2_PLACEMENT_3D('',#453,#8440,#8441);
#8440=DIRECTION('',(0,0.9995120760870787,-0.031234752377724682));
#8441=DIRECTION('',(1,0,0));
#8442=FACE_BOUND('',#8443,.T.);
#8443=EDGE_LOOP('',(#8444,#8445,#8446));
#8444=ORIENTED_EDGE('',*,*,#8447,.T.);
#8445=ORIENTED_EDGE('',*,*,#8448,.T.);
#8446=ORIENTED_EDGE('',*,*,#8449,.T.);
#8447=EDGE_CURVE('',#454,#486,#8450,.F.);
#8448=EDGE_CURVE('',#486,#458,#8451,.T.);
#8449=EDGE_CURVE('',#458,#454,#8452,.T.);
#8450=LINE('',#453,#8453);
#8451=LINE('',#485,#8454);
#8452=LINE('',#457,#8455);
#8453=VECTOR('',#8456,1.0);
#8454=VECTOR('',#8457,1.0);
#8455=VECTOR('',#8458,1.0);
#8456=DIRECTION('',(1,0,0));
#8457=DIRECTION('',(-0.9995038840729195,-0.0009837636654262119,-0.03148043729363528));
#8458=DIRECTION('',(0,0.031234752377724675,0.9995120760870786));
#8459=STYLED_ITEM('',(#18),#8460);
#8460=FACE_SURFACE('',(#8465),#8461,.T.);
#8461=PLANE('',#8462);
#8462=AXIS2_PLACEMENT_3D('',#457,#8463,#8464);
#8463=DIRECTION('',(0,0.9995120760870787,-0.031234752377724682));
#8464=DIRECTION('',(0.9995038840729195,0.0009837636654262119,0.03148043729363528));
#8465=FACE_BOUND('',#8466,.T.);
#8466=EDGE_LOOP('',(#8467,#8468,#8469));
#8467=ORIENTED_EDGE('',*,*,#8470,.T.);
#8468=ORIENTED_EDGE('',*,*,#8471,.T.);
#8469=ORIENTED_EDGE('',*,*,#8472,.T.);
#8470=EDGE_CURVE('',#458,#486,#8473,.F.);
#8471=EDGE_CURVE('',#486,#490,#8474,.T.);
#8472=EDGE_CURVE('',#490,#458,#8475,.T.);
#8473=LINE('',#457,#8476);
#8474=LINE('',#485,#8477);
#8475=LINE('',#489,#8478);
#8476=VECTOR('',#8479,1.0);
#8477=VECTOR('',#8480,1.0);
#8478=VECTOR('',#8481,1.0);
#8479=DIRECTION('',(0.9995038840729195,0.0009837636654262119,0.03148043729363528));
#8480=DIRECTION('',(0,-0.031234752377724675,-0.9995120760870786));
#8481=DIRECTION('',(-1,0,0));
#8482=STYLED_ITEM('',(#18),#8483);
#8483=FACE_SURFACE('',(#8488),#8484,.T.);
#8484=PLANE('',#8485);
#8485=AXIS2_PLACEMENT_3D('',#457,#8486,#8487);
#8486=DIRECTION('',(-0,0.988012033751102,0.15437688027360627));
#8487=DIRECTION('',(1,0,0));
#8488=FACE_BOUND('',#8489,.T.);
#8489=EDGE_LOOP('',(#8490,#8491,#8492));
#8490=ORIENTED_EDGE('',*,*,#8493,.T.);
#8491=ORIENTED_EDGE('',*,*,#8494,.T.);
#8492=ORIENTED_EDGE('',*,*,#8495,.T.);
#8493=EDGE_CURVE('',#458,#490,#8496,.F.);
#8494=EDGE_CURVE('',#490,#496,#8497,.T.);
#8495=EDGE_CURVE('',#496,#458,#8498,.T.);
#8496=LINE('',#457,#8499);
#8497=LINE('',#489,#8500);
#8498=LINE('',#495,#8501);
#8499=VECTOR('',#8502,1.0);
#8500=VECTOR('',#8503,1.0);
#8501=VECTOR('',#8504,1.0);
#8502=DIRECTION('',(1,0,0));
#8503=DIRECTION('',(0,0.15437688027360624,-0.9880120337511018));
#8504=DIRECTION('',(-0.9994922765453701,-0.004918761203471204,0.03148007170221641));
#8505=STYLED_ITEM('',(#18),#8506);
#8506=FACE_SURFACE('',(#8511),#8507,.T.);
#8507=PLANE('',#8508);
#8508=AXIS2_PLACEMENT_3D('',#499,#8509,#8510);
#8509=DIRECTION('',(0,0.9517086177605475,0.30700277992276936));
#8510=DIRECTION('',(-1,0,0));
#8511=FACE_BOUND('',#8512,.T.);
#8512=EDGE_LOOP('',(#8513,#8514,#8515));
#8513=ORIENTED_EDGE('',*,*,#8516,.T.);
#8514=ORIENTED_EDGE('',*,*,#8517,.T.);
#8515=ORIENTED_EDGE('',*,*,#8518,.T.);
#8516=EDGE_CURVE('',#500,#464,#8519,.F.);
#8517=EDGE_CURVE('',#464,#496,#8520,.T.);
#8518=EDGE_CURVE('',#496,#500,#8521,.T.);
#8519=LINE('',#499,#8522);
#8520=LINE('',#463,#8523);
#8521=LINE('',#495,#8524);
#8522=VECTOR('',#8525,1.0);
#8523=VECTOR('',#8526,1.0);
#8524=VECTOR('',#8527,1.0);
#8525=DIRECTION('',(-1,0,0));
#8526=DIRECTION('',(0.999486472933245,-0.009837465284776043,0.03049614238280453));
#8527=DIRECTION('',(0,0.3070027799227693,-0.9517086177605474));
#8528=STYLED_ITEM('',(#18),#8529);
#8529=FACE_SURFACE('',(#8534),#8530,.T.);
#8530=PLANE('',#8531);
#8531=AXIS2_PLACEMENT_3D('',#495,#8532,#8533);
#8532=DIRECTION('',(0,0.9517086177605475,0.30700277992276936));
#8533=DIRECTION('',(-0.999486472933245,0.009837465284776043,-0.03049614238280453));
#8534=FACE_BOUND('',#8535,.T.);
#8535=EDGE_LOOP('',(#8536,#8537,#8538));
#8536=ORIENTED_EDGE('',*,*,#8539,.T.);
#8537=ORIENTED_EDGE('',*,*,#8540,.T.);
#8538=ORIENTED_EDGE('',*,*,#8541,.T.);
#8539=EDGE_CURVE('',#496,#464,#8542,.F.);
#8540=EDGE_CURVE('',#464,#460,#8543,.T.);
#8541=EDGE_CURVE('',#460,#496,#8544,.T.);
#8542=LINE('',#495,#8545);
#8543=LINE('',#463,#8546);
#8544=LINE('',#459,#8547);
#8545=VECTOR('',#8548,1.0);
#8546=VECTOR('',#8549,1.0);
#8547=VECTOR('',#8550,1.0);
#8548=DIRECTION('',(-0.999486472933245,0.009837465284776043,-0.03049614238280453));
#8549=DIRECTION('',(0,-0.3070027799227693,0.9517086177605474));
#8550=DIRECTION('',(1,0,0));
#8551=STYLED_ITEM('',(#18),#8552);
#8552=FACE_SURFACE('',(#8557),#8553,.T.);
#8553=PLANE('',#8554);
#8554=AXIS2_PLACEMENT_3D('',#495,#8555,#8556);
#8555=DIRECTION('',(0,0.988012033751102,0.15437688027360627));
#8556=DIRECTION('',(-1,0,0));
#8557=FACE_BOUND('',#8558,.T.);
#8558=EDGE_LOOP('',(#8559,#8560,#8561));
#8559=ORIENTED_EDGE('',*,*,#8562,.T.);
#8560=ORIENTED_EDGE('',*,*,#8563,.T.);
#8561=ORIENTED_EDGE('',*,*,#8564,.T.);
#8562=EDGE_CURVE('',#496,#460,#8565,.F.);
#8563=EDGE_CURVE('',#460,#458,#8566,.T.);
#8564=EDGE_CURVE('',#458,#496,#8567,.T.);
#8565=LINE('',#495,#8568);
#8566=LINE('',#459,#8569);
#8567=LINE('',#457,#8570);
#8568=VECTOR('',#8571,1.0);
#8569=VECTOR('',#8572,1.0);
#8570=VECTOR('',#8573,1.0);
#8571=DIRECTION('',(-1,0,0));
#8572=DIRECTION('',(0,-0.15437688027360624,0.9880120337511018));
#8573=DIRECTION('',(0.9994922765453701,0.004918761203471204,-0.03148007170221641));
#8574=STYLED_ITEM('',(#18),#8575);
#8575=FACE_SURFACE('',(#8580),#8576,.T.);
#8576=PLANE('',#8577);
#8577=AXIS2_PLACEMENT_3D('',#463,#8578,#8579);
#8578=DIRECTION('',(-0,0.9241809797892167,0.381954861987439));
#8579=DIRECTION('',(1,0,0));
#8580=FACE_BOUND('',#8581,.T.);
#8581=EDGE_LOOP('',(#8582,#8583,#8584));
#8582=ORIENTED_EDGE('',*,*,#8585,.T.);
#8583=ORIENTED_EDGE('',*,*,#8586,.T.);
#8584=ORIENTED_EDGE('',*,*,#8587,.T.);
#8585=EDGE_CURVE('',#464,#500,#8588,.F.);
#8586=EDGE_CURVE('',#500,#470,#8589,.T.);
#8587=EDGE_CURVE('',#470,#464,#8590,.T.);
#8588=LINE('',#463,#8591);
#8589=LINE('',#499,#8592);
#8590=LINE('',#469,#8593);
#8591=VECTOR('',#8594,1.0);
#8592=VECTOR('',#8595,1.0);
#8593=VECTOR('',#8596,1.0);
#8594=DIRECTION('',(1,0,0));
#8595=DIRECTION('',(-0.8357201981276482,0.20975260878203758,-0.5075190573275193));
#8596=DIRECTION('',(0,-0.3819548619874389,0.9241809797892165));
#8597=STYLED_ITEM('',(#18),#8598);
#8598=FACE_SURFACE('',(#8603),#8599,.T.);
#8599=PLANE('',#8600);
#8600=AXIS2_PLACEMENT_3D('',#469,#8601,#8602);
#8601=DIRECTION('',(-0,0.9241809797892167,0.381954861987439));
#8602=DIRECTION('',(0.8357201981276482,-0.20975260878203758,0.5075190573275193));
#8603=FACE_BOUND('',#8604,.T.);
#8604=EDGE_LOOP('',(#8605,#8606,#8607));
#8605=ORIENTED_EDGE('',*,*,#8608,.T.);
#8606=ORIENTED_EDGE('',*,*,#8609,.T.);
#8607=ORIENTED_EDGE('',*,*,#8610,.T.);
#8608=EDGE_CURVE('',#470,#500,#8611,.F.);
#8609=EDGE_CURVE('',#500,#504,#8612,.T.);
#8610=EDGE_CURVE('',#504,#470,#8613,.T.);
#8611=LINE('',#469,#8614);
#8612=LINE('',#499,#8615);
#8613=LINE('',#503,#8616);
#8614=VECTOR('',#8617,1.0);
#8615=VECTOR('',#8618,1.0);
#8616=VECTOR('',#8619,1.0);
#8617=DIRECTION('',(0.8357201981276482,-0.20975260878203758,0.5075190573275193));
#8618=DIRECTION('',(0,0.3819548619874389,-0.9241809797892165));
#8619=DIRECTION('',(-1,0,0));
#8620=STYLED_ITEM('',(#18),#8621);
#8621=FACE_SURFACE('',(#8626),#8622,.T.);
#8622=PLANE('',#8623);
#8623=AXIS2_PLACEMENT_3D('',#469,#8624,#8625);
#8624=DIRECTION('',(-0,0.9240648321433104,0.38223577278422727));
#8625=DIRECTION('',(1,0,0));
#8626=FACE_BOUND('',#8627,.T.);
#8627=EDGE_LOOP('',(#8628,#8629,#8630));
#8628=ORIENTED_EDGE('',*,*,#8631,.T.);
#8629=ORIENTED_EDGE('',*,*,#8632,.T.);
#8630=ORIENTED_EDGE('',*,*,#8633,.T.);
#8631=EDGE_CURVE('',#470,#504,#8634,.F.);
#8632=EDGE_CURVE('',#504,#508,#8635,.T.);
#8633=EDGE_CURVE('',#508,#470,#8636,.T.);
#8634=LINE('',#469,#8637);
#8635=LINE('',#503,#8638);
#8636=LINE('',#507,#8639);
#8637=VECTOR('',#8640,1.0);
#8638=VECTOR('',#8641,1.0);
#8639=VECTOR('',#8642,1.0);
#8640=DIRECTION('',(1,0,0));
#8641=DIRECTION('',(-0.4743810292841691,0.3364896514849319,-0.8134724048785191));
#8642=DIRECTION('',(-0.41942780454381423,-0.3469893137803839,0.8388556090876274));
#8643=STYLED_ITEM('',(#18),#8644);
#8644=FACE_SURFACE('',(#8649),#8645,.T.);
#8645=PLANE('',#8646);
#8646=AXIS2_PLACEMENT_3D('',#507,#8647,#8648);
#8647=DIRECTION('',(-0,0.9240648321433104,0.3822357727842273));
#8648=DIRECTION('',(0.4743810292841691,-0.3364896514849319,0.8134724048785191));
#8649=FACE_BOUND('',#8650,.T.);
#8650=EDGE_LOOP('',(#8651,#8652,#8653));
#8651=ORIENTED_EDGE('',*,*,#8654,.T.);
#8652=ORIENTED_EDGE('',*,*,#8655,.T.);
#8653=ORIENTED_EDGE('',*,*,#8656,.T.);
#8654=EDGE_CURVE('',#508,#504,#8657,.F.);
#8655=EDGE_CURVE('',#504,#510,#8658,.T.);
#8656=EDGE_CURVE('',#510,#508,#8659,.T.);
#8657=LINE('',#507,#8660);
#8658=LINE('',#503,#8661);
#8659=LINE('',#509,#8662);
#8660=VECTOR('',#8663,1.0);
#8661=VECTOR('',#8664,1.0);
#8662=VECTOR('',#8665,1.0);
#8663=DIRECTION('',(0.4743810292841691,-0.3364896514849319,0.8134724048785191));
#8664=DIRECTION('',(-0.41942780454381423,0.3469893137803839,-0.8388556090876274));
#8665=DIRECTION('',(-1,0,0));
#8666=STYLED_ITEM('',(#18),#8667);
#8667=FACE_SURFACE('',(#8672),#8668,.T.);
#8668=PLANE('',#8669);
#8669=AXIS2_PLACEMENT_3D('',#467,#8670,#8671);
#8670=DIRECTION('',(-0.8941581095601356,0,-0.4477513541105648));
#8671=DIRECTION('',(0,1,0));
#8672=FACE_BOUND('',#8673,.T.);
#8673=EDGE_LOOP('',(#8674,#8675,#8676));
#8674=ORIENTED_EDGE('',*,*,#8677,.T.);
#8675=ORIENTED_EDGE('',*,*,#8678,.T.);
#8676=ORIENTED_EDGE('',*,*,#8679,.T.);
#8677=EDGE_CURVE('',#468,#470,#8680,.F.);
#8678=EDGE_CURVE('',#470,#512,#8681,.T.);
#8679=EDGE_CURVE('',#512,#468,#8682,.T.);
#8680=LINE('',#467,#8683);
#8681=LINE('',#469,#8684);
#8682=LINE('',#511,#8685);
#8683=VECTOR('',#8686,1.0);
#8684=VECTOR('',#8687,1.0);
#8685=VECTOR('',#8688,1.0);
#8686=DIRECTION('',(0,1,0));
#8687=DIRECTION('',(0.44583666724053894,-0.09238057068948068,-0.8903344856305045));
#8688=DIRECTION('',(-0.4199610699373306,-0.3468146973956936,0.838660995520494));
#8689=STYLED_ITEM('',(#18),#8690);
#8690=FACE_SURFACE('',(#8695),#8691,.T.);
#8691=PLANE('',#8692);
#8692=AXIS2_PLACEMENT_3D('',#511,#8693,#8694);
#8693=DIRECTION('',(-0.8942113285567795,-0.0012994438687656546,-0.44764317410896726));
#8694=DIRECTION('',(-0.44583666724053894,0.09238057068948068,0.8903344856305045));
#8695=FACE_BOUND('',#8696,.T.);
#8696=EDGE_LOOP('',(#8697,#8698,#8699));
#8697=ORIENTED_EDGE('',*,*,#8700,.T.);
#8698=ORIENTED_EDGE('',*,*,#8701,.T.);
#8699=ORIENTED_EDGE('',*,*,#8702,.T.);
#8700=EDGE_CURVE('',#512,#470,#8703,.F.);
#8701=EDGE_CURVE('',#470,#508,#8704,.T.);
#8702=EDGE_CURVE('',#508,#512,#8705,.T.);
#8703=LINE('',#511,#8706);
#8704=LINE('',#469,#8707);
#8705=LINE('',#507,#8708);
#8706=VECTOR('',#8709,1.0);
#8707=VECTOR('',#8710,1.0);
#8708=VECTOR('',#8711,1.0);
#8709=DIRECTION('',(-0.44583666724053894,0.09238057068948068,0.8903344856305045));
#8710=DIRECTION('',(0.41942780454381423,0.3469893137803839,-0.8388556090876274));
#8711=DIRECTION('',(-0.2475289808113789,-0.8317701781676484,0.4968780276581351));
#8712=STYLED_ITEM('',(#18),#8713);
#8713=FACE_SURFACE('',(#8718),#8714,.T.);
#8714=PLANE('',#8715);
#8715=AXIS2_PLACEMENT_3D('',#511,#8716,#8717);
#8716=DIRECTION('',(-0.8948136418023325,-0.0004012617227795721,-0.4464396772616396));
#8717=DIRECTION('',(0.2475289808113789,0.8317701781676484,-0.4968780276581351));
#8718=FACE_BOUND('',#8719,.T.);
#8719=EDGE_LOOP('',(#8720,#8721,#8722));
#8720=ORIENTED_EDGE('',*,*,#8723,.T.);
#8721=ORIENTED_EDGE('',*,*,#8724,.T.);
#8722=ORIENTED_EDGE('',*,*,#8725,.T.);
#8723=EDGE_CURVE('',#512,#508,#8726,.F.);
#8724=EDGE_CURVE('',#508,#514,#8727,.T.);
#8725=EDGE_CURVE('',#514,#512,#8728,.T.);
#8726=LINE('',#511,#8729);
#8727=LINE('',#507,#8730);
#8728=LINE('',#513,#8731);
#8729=VECTOR('',#8732,1.0);
#8730=VECTOR('',#8733,1.0);
#8731=VECTOR('',#8734,1.0);
#8732=DIRECTION('',(0.2475289808113789,0.8317701781676484,-0.4968780276581351));
#8733=DIRECTION('',(0.18818633262813603,-0.9071546290792206,-0.37637266525627777));
#8734=DIRECTION('',(-0.36796306564301823,-0.5656117980455536,0.738028777375427));
#8735=STYLED_ITEM('',(#18),#8736);
#8736=FACE_SURFACE('',(#8741),#8737,.T.);
#8737=PLANE('',#8738);
#8738=AXIS2_PLACEMENT_3D('',#511,#8739,#8740);
#8739=DIRECTION('',(0,-0.9241014570624092,-0.3821472190859594));
#8740=DIRECTION('',(1,0,0));
#8741=FACE_BOUND('',#8742,.T.);
#8742=EDGE_LOOP('',(#8743,#8744,#8745));
#8743=ORIENTED_EDGE('',*,*,#8746,.T.);
#8744=ORIENTED_EDGE('',*,*,#8747,.T.);
#8745=ORIENTED_EDGE('',*,*,#8748,.T.);
#8746=EDGE_CURVE('',#512,#516,#8749,.F.);
#8747=EDGE_CURVE('',#516,#468,#8750,.T.);
#8748=EDGE_CURVE('',#468,#512,#8751,.T.);
#8749=LINE('',#511,#8752);
#8750=LINE('',#515,#8753);
#8751=LINE('',#467,#8754);
#8752=VECTOR('',#8755,1.0);
#8753=VECTOR('',#8756,1.0);
#8754=VECTOR('',#8757,1.0);
#8755=DIRECTION('',(1,0,0));
#8756=DIRECTION('',(-0.6884118817255463,-0.27717901533605466,0.6702692552671855));
#8757=DIRECTION('',(0.4199610699373306,0.3468146973956936,-0.838660995520494));
#8758=STYLED_ITEM('',(#18),#8759);
#8759=FACE_SURFACE('',(#8764),#8760,.T.);
#8760=PLANE('',#8761);
#8761=AXIS2_PLACEMENT_3D('',#467,#8762,#8763);
#8762=DIRECTION('',(0,-0.9241014570624092,-0.3821472190859594));
#8763=DIRECTION('',(0.6884118817255463,0.27717901533605466,-0.6702692552671855));
#8764=FACE_BOUND('',#8765,.T.);
#8765=EDGE_LOOP('',(#8766,#8767,#8768));
#8766=ORIENTED_EDGE('',*,*,#8769,.T.);
#8767=ORIENTED_EDGE('',*,*,#8770,.T.);
#8768=ORIENTED_EDGE('',*,*,#8771,.T.);
#8769=EDGE_CURVE('',#468,#516,#8772,.F.);
#8770=EDGE_CURVE('',#516,#502,#8773,.T.);
#8771=EDGE_CURVE('',#502,#468,#8774,.T.);
#8772=LINE('',#467,#8775);
#8773=LINE('',#515,#8776);
#8774=LINE('',#501,#8777);
#8775=VECTOR('',#8778,1.0);
#8776=VECTOR('',#8779,1.0);
#8777=VECTOR('',#8780,1.0);
#8778=DIRECTION('',(0.6884118817255463,0.27717901533605466,-0.6702692552671855));
#8779=DIRECTION('',(0.4199610699373306,-0.3468146973956936,0.838660995520494));
#8780=DIRECTION('',(-1,0,0));
#8781=STYLED_ITEM('',(#18),#8782);
#8782=FACE_SURFACE('',(#8787),#8783,.T.);
#8783=PLANE('',#8784);
#8784=AXIS2_PLACEMENT_3D('',#467,#8785,#8786);
#8785=DIRECTION('',(0,-0.924175649704817,-0.38196775844654673));
#8786=DIRECTION('',(1,0,0));
#8787=FACE_BOUND('',#8788,.T.);
#8788=EDGE_LOOP('',(#8789,#8790,#8791));
#8789=ORIENTED_EDGE('',*,*,#8792,.T.);
#8790=ORIENTED_EDGE('',*,*,#8793,.T.);
#8791=ORIENTED_EDGE('',*,*,#8794,.T.);
#8792=EDGE_CURVE('',#468,#502,#8795,.F.);
#8793=EDGE_CURVE('',#502,#498,#8796,.T.);
#8794=EDGE_CURVE('',#498,#468,#8797,.T.);
#8795=LINE('',#467,#8798);
#8796=LINE('',#501,#8799);
#8797=LINE('',#497,#8800);
#8798=VECTOR('',#8801,1.0);
#8799=VECTOR('',#8802,1.0);
#8800=VECTOR('',#8803,1.0);
#8801=DIRECTION('',(1,0,0));
#8802=DIRECTION('',(0,-0.3819677584465467,0.9241756497048169));
#8803=DIRECTION('',(-0.8842150236595769,0.1784095274116271,-0.4316640272983765));
#8804=STYLED_ITEM('',(#18),#8805);
#8805=FACE_SURFACE('',(#8810),#8806,.T.);
#8806=PLANE('',#8807);
#8807=AXIS2_PLACEMENT_3D('',#497,#8808,#8809);
#8808=DIRECTION('',(-0,-0.924175649704817,-0.38196775844654673));
#8809=DIRECTION('',(-1,0,0));
#8810=FACE_BOUND('',#8811,.T.);
#8811=EDGE_LOOP('',(#8812,#8813,#8814));
#8812=ORIENTED_EDGE('',*,*,#8815,.T.);
#8813=ORIENTED_EDGE('',*,*,#8816,.T.);
#8814=ORIENTED_EDGE('',*,*,#8817,.T.);
#8815=EDGE_CURVE('',#498,#466,#8818,.F.);
#8816=EDGE_CURVE('',#466,#468,#8819,.T.);
#8817=EDGE_CURVE('',#468,#498,#8820,.T.);
#8818=LINE('',#497,#8821);
#8819=LINE('',#465,#8822);
#8820=LINE('',#467,#8823);
#8821=VECTOR('',#8824,1.0);
#8822=VECTOR('',#8825,1.0);
#8823=VECTOR('',#8826,1.0);
#8824=DIRECTION('',(-1,0,0));
#8825=DIRECTION('',(0,0.3819677584465467,-0.9241756497048169));
#8826=DIRECTION('',(0.8842150236595769,-0.1784095274116271,0.4316640272983765));
#8827=STYLED_ITEM('',(#18),#8828);
#8828=FACE_SURFACE('',(#8833),#8829,.T.);
#8829=PLANE('',#8830);
#8830=AXIS2_PLACEMENT_3D('',#465,#8831,#8832);
#8831=DIRECTION('',(0,-0.9532306376993188,-0.3022438607339279));
#8832=DIRECTION('',(1,0,0));
#8833=FACE_BOUND('',#8834,.T.);
#8834=EDGE_LOOP('',(#8835,#8836,#8837));
#8835=ORIENTED_EDGE('',*,*,#8838,.T.);
#8836=ORIENTED_EDGE('',*,*,#8839,.T.);
#8837=ORIENTED_EDGE('',*,*,#8840,.T.);
#8838=EDGE_CURVE('',#466,#498,#8841,.F.);
#8839=EDGE_CURVE('',#498,#462,#8842,.T.);
#8840=EDGE_CURVE('',#462,#466,#8843,.T.);
#8841=LINE('',#465,#8844);
#8842=LINE('',#497,#8845);
#8843=LINE('',#461,#8846);
#8844=VECTOR('',#8847,1.0);
#8845=VECTOR('',#8848,1.0);
#8846=VECTOR('',#8849,1.0);
#8847=DIRECTION('',(1,0,0));
#8848=DIRECTION('',(-0.9964347751135444,-0.025499315111173402,0.08042091688908601));
#8849=DIRECTION('',(0,0.3022438607339279,-0.9532306376993187));
#8850=STYLED_ITEM('',(#18),#8851);
#8851=FACE_SURFACE('',(#8856),#8852,.T.);
#8852=PLANE('',#8853);
#8853=AXIS2_PLACEMENT_3D('',#461,#8854,#8855);
#8854=DIRECTION('',(0,-0.9532306376993188,-0.3022438607339279));
#8855=DIRECTION('',(0.9964347751135444,0.025499315111173402,-0.08042091688908601));
#8856=FACE_BOUND('',#8857,.T.);
#8857=EDGE_LOOP('',(#8858,#8859,#8860));
#8858=ORIENTED_EDGE('',*,*,#8861,.T.);
#8859=ORIENTED_EDGE('',*,*,#8862,.T.);
#8860=ORIENTED_EDGE('',*,*,#8863,.T.);
#8861=EDGE_CURVE('',#462,#498,#8864,.F.);
#8862=EDGE_CURVE('',#498,#494,#8865,.T.);
#8863=EDGE_CURVE('',#494,#462,#8866,.T.);
#8864=LINE('',#461,#8867);
#8865=LINE('',#497,#8868);
#8866=LINE('',#493,#8869);
#8867=VECTOR('',#8870,1.0);
#8868=VECTOR('',#8871,1.0);
#8869=VECTOR('',#8872,1.0);
#8870=DIRECTION('',(0.9964347751135444,0.025499315111173402,-0.08042091688908601));
#8871=DIRECTION('',(0,-0.3022438607339279,0.9532306376993187));
#8872=DIRECTION('',(-1,0,0));
#8873=STYLED_ITEM('',(#18),#8874);
#8874=FACE_SURFACE('',(#8879),#8875,.T.);
#8875=PLANE('',#8876);
#8876=AXIS2_PLACEMENT_3D('',#461,#8877,#8878);
#8877=DIRECTION('',(0,-0.9901811340591724,-0.13979027774953187));
#8878=DIRECTION('',(1,0,0));
#8879=FACE_BOUND('',#8880,.T.);
#8880=EDGE_LOOP('',(#8881,#8882,#8883));
#8881=ORIENTED_EDGE('',*,*,#8884,.T.);
#8882=ORIENTED_EDGE('',*,*,#8885,.T.);
#8883=ORIENTED_EDGE('',*,*,#8886,.T.);
#8884=EDGE_CURVE('',#462,#494,#8887,.F.);
#8885=EDGE_CURVE('',#494,#492,#8888,.T.);
#8886=EDGE_CURVE('',#492,#462,#8889,.T.);
#8887=LINE('',#461,#8890);
#8888=LINE('',#493,#8891);
#8889=LINE('',#491,#8892);
#8890=VECTOR('',#8893,1.0);
#8891=VECTOR('',#8894,1.0);
#8892=VECTOR('',#8895,1.0);
#8893=DIRECTION('',(1,0,0));
#8894=DIRECTION('',(0,-0.13979027774953187,0.9901811340591724));
#8895=DIRECTION('',(-0.9964496310701457,0.011769090130749763,-0.08336438842614317));
#8896=STYLED_ITEM('',(#18),#8897);
#8897=FACE_SURFACE('',(#8902),#8898,.T.);
#8898=PLANE('',#8899);
#8899=AXIS2_PLACEMENT_3D('',#487,#8900,#8901);
#8900=DIRECTION('',(0,-0.9993777439159626,0.035272155667620576));
#8901=DIRECTION('',(-1,0,0));
#8902=FACE_BOUND('',#8903,.T.);
#8903=EDGE_LOOP('',(#8904,#8905,#8906));
#8904=ORIENTED_EDGE('',*,*,#8907,.T.);
#8905=ORIENTED_EDGE('',*,*,#8908,.T.);
#8906=ORIENTED_EDGE('',*,*,#8909,.T.);
#8907=EDGE_CURVE('',#488,#452,#8910,.F.);
#8908=EDGE_CURVE('',#452,#492,#8911,.T.);
#8909=EDGE_CURVE('',#492,#488,#8912,.T.);
#8910=LINE('',#487,#8913);
#8911=LINE('',#451,#8914);
#8912=LINE('',#491,#8915);
#8913=VECTOR('',#8916,1.0);
#8914=VECTOR('',#8917,1.0);
#8915=VECTOR('',#8918,1.0);
#8916=DIRECTION('',(-1,0,0));
#8917=DIRECTION('',(0.9965143341134077,-0.002942463584980428,-0.08336980157444931));
#8918=DIRECTION('',(0,0.035272155667620576,0.9993777439159623));
#8919=STYLED_ITEM('',(#18),#8920);
#8920=FACE_SURFACE('',(#8925),#8921,.T.);
#8921=PLANE('',#8922);
#8922=AXIS2_PLACEMENT_3D('',#491,#8923,#8924);
#8923=DIRECTION('',(0,-0.9993777439159626,0.035272155667620576));
#8924=DIRECTION('',(-0.9965143341134077,0.002942463584980428,0.08336980157444931));
#8925=FACE_BOUND('',#8926,.T.);
#8926=EDGE_LOOP('',(#8927,#8928,#8929));
#8927=ORIENTED_EDGE('',*,*,#8930,.T.);
#8928=ORIENTED_EDGE('',*,*,#8931,.T.);
#8929=ORIENTED_EDGE('',*,*,#8932,.T.);
#8930=EDGE_CURVE('',#492,#452,#8933,.F.);
#8931=EDGE_CURVE('',#452,#456,#8934,.T.);
#8932=EDGE_CURVE('',#456,#492,#8935,.T.);
#8933=LINE('',#491,#8936);
#8934=LINE('',#451,#8937);
#8935=LINE('',#455,#8938);
#8936=VECTOR('',#8939,1.0);
#8937=VECTOR('',#8940,1.0);
#8938=VECTOR('',#8941,1.0);
#8939=DIRECTION('',(-0.9965143341134077,0.002942463584980428,0.08336980157444931));
#8940=DIRECTION('',(0,-0.035272155667620576,-0.9993777439159623));
#8941=DIRECTION('',(1,0,0));
#8942=STYLED_ITEM('',(#18),#8943);
#8943=FACE_SURFACE('',(#8948),#8944,.T.);
#8944=PLANE('',#8945);
#8945=AXIS2_PLACEMENT_3D('',#491,#8946,#8947);
#8946=DIRECTION('',(-0,-0.9901811340591724,-0.13979027774953187));
#8947=DIRECTION('',(-1,0,0));
#8948=FACE_BOUND('',#8949,.T.);
#8949=EDGE_LOOP('',(#8950,#8951,#8952));
#8950=ORIENTED_EDGE('',*,*,#8953,.T.);
#8951=ORIENTED_EDGE('',*,*,#8954,.T.);
#8952=ORIENTED_EDGE('',*,*,#8955,.T.);
#8953=EDGE_CURVE('',#492,#456,#8956,.F.);
#8954=EDGE_CURVE('',#456,#462,#8957,.T.);
#8955=EDGE_CURVE('',#462,#492,#8958,.T.);
#8956=LINE('',#491,#8959);
#8957=LINE('',#455,#8960);
#8958=LINE('',#461,#8961);
#8959=VECTOR('',#8962,1.0);
#8960=VECTOR('',#8963,1.0);
#8961=VECTOR('',#8964,1.0);
#8962=DIRECTION('',(-1,0,0));
#8963=DIRECTION('',(0,0.13979027774953187,-0.9901811340591724));
#8964=DIRECTION('',(0.9964496310701457,-0.011769090130749763,0.08336438842614317));
#8965=STYLED_ITEM('',(#18),#8966);
#8966=FACE_SURFACE('',(#8971),#8967,.T.);
#8967=PLANE('',#8968);
#8968=AXIS2_PLACEMENT_3D('',#451,#8969,#8970);
#8969=DIRECTION('',(0,-0.9934447821716137,0.11431301227767161));
#8970=DIRECTION('',(1,0,0));
#8971=FACE_BOUND('',#8972,.T.);
#8972=EDGE_LOOP('',(#8973,#8974,#8975));
#8973=ORIENTED_EDGE('',*,*,#8976,.T.);
#8974=ORIENTED_EDGE('',*,*,#8977,.T.);
#8975=ORIENTED_EDGE('',*,*,#8978,.T.);
#8976=EDGE_CURVE('',#452,#488,#8979,.F.);
#8977=EDGE_CURVE('',#488,#448,#8980,.T.);
#8978=EDGE_CURVE('',#448,#452,#8981,.T.);
#8979=LINE('',#451,#8982);
#8980=LINE('',#487,#8983);
#8981=LINE('',#447,#8984);
#8982=VECTOR('',#8985,1.0);
#8983=VECTOR('',#8986,1.0);
#8984=VECTOR('',#8987,1.0);
#8985=DIRECTION('',(1,0,0));
#8986=DIRECTION('',(-0.2140565939870016,0.11166338072156581,0.9704179841576075));
#8987=DIRECTION('',(0,-0.1143130122776716,-0.9934447821716137));
#8988=STYLED_ITEM('',(#18),#8989);
#8989=FACE_SURFACE('',(#8994),#8990,.T.);
#8990=PLANE('',#8991);
#8991=AXIS2_PLACEMENT_3D('',#447,#8992,#8993);
#8992=DIRECTION('',(0,-0.9934447821716137,0.11431301227767161));
#8993=DIRECTION('',(0.2140565939870016,-0.11166338072156581,-0.9704179841576075));
#8994=FACE_BOUND('',#8995,.T.);
#8995=EDGE_LOOP('',(#8996,#8997,#8998));
#8996=ORIENTED_EDGE('',*,*,#8999,.T.);
#8997=ORIENTED_EDGE('',*,*,#9000,.T.);
#8998=ORIENTED_EDGE('',*,*,#9001,.T.);
#8999=EDGE_CURVE('',#448,#488,#9002,.F.);
#9000=EDGE_CURVE('',#488,#472,#9003,.T.);
#9001=EDGE_CURVE('',#472,#448,#9004,.T.);
#9002=LINE('',#447,#9005);
#9003=LINE('',#487,#9006);
#9004=LINE('',#471,#9007);
#9005=VECTOR('',#9008,1.0);
#9006=VECTOR('',#9009,1.0);
#9007=VECTOR('',#9010,1.0);
#9008=DIRECTION('',(0.2140565939870016,-0.11166338072156581,-0.9704179841576075));
#9009=DIRECTION('',(0,0.1143130122776716,0.9934447821716137));
#9010=DIRECTION('',(-1,0,0));
#9011=STYLED_ITEM('',(#18),#9012);
#9012=FACE_SURFACE('',(#9017),#9013,.T.);
#9013=PLANE('',#9014);
#9014=AXIS2_PLACEMENT_3D('',#513,#9015,#9016);
#9015=DIRECTION('',(0.8948136418023325,-0.00040126172277955423,-0.4464396772616396));
#9016=DIRECTION('',(0.18818633262813603,0.9071546290792206,0.37637266525627777));
#9017=FACE_BOUND('',#9018,.T.);
#9018=EDGE_LOOP('',(#9019,#9020,#9021));
#9019=ORIENTED_EDGE('',*,*,#9022,.T.);
#9020=ORIENTED_EDGE('',*,*,#9023,.T.);
#9021=ORIENTED_EDGE('',*,*,#9024,.T.);
#9022=EDGE_CURVE('',#514,#510,#9025,.F.);
#9023=EDGE_CURVE('',#510,#516,#9026,.T.);
#9024=EDGE_CURVE('',#516,#514,#9027,.T.);
#9025=LINE('',#513,#9028);
#9026=LINE('',#509,#9029);
#9027=LINE('',#515,#9030);
#9028=VECTOR('',#9031,1.0);
#9029=VECTOR('',#9032,1.0);
#9030=VECTOR('',#9033,1.0);
#9031=DIRECTION('',(0.18818633262813603,0.9071546290792206,0.37637266525627777));
#9032=DIRECTION('',(0.2475289808113789,-0.8317701781676484,0.4968780276581351));
#9033=DIRECTION('',(-0.36796306564301823,0.5656117980455536,-0.738028777375427));
#9034=STYLED_ITEM('',(#18),#9035);
#9035=FACE_SURFACE('',(#9040),#9036,.T.);
#9036=PLANE('',#9037);
#9037=AXIS2_PLACEMENT_3D('',#515,#9038,#9039);
#9038=DIRECTION('',(0.8942113285567795,-0.0012994438687656546,-0.44764317410896726));
#9039=DIRECTION('',(-0.2475289808113789,0.8317701781676484,-0.4968780276581351));
#9040=FACE_BOUND('',#9041,.T.);
#9041=EDGE_LOOP('',(#9042,#9043,#9044));
#9042=ORIENTED_EDGE('',*,*,#9045,.T.);
#9043=ORIENTED_EDGE('',*,*,#9046,.T.);
#9044=ORIENTED_EDGE('',*,*,#9047,.T.);
#9045=EDGE_CURVE('',#516,#510,#9048,.F.);
#9046=EDGE_CURVE('',#510,#504,#9049,.T.);
#9047=EDGE_CURVE('',#504,#516,#9050,.T.);
#9048=LINE('',#515,#9051);
#9049=LINE('',#509,#9052);
#9050=LINE('',#503,#9053);
#9051=VECTOR('',#9054,1.0);
#9052=VECTOR('',#9055,1.0);
#9053=VECTOR('',#9056,1.0);
#9054=DIRECTION('',(-0.2475289808113789,0.8317701781676484,-0.4968780276581351));
#9055=DIRECTION('',(0.41942780454381423,-0.3469893137803839,0.8388556090876274));
#9056=DIRECTION('',(-0.44583666724053894,-0.09238057068948068,-0.8903344856305045));
#9057=STYLED_ITEM('',(#18),#9058);
#9058=FACE_SURFACE('',(#9063),#9059,.T.);
#9059=PLANE('',#9060);
#9060=AXIS2_PLACEMENT_3D('',#515,#9061,#9062);
#9061=DIRECTION('',(0.8941581095601356,0,-0.4477513541105648));
#9062=DIRECTION('',(0.44583666724053894,0.09238057068948068,0.8903344856305045));
#9063=FACE_BOUND('',#9064,.T.);
#9064=EDGE_LOOP('',(#9065,#9066,#9067));
#9065=ORIENTED_EDGE('',*,*,#9068,.T.);
#9066=ORIENTED_EDGE('',*,*,#9069,.T.);
#9067=ORIENTED_EDGE('',*,*,#9070,.T.);
#9068=EDGE_CURVE('',#516,#504,#9071,.F.);
#9069=EDGE_CURVE('',#504,#502,#9072,.T.);
#9070=EDGE_CURVE('',#502,#516,#9073,.T.);
#9071=LINE('',#515,#9074);
#9072=LINE('',#503,#9075);
#9073=LINE('',#501,#9076);
#9074=VECTOR('',#9077,1.0);
#9075=VECTOR('',#9078,1.0);
#9076=VECTOR('',#9079,1.0);
#9077=DIRECTION('',(0.44583666724053894,0.09238057068948068,0.8903344856305045));
#9078=DIRECTION('',(0,-1,0));
#9079=DIRECTION('',(-0.4199610699373306,0.3468146973956936,-0.838660995520494));
#9080=STYLED_ITEM('',(#18),#9081);
#9081=FACE_SURFACE('',(#9086),#9082,.T.);
#9082=PLANE('',#9083);
#9083=AXIS2_PLACEMENT_3D('',#507,#9084,#9085);
#9084=DIRECTION('',(0,0.3832195167659408,-0.9236572968204596));
#9085=DIRECTION('',(1,0,0));
#9086=FACE_BOUND('',#9087,.T.);
#9087=EDGE_LOOP('',(#9088,#9089,#9090));
#9088=ORIENTED_EDGE('',*,*,#9091,.T.);
#9089=ORIENTED_EDGE('',*,*,#9092,.T.);
#9090=ORIENTED_EDGE('',*,*,#9093,.T.);
#9091=EDGE_CURVE('',#508,#510,#9094,.F.);
#9092=EDGE_CURVE('',#510,#514,#9095,.T.);
#9093=EDGE_CURVE('',#514,#508,#9096,.T.);
#9094=LINE('',#507,#9097);
#9095=LINE('',#509,#9098);
#9096=LINE('',#513,#9099);
#9097=VECTOR('',#9100,1.0);
#9098=VECTOR('',#9101,1.0);
#9099=VECTOR('',#9102,1.0);
#9100=DIRECTION('',(1,0,0));
#9101=DIRECTION('',(-0.18818633262813603,-0.9071546290792206,-0.37637266525627777));
#9102=DIRECTION('',(-0.18818633262813603,0.9071546290792206,0.37637266525627777));
#9103=STYLED_ITEM('',(#18),#9104);
#9104=FACE_SURFACE('',(#9109),#9105,.T.);
#9105=PLANE('',#9106);
#9106=AXIS2_PLACEMENT_3D('',#513,#9107,#9108);
#9107=DIRECTION('',(0,-0.793715536441347,-0.6082891148225691));
#9108=DIRECTION('',(0.36796306564301823,-0.5656117980455536,0.738028777375427));
#9109=FACE_BOUND('',#9110,.T.);
#9110=EDGE_LOOP('',(#9111,#9112,#9113));
#9111=ORIENTED_EDGE('',*,*,#9114,.T.);
#9112=ORIENTED_EDGE('',*,*,#9115,.T.);
#9113=ORIENTED_EDGE('',*,*,#9116,.T.);
#9114=EDGE_CURVE('',#514,#516,#9117,.F.);
#9115=EDGE_CURVE('',#516,#512,#9118,.T.);
#9116=EDGE_CURVE('',#512,#514,#9119,.T.);
#9117=LINE('',#513,#9120);
#9118=LINE('',#515,#9121);
#9119=LINE('',#511,#9122);
#9120=VECTOR('',#9123,1.0);
#9121=VECTOR('',#9124,1.0);
#9122=VECTOR('',#9125,1.0);
#9123=DIRECTION('',(0.36796306564301823,-0.5656117980455536,0.738028777375427));
#9124=DIRECTION('',(-1,0,0));
#9125=DIRECTION('',(0.36796306564301823,0.5656117980455536,-0.738028777375427));
#9126=STYLED_ITEM('',(#18),#9127);
#9127=FACE_SURFACE('',(#9132),#9128,.T.);
#9128=PLANE('',#9129);
#9129=AXIS2_PLACEMENT_3D('',#93,#9130,#9131);
#9130=DIRECTION('',(0,0.9986649849421085,-0.05165508542804019));
#9131=DIRECTION('',(0.034416322714285255,0.05162448407142789,0.9980733587142706));
#9132=FACE_BOUND('',#9133,.T.);
#9133=EDGE_LOOP('',(#9134,#9135,#9136));
#9134=ORIENTED_EDGE('',*,*,#9137,.T.);
#9135=ORIENTED_EDGE('',*,*,#9138,.T.);
#9136=ORIENTED_EDGE('',*,*,#9139,.T.);
#9137=EDGE_CURVE('',#94,#96,#9140,.F.);
#9138=EDGE_CURVE('',#96,#190,#9141,.T.);
#9139=EDGE_CURVE('',#190,#94,#9142,.T.);
#9140=LINE('',#93,#9143);
#9141=LINE('',#95,#9144);
#9142=LINE('',#189,#9145);
#9143=VECTOR('',#9146,1.0);
#9144=VECTOR('',#9147,1.0);
#9145=VECTOR('',#9148,1.0);
#9146=DIRECTION('',(0.034416322714285255,0.05162448407142789,0.9980733587142706));
#9147=DIRECTION('',(0.9879038579202836,-0.008010031280434739,-0.15486060475507132));
#9148=DIRECTION('',(-1,0,0));
#9149=STYLED_ITEM('',(#18),#9150);
#9150=FACE_SURFACE('',(#9155),#9151,.T.);
#9151=PLANE('',#9152);
#9152=AXIS2_PLACEMENT_3D('',#189,#9153,#9154);
#9153=DIRECTION('',(-0.010625865693871034,0.992820784528355,-0.11913849414340269));
#9154=DIRECTION('',(-0.9879038579202836,0.008010031280434739,0.15486060475507132));
#9155=FACE_BOUND('',#9156,.T.);
#9156=EDGE_LOOP('',(#9157,#9158,#9159));
#9157=ORIENTED_EDGE('',*,*,#9160,.T.);
#9158=ORIENTED_EDGE('',*,*,#9161,.T.);
#9159=ORIENTED_EDGE('',*,*,#9162,.T.);
#9160=EDGE_CURVE('',#190,#96,#9163,.F.);
#9161=EDGE_CURVE('',#96,#372,#9164,.T.);
#9162=EDGE_CURVE('',#372,#190,#9165,.T.);
#9163=LINE('',#189,#9166);
#9164=LINE('',#95,#9167);
#9165=LINE('',#371,#9168);
#9166=VECTOR('',#9169,1.0);
#9167=VECTOR('',#9170,1.0);
#9168=VECTOR('',#9171,1.0);
#9169=DIRECTION('',(-0.9879038579202836,0.008010031280434739,0.15486060475507132));
#9170=DIRECTION('',(0.983496611435254,0.03189718739790016,0.1780926296382759));
#9171=DIRECTION('',(0,-0.11914522061843075,-0.9928768384869221));
#9172=STYLED_ITEM('',(#18),#9173);
#9173=FACE_SURFACE('',(#9178),#9174,.T.);
#9174=PLANE('',#9175);
#9175=AXIS2_PLACEMENT_3D('',#95,#9176,#9177);
#9176=DIRECTION('',(-0.006531563405587879,0.9899544865198661,-0.14123545340553548));
#9177=DIRECTION('',(0.028272964322665697,0.1413648216133285,0.9895537512932995));
#9178=FACE_BOUND('',#9179,.T.);
#9179=EDGE_LOOP('',(#9180,#9181,#9182));
#9180=ORIENTED_EDGE('',*,*,#9183,.T.);
#9181=ORIENTED_EDGE('',*,*,#9184,.T.);
#9182=ORIENTED_EDGE('',*,*,#9185,.T.);
#9183=EDGE_CURVE('',#96,#100,#9186,.F.);
#9184=EDGE_CURVE('',#100,#372,#9187,.T.);
#9185=EDGE_CURVE('',#372,#96,#9188,.T.);
#9186=LINE('',#95,#9189);
#9187=LINE('',#99,#9190);
#9188=LINE('',#371,#9191);
#9189=VECTOR('',#9192,1.0);
#9190=VECTOR('',#9193,1.0);
#9191=VECTOR('',#9194,1.0);
#9192=DIRECTION('',(0.028272964322665697,0.1413648216133285,0.9895537512932995));
#9193=DIRECTION('',(0.9960829472918684,0.01889588246895145,0.08638117700092092));
#9194=DIRECTION('',(-0.983496611435254,-0.03189718739790016,-0.1780926296382759));
#9195=STYLED_ITEM('',(#18),#9196);
#9196=FACE_SURFACE('',(#9201),#9197,.T.);
#9197=PLANE('',#9198);
#9198=AXIS2_PLACEMENT_3D('',#371,#9199,#9200);
#9199=DIRECTION('',(0.0017981377021061124,0.9723694056153569,-0.23344058285577043));
#9200=DIRECTION('',(-0.9960829472918684,-0.01889588246895145,-0.08638117700092092));
#9201=FACE_BOUND('',#9202,.T.);
#9202=EDGE_LOOP('',(#9203,#9204,#9205));
#9203=ORIENTED_EDGE('',*,*,#9206,.T.);
#9204=ORIENTED_EDGE('',*,*,#9207,.T.);
#9205=ORIENTED_EDGE('',*,*,#9208,.T.);
#9206=EDGE_CURVE('',#372,#100,#9209,.F.);
#9207=EDGE_CURVE('',#100,#104,#9210,.T.);
#9208=EDGE_CURVE('',#104,#372,#9211,.T.);
#9209=LINE('',#371,#9212);
#9210=LINE('',#99,#9213);
#9211=LINE('',#103,#9214);
#9212=VECTOR('',#9215,1.0);
#9213=VECTOR('',#9216,1.0);
#9214=VECTOR('',#9217,1.0);
#9215=DIRECTION('',(-0.9960829472918684,-0.01889588246895145,-0.08638117700092092));
#9216=DIRECTION('',(0.03886610371682367,0.233196622300942,0.9716525929205895));
#9217=DIRECTION('',(0.9987069351375304,-0.013606361514135305,-0.04898290145088679));
#9218=STYLED_ITEM('',(#18),#9219);
#9219=FACE_SURFACE('',(#9224),#9220,.T.);
#9220=PLANE('',#9221);
#9221=AXIS2_PLACEMENT_3D('',#371,#9222,#9223);
#9222=DIRECTION('',(-0.004297011034072523,0.9374767123827676,-0.34802147841213843));
#9223=DIRECTION('',(-0.9987069351375304,0.013606361514135305,0.04898290145088679));
#9224=FACE_BOUND('',#9225,.T.);
#9225=EDGE_LOOP('',(#9226,#9227,#9228));
#9226=ORIENTED_EDGE('',*,*,#9229,.T.);
#9227=ORIENTED_EDGE('',*,*,#9230,.T.);
#9228=ORIENTED_EDGE('',*,*,#9231,.T.);
#9229=EDGE_CURVE('',#372,#104,#9232,.F.);
#9230=EDGE_CURVE('',#104,#108,#9233,.T.);
#9231=EDGE_CURVE('',#108,#372,#9234,.T.);
#9232=LINE('',#371,#9235);
#9233=LINE('',#103,#9236);
#9234=LINE('',#107,#9237);
#9235=VECTOR('',#9238,1.0);
#9236=VECTOR('',#9239,1.0);
#9237=VECTOR('',#9240,1.0);
#9238=DIRECTION('',(-0.9987069351375304,0.013606361514135305,0.04898290145088679));
#9239=DIRECTION('',(0.04014298526381389,0.34790587228638636,0.9366696561556576));
#9240=DIRECTION('',(0.9686848274694831,-0.08249788365811525,-0.23418754070690795));
#9241=STYLED_ITEM('',(#18),#9242);
#9242=FACE_SURFACE('',(#9247),#9243,.T.);
#9243=PLANE('',#9244);
#9244=AXIS2_PLACEMENT_3D('',#371,#9245,#9246);
#9245=DIRECTION('',(-0.008459515705573288,0.93167466304047,-0.36319520762594587));
#9246=DIRECTION('',(-0.9686848274694831,0.08249788365811525,0.23418754070690795));
#9247=FACE_BOUND('',#9248,.T.);
#9248=EDGE_LOOP('',(#9249,#9250,#9251));
#9249=ORIENTED_EDGE('',*,*,#9252,.T.);
#9250=ORIENTED_EDGE('',*,*,#9253,.T.);
#9251=ORIENTED_EDGE('',*,*,#9254,.T.);
#9252=EDGE_CURVE('',#372,#108,#9255,.F.);
#9253=EDGE_CURVE('',#108,#370,#9256,.T.);
#9254=EDGE_CURVE('',#370,#372,#9257,.T.);
#9255=LINE('',#371,#9258);
#9256=LINE('',#107,#9259);
#9257=LINE('',#369,#9260);
#9258=VECTOR('',#9261,1.0);
#9259=VECTOR('',#9262,1.0);
#9260=VECTOR('',#9263,1.0);
#9261=DIRECTION('',(-0.9686848274694831,0.08249788365811525,0.23418754070690795));
#9262=DIRECTION('',(0.9957814342092723,0.0410349492119206,0.0820698984238412));
#9263=DIRECTION('',(0,-0.3632082040665475,-0.9317080017359265));
#9264=STYLED_ITEM('',(#18),#9265);
#9265=FACE_SURFACE('',(#9270),#9266,.T.);
#9266=PLANE('',#9267);
#9267=AXIS2_PLACEMENT_3D('',#369,#9268,#9269);
#9268=DIRECTION('',(0.007230548270520262,0.856553581436156,-0.516007443067057));
#9269=DIRECTION('',(-0.9957814342092723,-0.0410349492119206,-0.0820698984238412));
#9270=FACE_BOUND('',#9271,.T.);
#9271=EDGE_LOOP('',(#9272,#9273,#9274));
#9272=ORIENTED_EDGE('',*,*,#9275,.T.);
#9273=ORIENTED_EDGE('',*,*,#9276,.T.);
#9274=ORIENTED_EDGE('',*,*,#9277,.T.);
#9275=EDGE_CURVE('',#370,#108,#9278,.F.);
#9276=EDGE_CURVE('',#108,#112,#9279,.T.);
#9277=EDGE_CURVE('',#112,#370,#9280,.T.);
#9278=LINE('',#369,#9281);
#9279=LINE('',#107,#9282);
#9280=LINE('',#111,#9283);
#9281=VECTOR('',#9284,1.0);
#9282=VECTOR('',#9285,1.0);
#9283=VECTOR('',#9286,1.0);
#9284=DIRECTION('',(-0.9957814342092723,-0.0410349492119206,-0.0820698984238412));
#9285=DIRECTION('',(0.027624262547542796,0.5156529008874651,0.8563521389738257));
#9286=DIRECTION('',(0.9790030754759719,-0.11118871494325439,-0.17085095222987862));
#9287=STYLED_ITEM('',(#18),#9288);
#9288=FACE_SURFACE('',(#9293),#9289,.T.);
#9289=PLANE('',#9290);
#9290=AXIS2_PLACEMENT_3D('',#369,#9291,#9292);
#9291=DIRECTION('',(-0.00920883446487383,0.8131599584306594,-0.5819674212297857));
#9292=DIRECTION('',(-0.9790030754759719,0.11118871494325439,0.17085095222987862));
#9293=FACE_BOUND('',#9294,.T.);
#9294=EDGE_LOOP('',(#9295,#9296,#9297));
#9295=ORIENTED_EDGE('',*,*,#9298,.T.);
#9296=ORIENTED_EDGE('',*,*,#9299,.T.);
#9297=ORIENTED_EDGE('',*,*,#9300,.T.);
#9298=EDGE_CURVE('',#370,#112,#9301,.F.);
#9299=EDGE_CURVE('',#112,#368,#9302,.T.);
#9300=EDGE_CURVE('',#368,#370,#9303,.T.);
#9301=LINE('',#369,#9304);
#9302=LINE('',#111,#9305);
#9303=LINE('',#367,#9306);
#9304=VECTOR('',#9307,1.0);
#9305=VECTOR('',#9308,1.0);
#9306=VECTOR('',#9309,1.0);
#9307=DIRECTION('',(-0.9790030754759719,0.11118871494325439,0.17085095222987862));
#9308=DIRECTION('',(0.9903763744139426,0.08778959551591742,0.10699356953502435));
#9309=DIRECTION('',(0,-0.5819920989839387,-0.8131944396761881));
#9310=STYLED_ITEM('',(#18),#9311);
#9311=FACE_SURFACE('',(#9316),#9312,.T.);
#9312=PLANE('',#9313);
#9313=AXIS2_PLACEMENT_3D('',#367,#9314,#9315);
#9314=DIRECTION('',(0.00580575857483508,0.7460399768663077,-0.6658758488522387));
#9315=DIRECTION('',(-0.9903763744139426,-0.08778959551591742,-0.10699356953502435));
#9316=FACE_BOUND('',#9317,.T.);
#9317=EDGE_LOOP('',(#9318,#9319,#9320));
#9318=ORIENTED_EDGE('',*,*,#9321,.T.);
#9319=ORIENTED_EDGE('',*,*,#9322,.T.);
#9320=ORIENTED_EDGE('',*,*,#9323,.T.);
#9321=EDGE_CURVE('',#368,#112,#9324,.F.);
#9322=EDGE_CURVE('',#112,#116,#9325,.T.);
#9323=EDGE_CURVE('',#116,#368,#9326,.T.);
#9324=LINE('',#367,#9327);
#9325=LINE('',#111,#9328);
#9326=LINE('',#115,#9329);
#9327=VECTOR('',#9330,1.0);
#9328=VECTOR('',#9331,1.0);
#9329=VECTOR('',#9332,1.0);
#9330=DIRECTION('',(-0.9903763744139426,-0.08778959551591742,-0.10699356953502435));
#9331=DIRECTION('',(0.02295214588926061,0.665612230788557,0.7459447414009692));
#9332=DIRECTION('',(0.9947957612752256,-0.07204648967452879,-0.07204648967452879));
#9333=STYLED_ITEM('',(#18),#9334);
#9334=FACE_SURFACE('',(#9339),#9335,.T.);
#9335=PLANE('',#9336);
#9336=AXIS2_PLACEMENT_3D('',#367,#9337,#9338);
#9337=DIRECTION('',(-0.008648518189153758,0.6448468215959001,-0.7642628996692156));
#9338=DIRECTION('',(-0.9947957612752256,0.07204648967452879,0.07204648967452879));
#9339=FACE_BOUND('',#9340,.T.);
#9340=EDGE_LOOP('',(#9341,#9342,#9343));
#9341=ORIENTED_EDGE('',*,*,#9344,.T.);
#9342=ORIENTED_EDGE('',*,*,#9345,.T.);
#9343=ORIENTED_EDGE('',*,*,#9346,.T.);
#9344=EDGE_CURVE('',#368,#116,#9347,.F.);
#9345=EDGE_CURVE('',#116,#358,#9348,.T.);
#9346=EDGE_CURVE('',#358,#368,#9349,.T.);
#9347=LINE('',#367,#9350);
#9348=LINE('',#115,#9351);
#9349=LINE('',#357,#9352);
#9350=VECTOR('',#9353,1.0);
#9351=VECTOR('',#9354,1.0);
#9352=VECTOR('',#9355,1.0);
#9353=DIRECTION('',(-0.9947957612752256,0.07204648967452879,0.07204648967452879));
#9354=DIRECTION('',(0.9706035515001775,0.18925417438722142,0.1486997084471024));
#9355=DIRECTION('',(0,-0.7642914835078911,-0.6448709392097827));
#9356=STYLED_ITEM('',(#18),#9357);
#9357=FACE_SURFACE('',(#9362),#9358,.T.);
#9358=PLANE('',#9359);
#9359=AXIS2_PLACEMENT_3D('',#357,#9360,#9361);
#9360=DIRECTION('',(-0.002189246745954495,0.6247380464038449,-0.7808313393903915));
#9361=DIRECTION('',(-0.9706035515001775,-0.18925417438722142,-0.1486997084471024));
#9362=FACE_BOUND('',#9363,.T.);
#9363=EDGE_LOOP('',(#9364,#9365,#9366));
#9364=ORIENTED_EDGE('',*,*,#9367,.T.);
#9365=ORIENTED_EDGE('',*,*,#9368,.T.);
#9366=ORIENTED_EDGE('',*,*,#9369,.T.);
#9367=EDGE_CURVE('',#358,#116,#9370,.F.);
#9368=EDGE_CURVE('',#116,#120,#9371,.T.);
#9369=EDGE_CURVE('',#120,#358,#9372,.T.);
#9370=LINE('',#357,#9373);
#9371=LINE('',#115,#9374);
#9372=LINE('',#119,#9375);
#9373=VECTOR('',#9376,1.0);
#9374=VECTOR('',#9377,1.0);
#9375=VECTOR('',#9378,1.0);
#9376=DIRECTION('',(-0.9706035515001775,-0.18925417438722142,-0.1486997084471024));
#9377=DIRECTION('',(0.02602014739414439,0.7806044218243318,0.6244835374594654));
#9378=DIRECTION('',(0.9994159645004065,0.027994844943989003,0.019596391460792145));
#9379=STYLED_ITEM('',(#18),#9380);
#9380=FACE_SURFACE('',(#9385),#9381,.T.);
#9381=PLANE('',#9382);
#9382=AXIS2_PLACEMENT_3D('',#357,#9383,#9384);
#9383=DIRECTION('',(0.0024031054249080727,0.5144648197157654,-0.857508119121412));
#9384=DIRECTION('',(-0.9994159645004065,-0.027994844943989003,-0.019596391460792145));
#9385=FACE_BOUND('',#9386,.T.);
#9386=EDGE_LOOP('',(#9387,#9388,#9389));
#9387=ORIENTED_EDGE('',*,*,#9390,.T.);
#9388=ORIENTED_EDGE('',*,*,#9391,.T.);
#9389=ORIENTED_EDGE('',*,*,#9392,.T.);
#9390=EDGE_CURVE('',#358,#120,#9393,.F.);
#9391=EDGE_CURVE('',#120,#124,#9394,.T.);
#9392=EDGE_CURVE('',#124,#358,#9395,.T.);
#9393=LINE('',#357,#9396);
#9394=LINE('',#119,#9397);
#9395=LINE('',#123,#9398);
#9396=VECTOR('',#9399,1.0);
#9397=VECTOR('',#9400,1.0);
#9398=VECTOR('',#9401,1.0);
#9399=DIRECTION('',(-0.9994159645004065,-0.027994844943989003,-0.019596391460792145));
#9400=DIRECTION('',(0.01429008947267383,0.8574053683604282,0.5144432210162571));
#9401=DIRECTION('',(0.9870740667734815,-0.13863399814234273,-0.08040771892255896));
#9402=STYLED_ITEM('',(#18),#9403);
#9403=FACE_SURFACE('',(#9408),#9404,.T.);
#9404=PLANE('',#9405);
#9405=AXIS2_PLACEMENT_3D('',#357,#9406,#9407);
#9406=DIRECTION('',(-0.011778349135178494,0.43760925249865945,-0.8990881005881539));
#9407=DIRECTION('',(-0.9870740667734815,0.13863399814234273,0.08040771892255896));
#9408=FACE_BOUND('',#9409,.T.);
#9409=EDGE_LOOP('',(#9410,#9411,#9412));
#9410=ORIENTED_EDGE('',*,*,#9413,.T.);
#9411=ORIENTED_EDGE('',*,*,#9414,.T.);
#9412=ORIENTED_EDGE('',*,*,#9415,.T.);
#9413=EDGE_CURVE('',#358,#124,#9416,.F.);
#9414=EDGE_CURVE('',#124,#360,#9417,.T.);
#9415=EDGE_CURVE('',#360,#358,#9418,.T.);
#9416=LINE('',#357,#9419);
#9417=LINE('',#123,#9420);
#9418=LINE('',#359,#9421);
#9419=VECTOR('',#9422,1.0);
#9420=VECTOR('',#9423,1.0);
#9421=VECTOR('',#9424,1.0);
#9422=DIRECTION('',(-0.9870740667734815,0.13863399814234273,0.08040771892255896));
#9423=DIRECTION('',(0.9821633324730938,0.17380980321855327,0.0717310298997204));
#9424=DIRECTION('',(0,-0.8991504721028851,-0.437639610315564));
#9425=STYLED_ITEM('',(#18),#9426);
#9426=FACE_SURFACE('',(#9431),#9427,.T.);
#9427=PLANE('',#9428);
#9428=AXIS2_PLACEMENT_3D('',#359,#9429,#9430);
#9429=DIRECTION('',(-0.001089412366139329,0.3867413899794614,-0.9221875679369412));
#9430=DIRECTION('',(-0.9821633324730938,-0.17380980321855327,-0.0717310298997204));
#9431=FACE_BOUND('',#9432,.T.);
#9432=EDGE_LOOP('',(#9433,#9434,#9435));
#9433=ORIENTED_EDGE('',*,*,#9436,.T.);
#9434=ORIENTED_EDGE('',*,*,#9437,.T.);
#9435=ORIENTED_EDGE('',*,*,#9438,.T.);
#9436=EDGE_CURVE('',#360,#124,#9439,.F.);
#9437=EDGE_CURVE('',#124,#128,#9440,.T.);
#9438=EDGE_CURVE('',#128,#360,#9441,.T.);
#9439=LINE('',#359,#9442);
#9440=LINE('',#123,#9443);
#9441=LINE('',#127,#9444);
#9442=VECTOR('',#9445,1.0);
#9443=VECTOR('',#9446,1.0);
#9444=VECTOR('',#9447,1.0);
#9445=DIRECTION('',(-0.9821633324730938,-0.17380980321855327,-0.0717310298997204));
#9446=DIRECTION('',(0.014872457840313416,0.9220923860994318,0.3866839038481488));
#9447=DIRECTION('',(0.9999960325568386,0.0028168902325544777,0));
#9448=STYLED_ITEM('',(#18),#9449);
#9449=FACE_SURFACE('',(#9454),#9450,.T.);
#9450=PLANE('',#9451);
#9451=AXIS2_PLACEMENT_3D('',#359,#9452,#9453);
#9452=DIRECTION('',(-0.0005736502416945091,0.20364583580155052,-0.979044454805852));
#9453=DIRECTION('',(-0.9999960325568386,-0.0028168902325544777,0));
#9454=FACE_BOUND('',#9455,.T.);
#9455=EDGE_LOOP('',(#9456,#9457,#9458));
#9456=ORIENTED_EDGE('',*,*,#9459,.T.);
#9457=ORIENTED_EDGE('',*,*,#9460,.T.);
#9458=ORIENTED_EDGE('',*,*,#9461,.T.);
#9459=EDGE_CURVE('',#360,#128,#9462,.F.);
#9460=EDGE_CURVE('',#128,#132,#9463,.T.);
#9461=EDGE_CURVE('',#132,#360,#9464,.T.);
#9462=LINE('',#359,#9465);
#9463=LINE('',#127,#9466);
#9464=LINE('',#131,#9467);
#9465=VECTOR('',#9468,1.0);
#9466=VECTOR('',#9469,1.0);
#9467=VECTOR('',#9470,1.0);
#9468=DIRECTION('',(-0.9999960325568386,-0.0028168902325544777,0));
#9469=DIRECTION('',(0.007832124016211988,0.9790155020264977,0.20363522442151125));
#9470=DIRECTION('',(0.9415160007163992,-0.3297965652226935,-0.06915089270798404));
#9471=STYLED_ITEM('',(#18),#9472);
#9472=FACE_SURFACE('',(#9477),#9473,.T.);
#9473=PLANE('',#9474);
#9474=AXIS2_PLACEMENT_3D('',#137,#9475,#9476);
#9475=DIRECTION('',(-0.00026587912831775416,-0.04719354527640132,-0.9988857284957742));
#9476=DIRECTION('',(0.999984130510679,-0.005633713411327775,0));
#9477=FACE_BOUND('',#9478,.T.);
#9478=EDGE_LOOP('',(#9479,#9480,#9481));
#9479=ORIENTED_EDGE('',*,*,#9482,.T.);
#9480=ORIENTED_EDGE('',*,*,#9483,.T.);
#9481=ORIENTED_EDGE('',*,*,#9484,.T.);
#9482=EDGE_CURVE('',#138,#364,#9485,.F.);
#9483=EDGE_CURVE('',#364,#132,#9486,.T.);
#9484=EDGE_CURVE('',#132,#138,#9487,.T.);
#9485=LINE('',#137,#9488);
#9486=LINE('',#363,#9489);
#9487=LINE('',#131,#9490);
#9488=VECTOR('',#9491,1.0);
#9489=VECTOR('',#9492,1.0);
#9490=VECTOR('',#9493,1.0);
#9491=DIRECTION('',(0.999984130510679,-0.005633713411327775,0));
#9492=DIRECTION('',(-0.9428207449491544,-0.3329169297136845,0.015980012626256868));
#9493=DIRECTION('',(-0.007864999743011145,0.9988549673624145,-0.047189998458066866));
#9494=STYLED_ITEM('',(#18),#9495);
#9495=FACE_SURFACE('',(#9500),#9496,.T.);
#9496=PLANE('',#9497);
#9497=AXIS2_PLACEMENT_3D('',#131,#9498,#9499);
#9498=DIRECTION('',(0,-0.04794479936839828,-0.99884998684163));
#9499=DIRECTION('',(0.9428207449491544,0.3329169297136845,-0.015980012626256868));
#9500=FACE_BOUND('',#9501,.T.);
#9501=EDGE_LOOP('',(#9502,#9503,#9504));
#9502=ORIENTED_EDGE('',*,*,#9505,.T.);
#9503=ORIENTED_EDGE('',*,*,#9506,.T.);
#9504=ORIENTED_EDGE('',*,*,#9507,.T.);
#9505=EDGE_CURVE('',#132,#364,#9508,.F.);
#9506=EDGE_CURVE('',#364,#362,#9509,.T.);
#9507=EDGE_CURVE('',#362,#132,#9510,.T.);
#9508=LINE('',#131,#9511);
#9509=LINE('',#363,#9512);
#9510=LINE('',#361,#9513);
#9511=VECTOR('',#9514,1.0);
#9512=VECTOR('',#9515,1.0);
#9513=VECTOR('',#9516,1.0);
#9514=DIRECTION('',(0.9428207449491544,0.3329169297136845,-0.015980012626256868));
#9515=DIRECTION('',(0,-0.9988499868416297,0.047944799368398267));
#9516=DIRECTION('',(-1,0,0));
#9517=STYLED_ITEM('',(#18),#9518);
#9518=FACE_SURFACE('',(#9523),#9519,.T.);
#9519=PLANE('',#9520);
#9520=AXIS2_PLACEMENT_3D('',#131,#9521,#9522);
#9521=DIRECTION('',(0,0.20521484429728767,-0.978716949725527));
#9522=DIRECTION('',(1,0,0));
#9523=FACE_BOUND('',#9524,.T.);
#9524=EDGE_LOOP('',(#9525,#9526,#9527));
#9525=ORIENTED_EDGE('',*,*,#9528,.T.);
#9526=ORIENTED_EDGE('',*,*,#9529,.T.);
#9527=ORIENTED_EDGE('',*,*,#9530,.T.);
#9528=EDGE_CURVE('',#132,#362,#9531,.F.);
#9529=EDGE_CURVE('',#362,#360,#9532,.T.);
#9530=EDGE_CURVE('',#360,#132,#9533,.T.);
#9531=LINE('',#131,#9534);
#9532=LINE('',#361,#9535);
#9533=LINE('',#359,#9536);
#9534=VECTOR('',#9537,1.0);
#9535=VECTOR('',#9538,1.0);
#9536=VECTOR('',#9539,1.0);
#9537=DIRECTION('',(1,0,0));
#9538=DIRECTION('',(0,-0.9787169497255273,-0.20521484429728773));
#9539=DIRECTION('',(-0.9415160007163992,0.3297965652226935,0.06915089270798404));
#9540=STYLED_ITEM('',(#18),#9541);
#9541=FACE_SURFACE('',(#9546),#9542,.T.);
#9542=PLANE('',#9543);
#9543=AXIS2_PLACEMENT_3D('',#137,#9544,#9545);
#9544=DIRECTION('',(-0.0013465849600944014,-0.23901883041675598,-0.9710139985680696));
#9545=DIRECTION('',(0,0.9710148789347658,-0.2390190471224043));
#9546=FACE_BOUND('',#9547,.T.);
#9547=EDGE_LOOP('',(#9548,#9549,#9550));
#9548=ORIENTED_EDGE('',*,*,#9551,.T.);
#9549=ORIENTED_EDGE('',*,*,#9552,.T.);
#9550=ORIENTED_EDGE('',*,*,#9553,.T.);
#9551=EDGE_CURVE('',#138,#142,#9554,.F.);
#9552=EDGE_CURVE('',#142,#364,#9555,.T.);
#9553=EDGE_CURVE('',#364,#138,#9556,.T.);
#9554=LINE('',#137,#9557);
#9555=LINE('',#141,#9558);
#9556=LINE('',#363,#9559);
#9557=VECTOR('',#9560,1.0);
#9558=VECTOR('',#9561,1.0);
#9559=VECTOR('',#9562,1.0);
#9560=DIRECTION('',(0,0.9710148789347658,-0.2390190471224043));
#9561=DIRECTION('',(0.9816898284712967,-0.1852766718523291,0.044245175367720456));
#9562=DIRECTION('',(-0.999984130510679,0.005633713411327775,0));
#9563=STYLED_ITEM('',(#18),#9564);
#9564=FACE_SURFACE('',(#9569),#9565,.T.);
#9565=PLANE('',#9566);
#9566=AXIS2_PLACEMENT_3D('',#363,#9567,#9568);
#9567=DIRECTION('',(-0.010620643180297505,-0.2851508820256364,-0.9584237979194998));
#9568=DIRECTION('',(-0.9816898284712967,0.1852766718523291,-0.044245175367720456));
#9569=FACE_BOUND('',#9570,.T.);
#9570=EDGE_LOOP('',(#9571,#9572,#9573));
#9571=ORIENTED_EDGE('',*,*,#9574,.T.);
#9572=ORIENTED_EDGE('',*,*,#9575,.T.);
#9573=ORIENTED_EDGE('',*,*,#9576,.T.);
#9574=EDGE_CURVE('',#364,#142,#9577,.F.);
#9575=EDGE_CURVE('',#142,#366,#9578,.T.);
#9576=EDGE_CURVE('',#366,#364,#9579,.T.);
#9577=LINE('',#363,#9580);
#9578=LINE('',#141,#9581);
#9579=LINE('',#365,#9582);
#9580=VECTOR('',#9583,1.0);
#9581=VECTOR('',#9584,1.0);
#9582=VECTOR('',#9585,1.0);
#9583=DIRECTION('',(-0.9816898284712967,0.1852766718523291,-0.044245175367720456));
#9584=DIRECTION('',(0.9870979406827861,0.15015010928695885,-0.055611151587762496));
#9585=DIRECTION('',(0,-0.958477856666115,0.28516696561967064));
#9586=STYLED_ITEM('',(#18),#9587);
#9587=FACE_SURFACE('',(#9592),#9588,.T.);
#9588=PLANE('',#9589);
#9589=AXIS2_PLACEMENT_3D('',#141,#9590,#9591);
#9590=DIRECTION('',(0.002017713922980922,-0.3589513068983201,-0.9333541064925537));
#9591=DIRECTION('',(-0.014357683075131604,0.9332493998835542,-0.3589420768782893));
#9592=FACE_BOUND('',#9593,.T.);
#9593=EDGE_LOOP('',(#9594,#9595,#9596));
#9594=ORIENTED_EDGE('',*,*,#9597,.T.);
#9595=ORIENTED_EDGE('',*,*,#9598,.T.);
#9596=ORIENTED_EDGE('',*,*,#9599,.T.);
#9597=EDGE_CURVE('',#142,#146,#9600,.F.);
#9598=EDGE_CURVE('',#146,#366,#9601,.T.);
#9599=EDGE_CURVE('',#366,#142,#9602,.T.);
#9600=LINE('',#141,#9603);
#9601=LINE('',#145,#9604);
#9602=LINE('',#365,#9605);
#9603=VECTOR('',#9606,1.0);
#9604=VECTOR('',#9607,1.0);
#9605=VECTOR('',#9608,1.0);
#9606=DIRECTION('',(-0.014357683075131604,0.9332493998835542,-0.3589420768782893));
#9607=DIRECTION('',(0.9994244966826082,-0.030881093998620258,0.014036860908463612));
#9608=DIRECTION('',(-0.9870979406827861,-0.15015010928695885,0.055611151587762496));
#9609=STYLED_ITEM('',(#18),#9610);
#9610=FACE_SURFACE('',(#9615),#9611,.T.);
#9611=PLANE('',#9612);
#9612=AXIS2_PLACEMENT_3D('',#365,#9613,#9614);
#9613=DIRECTION('',(-0.0030281652956891955,-0.49337203968195914,-0.8698131182472505));
#9614=DIRECTION('',(-0.9994244966826082,0.030881093998620258,-0.014036860908463612));
#9615=FACE_BOUND('',#9616,.T.);
#9616=EDGE_LOOP('',(#9617,#9618,#9619));
#9617=ORIENTED_EDGE('',*,*,#9620,.T.);
#9618=ORIENTED_EDGE('',*,*,#9621,.T.);
#9619=ORIENTED_EDGE('',*,*,#9622,.T.);
#9620=EDGE_CURVE('',#366,#146,#9623,.F.);
#9621=EDGE_CURVE('',#146,#150,#9624,.T.);
#9622=EDGE_CURVE('',#150,#366,#9625,.T.);
#9623=LINE('',#365,#9626);
#9624=LINE('',#145,#9627);
#9625=LINE('',#149,#9628);
#9626=VECTOR('',#9629,1.0);
#9627=VECTOR('',#9630,1.0);
#9628=VECTOR('',#9631,1.0);
#9629=DIRECTION('',(-0.9994244966826082,0.030881093998620258,-0.014036860908463612));
#9630=DIRECTION('',(-0.012981540392700225,0.8697632063109135,-0.4932985349226085));
#9631=DIRECTION('',(0.9702591639774594,-0.21198939717154594,0.11686594972277534));
#9632=STYLED_ITEM('',(#18),#9633);
#9633=FACE_SURFACE('',(#9638),#9634,.T.);
#9634=PLANE('',#9635);
#9635=AXIS2_PLACEMENT_3D('',#365,#9636,#9637);
#9636=DIRECTION('',(-0.00946615565530547,-0.5156388309421717,-0.8567537498731476));
#9637=DIRECTION('',(-0.9702591639774594,0.21198939717154594,-0.11686594972277534));
#9638=FACE_BOUND('',#9639,.T.);
#9639=EDGE_LOOP('',(#9640,#9641,#9642));
#9640=ORIENTED_EDGE('',*,*,#9643,.T.);
#9641=ORIENTED_EDGE('',*,*,#9644,.T.);
#9642=ORIENTED_EDGE('',*,*,#9645,.T.);
#9643=EDGE_CURVE('',#366,#150,#9646,.F.);
#9644=EDGE_CURVE('',#150,#374,#9647,.T.);
#9645=EDGE_CURVE('',#374,#366,#9648,.T.);
#9646=LINE('',#365,#9649);
#9647=LINE('',#149,#9650);
#9648=LINE('',#373,#9651);
#9649=VECTOR('',#9652,1.0);
#9650=VECTOR('',#9653,1.0);
#9651=VECTOR('',#9654,1.0);
#9652=DIRECTION('',(-0.9702591639774594,0.21198939717154594,-0.11686594972277534));
#9653=DIRECTION('',(0.9946142019680598,0.0835810253754673,-0.06129275194200919));
#9654=DIRECTION('',(0,-0.8567921384922006,0.5156619352036388));
#9655=STYLED_ITEM('',(#18),#9656);
#9656=FACE_SURFACE('',(#9661),#9657,.T.);
#9657=PLANE('',#9658);
#9658=AXIS2_PLACEMENT_3D('',#373,#9659,#9660);
#9659=DIRECTION('',(0.004920535509842668,-0.6287741447934571,-0.7775724166722693));
#9660=DIRECTION('',(-0.9946142019680598,-0.0835810253754673,0.06129275194200919));
#9661=FACE_BOUND('',#9662,.T.);
#9662=EDGE_LOOP('',(#9663,#9664,#9665));
#9663=ORIENTED_EDGE('',*,*,#9666,.T.);
#9664=ORIENTED_EDGE('',*,*,#9667,.T.);
#9665=ORIENTED_EDGE('',*,*,#9668,.T.);
#9666=EDGE_CURVE('',#374,#150,#9669,.F.);
#9667=EDGE_CURVE('',#150,#154,#9670,.T.);
#9668=EDGE_CURVE('',#154,#374,#9671,.T.);
#9669=LINE('',#373,#9672);
#9670=LINE('',#149,#9673);
#9671=LINE('',#153,#9674);
#9672=VECTOR('',#9675,1.0);
#9673=VECTOR('',#9676,1.0);
#9674=VECTOR('',#9677,1.0);
#9675=DIRECTION('',(-0.9946142019680598,-0.0835810253754673,0.06129275194200919));
#9676=DIRECTION('',(-0.02286199571414209,0.777307854280831,-0.6287048821389069));
#9677=DIRECTION('',(0.9903156248925216,-0.10482449511397174,0.09103179838844914));
#9678=STYLED_ITEM('',(#18),#9679);
#9679=FACE_SURFACE('',(#9684),#9680,.T.);
#9680=PLANE('',#9681);
#9681=AXIS2_PLACEMENT_3D('',#373,#9682,#9683);
#9682=DIRECTION('',(-0.009847806309174655,-0.7070724929987369,-0.7070724929987364));
#9683=DIRECTION('',(-0.9903156248925216,0.10482449511397174,-0.09103179838844914));
#9684=FACE_BOUND('',#9685,.T.);
#9685=EDGE_LOOP('',(#9686,#9687,#9688));
#9686=ORIENTED_EDGE('',*,*,#9689,.T.);
#9687=ORIENTED_EDGE('',*,*,#9690,.T.);
#9688=ORIENTED_EDGE('',*,*,#9691,.T.);
#9689=EDGE_CURVE('',#374,#154,#9692,.F.);
#9690=EDGE_CURVE('',#154,#376,#9693,.T.);
#9691=EDGE_CURVE('',#376,#374,#9694,.T.);
#9692=LINE('',#373,#9695);
#9693=LINE('',#153,#9696);
#9694=LINE('',#375,#9697);
#9695=VECTOR('',#9698,1.0);
#9696=VECTOR('',#9699,1.0);
#9697=VECTOR('',#9700,1.0);
#9698=DIRECTION('',(-0.9903156248925216,0.10482449511397174,-0.09103179838844914));
#9699=DIRECTION('',(0.9784595616066641,0.13900121905832816,-0.15262878955424286));
#9700=DIRECTION('',(0,-0.7071067811865472,0.7071067811865477));
#9701=STYLED_ITEM('',(#18),#9702);
#9702=FACE_SURFACE('',(#9707),#9703,.T.);
#9703=PLANE('',#9704);
#9704=AXIS2_PLACEMENT_3D('',#375,#9705,#9706);
#9705=DIRECTION('',(0.007983163300613152,-0.7642667357919452,-0.6448508553655186));
#9706=DIRECTION('',(-0.9784595616066641,-0.13900121905832816,0.15262878955424286));
#9707=FACE_BOUND('',#9708,.T.);
#9708=EDGE_LOOP('',(#9709,#9710,#9711));
#9709=ORIENTED_EDGE('',*,*,#9712,.T.);
#9710=ORIENTED_EDGE('',*,*,#9713,.T.);
#9711=ORIENTED_EDGE('',*,*,#9714,.T.);
#9712=EDGE_CURVE('',#376,#154,#9715,.F.);
#9713=EDGE_CURVE('',#154,#158,#9716,.T.);
#9714=EDGE_CURVE('',#158,#376,#9717,.T.);
#9715=LINE('',#375,#9718);
#9716=LINE('',#153,#9719);
#9717=LINE('',#157,#9720);
#9718=VECTOR('',#9721,1.0);
#9719=VECTOR('',#9722,1.0);
#9720=VECTOR('',#9723,1.0);
#9721=DIRECTION('',(-0.9784595616066641,-0.13900121905832816,0.15262878955424286));
#9722=DIRECTION('',(-0.02761957927844961,0.6444568498304909,-0.7641416933704387));
#9723=DIRECTION('',(0.9958668577836571,-0.05226925496654589,0.07427736232088057));
#9724=STYLED_ITEM('',(#18),#9725);
#9725=FACE_SURFACE('',(#9730),#9726,.T.);
#9726=PLANE('',#9727);
#9727=AXIS2_PLACEMENT_3D('',#375,#9728,#9729);
#9728=DIRECTION('',(-0.007129306660207535,-0.8602696703316812,-0.5097894342706264));
#9729=DIRECTION('',(-0.9958668577836571,0.05226925496654589,-0.07427736232088057));
#9730=FACE_BOUND('',#9731,.T.);
#9731=EDGE_LOOP('',(#9732,#9733,#9734));
#9732=ORIENTED_EDGE('',*,*,#9735,.T.);
#9733=ORIENTED_EDGE('',*,*,#9736,.T.);
#9734=ORIENTED_EDGE('',*,*,#9737,.T.);
#9735=EDGE_CURVE('',#376,#158,#9738,.F.);
#9736=EDGE_CURVE('',#158,#378,#9739,.T.);
#9737=EDGE_CURVE('',#378,#376,#9740,.T.);
#9738=LINE('',#375,#9741);
#9739=LINE('',#157,#9742);
#9740=LINE('',#377,#9743);
#9741=VECTOR('',#9744,1.0);
#9742=VECTOR('',#9745,1.0);
#9743=VECTOR('',#9746,1.0);
#9744=DIRECTION('',(-0.9958668577836571,0.05226925496654589,-0.07427736232088057));
#9745=DIRECTION('',(0.9687666986545174,0.1204267995565006,-0.2167682392017013));
#9746=DIRECTION('',(0,-0.5098023903017334,0.8602915336341741));
#9747=STYLED_ITEM('',(#18),#9748);
#9748=FACE_SURFACE('',(#9753),#9749,.T.);
#9749=PLANE('',#9750);
#9750=AXIS2_PLACEMENT_3D('',#377,#9751,#9752);
#9751=DIRECTION('',(-0.00264118511937313,-0.8690966367804,-0.49463527985593864));
#9752=DIRECTION('',(-0.9687666986545174,-0.1204267995565006,0.2167682392017013));
#9753=FACE_BOUND('',#9754,.T.);
#9754=EDGE_LOOP('',(#9755,#9756,#9757));
#9755=ORIENTED_EDGE('',*,*,#9758,.T.);
#9756=ORIENTED_EDGE('',*,*,#9759,.T.);
#9757=ORIENTED_EDGE('',*,*,#9760,.T.);
#9758=EDGE_CURVE('',#378,#158,#9761,.F.);
#9759=EDGE_CURVE('',#158,#162,#9762,.T.);
#9760=EDGE_CURVE('',#162,#378,#9763,.T.);
#9761=LINE('',#377,#9764);
#9762=LINE('',#157,#9765);
#9763=LINE('',#161,#9766);
#9764=VECTOR('',#9767,1.0);
#9765=VECTOR('',#9768,1.0);
#9766=VECTOR('',#9769,1.0);
#9767=DIRECTION('',(-0.9687666986545174,-0.1204267995565006,0.2167682392017013));
#9768=DIRECTION('',(-0.026730897992154237,0.4945216128548519,-0.8687541847450112));
#9769=DIRECTION('',(0.998794599369013,0.021951529656461844,-0.04390305931292369));
#9770=STYLED_ITEM('',(#18),#9771);
#9771=FACE_SURFACE('',(#9776),#9772,.T.);
#9772=PLANE('',#9773);
#9773=AXIS2_PLACEMENT_3D('',#377,#9774,#9775);
#9774=DIRECTION('',(0.0030061753443222637,-0.9201043821729205,-0.3916617020031288));
#9775=DIRECTION('',(-0.998794599369013,-0.021951529656461844,0.04390305931292369));
#9776=FACE_BOUND('',#9777,.T.);
#9777=EDGE_LOOP('',(#9778,#9779,#9780));
#9778=ORIENTED_EDGE('',*,*,#9781,.T.);
#9779=ORIENTED_EDGE('',*,*,#9782,.T.);
#9780=ORIENTED_EDGE('',*,*,#9783,.T.);
#9781=EDGE_CURVE('',#378,#162,#9784,.F.);
#9782=EDGE_CURVE('',#162,#166,#9785,.T.);
#9783=EDGE_CURVE('',#166,#378,#9786,.T.);
#9784=LINE('',#377,#9787);
#9785=LINE('',#161,#9788);
#9786=LINE('',#165,#9789);
#9787=VECTOR('',#9790,1.0);
#9788=VECTOR('',#9791,1.0);
#9789=VECTOR('',#9792,1.0);
#9790=DIRECTION('',(-0.998794599369013,-0.021951529656461844,0.04390305931292369));
#9791=DIRECTION('',(-0.03912553515233695,0.39125535152336954,-0.9194500760799185));
#9792=DIRECTION('',(0.9959008543200891,-0.0326524870268882,0.08435225815279451));
#9793=STYLED_ITEM('',(#18),#9794);
#9794=FACE_SURFACE('',(#9799),#9795,.T.);
#9795=PLANE('',#9796);
#9796=AXIS2_PLACEMENT_3D('',#165,#9797,#9798);
#9797=DIRECTION('',(-0.007574400222061319,-0.9593982648617145,-0.28195318377632694));
#9798=DIRECTION('',(-0.028205406366326,0.28205406366325997,-0.9589838164550808));
#9799=FACE_BOUND('',#9800,.T.);
#9800=EDGE_LOOP('',(#9801,#9802,#9803));
#9801=ORIENTED_EDGE('',*,*,#9804,.T.);
#9802=ORIENTED_EDGE('',*,*,#9805,.T.);
#9803=ORIENTED_EDGE('',*,*,#9806,.T.);
#9804=EDGE_CURVE('',#166,#170,#9807,.F.);
#9805=EDGE_CURVE('',#170,#378,#9808,.T.);
#9806=EDGE_CURVE('',#378,#166,#9809,.T.);
#9807=LINE('',#165,#9810);
#9808=LINE('',#169,#9811);
#9809=LINE('',#377,#9812);
#9810=VECTOR('',#9813,1.0);
#9811=VECTOR('',#9814,1.0);
#9812=VECTOR('',#9815,1.0);
#9813=DIRECTION('',(-0.028205406366326,0.28205406366325997,-0.9589838164550808));
#9814=DIRECTION('',(0.9829644080701376,-0.05892429694153419,0.17409451369089618));
#9815=DIRECTION('',(-0.9959008543200891,0.0326524870268882,-0.08435225815279451));
#9816=STYLED_ITEM('',(#18),#9817);
#9817=FACE_SURFACE('',(#9822),#9818,.T.);
#9818=PLANE('',#9819);
#9819=AXIS2_PLACEMENT_3D('',#377,#9820,#9821);
#9820=DIRECTION('',(-0.008371358824715057,-0.960586385863339,-0.27785556615881646));
#9821=DIRECTION('',(-0.9829644080701376,0.05892429694153419,-0.17409451369089618));
#9822=FACE_BOUND('',#9823,.T.);
#9823=EDGE_LOOP('',(#9824,#9825,#9826));
#9824=ORIENTED_EDGE('',*,*,#9827,.T.);
#9825=ORIENTED_EDGE('',*,*,#9828,.T.);
#9826=ORIENTED_EDGE('',*,*,#9829,.T.);
#9827=EDGE_CURVE('',#378,#170,#9830,.F.);
#9828=EDGE_CURVE('',#170,#380,#9831,.T.);
#9829=EDGE_CURVE('',#380,#378,#9832,.T.);
#9830=LINE('',#377,#9833);
#9831=LINE('',#169,#9834);
#9832=LINE('',#379,#9835);
#9833=VECTOR('',#9836,1.0);
#9834=VECTOR('',#9837,1.0);
#9835=VECTOR('',#9838,1.0);
#9836=DIRECTION('',(-0.9829644080701376,0.05892429694153419,-0.17409451369089618));
#9837=DIRECTION('',(0.9879522677333984,0.0349955844156242,-0.15075020979038245));
#9838=DIRECTION('',(0,-0.2778653026807835,0.9606200464107109));
#9839=STYLED_ITEM('',(#18),#9840);
#9840=FACE_SURFACE('',(#9845),#9841,.T.);
#9841=PLANE('',#9842);
#9842=AXIS2_PLACEMENT_3D('',#169,#9843,#9844);
#9843=DIRECTION('',(0,-0.9740972002433522,-0.2261297071993477));
#9844=DIRECTION('',(-0.03476815235604633,0.2259929903142992,-0.9735082659692972));
#9845=FACE_BOUND('',#9846,.T.);
#9846=EDGE_LOOP('',(#9847,#9848,#9849));
#9847=ORIENTED_EDGE('',*,*,#9850,.T.);
#9848=ORIENTED_EDGE('',*,*,#9851,.T.);
#9849=ORIENTED_EDGE('',*,*,#9852,.T.);
#9850=EDGE_CURVE('',#170,#174,#9853,.F.);
#9851=EDGE_CURVE('',#174,#380,#9854,.T.);
#9852=EDGE_CURVE('',#380,#170,#9855,.T.);
#9853=LINE('',#169,#9856);
#9854=LINE('',#173,#9857);
#9855=LINE('',#379,#9858);
#9856=VECTOR('',#9859,1.0);
#9857=VECTOR('',#9860,1.0);
#9858=VECTOR('',#9861,1.0);
#9859=DIRECTION('',(-0.03476815235604633,0.2259929903142992,-0.9735082659692972));
#9860=DIRECTION('',(1,0,0));
#9861=DIRECTION('',(-0.9879522677333984,-0.0349955844156242,0.15075020979038245));
#9862=STYLED_ITEM('',(#18),#9863);
#9863=FACE_SURFACE('',(#9868),#9864,.T.);
#9864=PLANE('',#9865);
#9865=AXIS2_PLACEMENT_3D('',#291,#9866,#9867);
#9866=DIRECTION('',(-0,-0.9740972002433522,-0.2261297071993477));
#9867=DIRECTION('',(-0.03476815235604633,-0.2259929903142992,0.9735082659692972));
#9868=FACE_BOUND('',#9869,.T.);
#9869=EDGE_LOOP('',(#9870,#9871,#9872));
#9870=ORIENTED_EDGE('',*,*,#9873,.T.);
#9871=ORIENTED_EDGE('',*,*,#9874,.T.);
#9872=ORIENTED_EDGE('',*,*,#9875,.T.);
#9873=EDGE_CURVE('',#292,#288,#9876,.F.);
#9874=EDGE_CURVE('',#288,#434,#9877,.T.);
#9875=EDGE_CURVE('',#434,#292,#9878,.T.);
#9876=LINE('',#291,#9879);
#9877=LINE('',#287,#9880);
#9878=LINE('',#433,#9881);
#9879=VECTOR('',#9882,1.0);
#9880=VECTOR('',#9883,1.0);
#9881=VECTOR('',#9884,1.0);
#9882=DIRECTION('',(-0.03476815235604633,-0.2259929903142992,0.9735082659692972));
#9883=DIRECTION('',(-0.9879522677333984,0.0349955844156242,-0.15075020979038245));
#9884=DIRECTION('',(1,0,0));
#9885=STYLED_ITEM('',(#18),#9886);
#9886=FACE_SURFACE('',(#9891),#9887,.T.);
#9887=PLANE('',#9888);
#9888=AXIS2_PLACEMENT_3D('',#433,#9889,#9890);
#9889=DIRECTION('',(0.008371358824715054,-0.960586385863339,-0.27785556615881646));
#9890=DIRECTION('',(0.9879522677333984,-0.0349955844156242,0.15075020979038245));
#9891=FACE_BOUND('',#9892,.T.);
#9892=EDGE_LOOP('',(#9893,#9894,#9895));
#9893=ORIENTED_EDGE('',*,*,#9896,.T.);
#9894=ORIENTED_EDGE('',*,*,#9897,.T.);
#9895=ORIENTED_EDGE('',*,*,#9898,.T.);
#9896=EDGE_CURVE('',#434,#288,#9899,.F.);
#9897=EDGE_CURVE('',#288,#518,#9900,.T.);
#9898=EDGE_CURVE('',#518,#434,#9901,.T.);
#9899=LINE('',#433,#9902);
#9900=LINE('',#287,#9903);
#9901=LINE('',#517,#9904);
#9902=VECTOR('',#9905,1.0);
#9903=VECTOR('',#9906,1.0);
#9904=VECTOR('',#9907,1.0);
#9905=DIRECTION('',(0.9879522677333984,-0.0349955844156242,0.15075020979038245));
#9906=DIRECTION('',(-0.9829644080701376,-0.05892429694153419,0.17409451369089618));
#9907=DIRECTION('',(0,0.2778653026807835,-0.9606200464107109));
#9908=STYLED_ITEM('',(#18),#9909);
#9909=FACE_SURFACE('',(#9914),#9910,.T.);
#9910=PLANE('',#9911);
#9911=AXIS2_PLACEMENT_3D('',#287,#9912,#9913);
#9912=DIRECTION('',(0.007574400222061317,-0.9593982648617148,-0.281953183776327));
#9913=DIRECTION('',(-0.028205406366326,-0.28205406366325997,0.9589838164550808));
#9914=FACE_BOUND('',#9915,.T.);
#9915=EDGE_LOOP('',(#9916,#9917,#9918));
#9916=ORIENTED_EDGE('',*,*,#9919,.T.);
#9917=ORIENTED_EDGE('',*,*,#9920,.T.);
#9918=ORIENTED_EDGE('',*,*,#9921,.T.);
#9919=EDGE_CURVE('',#288,#284,#9922,.F.);
#9920=EDGE_CURVE('',#284,#518,#9923,.T.);
#9921=EDGE_CURVE('',#518,#288,#9924,.T.);
#9922=LINE('',#287,#9925);
#9923=LINE('',#283,#9926);
#9924=LINE('',#517,#9927);
#9925=VECTOR('',#9928,1.0);
#9926=VECTOR('',#9929,1.0);
#9927=VECTOR('',#9930,1.0);
#9928=DIRECTION('',(-0.028205406366326,-0.28205406366325997,0.9589838164550808));
#9929=DIRECTION('',(-0.9959008543200891,-0.0326524870268882,0.08435225815279451));
#9930=DIRECTION('',(0.9829644080701376,0.05892429694153419,-0.17409451369089618));
#9931=STYLED_ITEM('',(#18),#9932);
#9932=FACE_SURFACE('',(#9937),#9933,.T.);
#9933=PLANE('',#9934);
#9934=AXIS2_PLACEMENT_3D('',#517,#9935,#9936);
#9935=DIRECTION('',(-0.0030061753443222637,-0.9201043821729205,-0.3916617020031288));
#9936=DIRECTION('',(0.9959008543200891,0.0326524870268882,-0.08435225815279451));
#9937=FACE_BOUND('',#9938,.T.);
#9938=EDGE_LOOP('',(#9939,#9940,#9941));
#9939=ORIENTED_EDGE('',*,*,#9942,.T.);
#9940=ORIENTED_EDGE('',*,*,#9943,.T.);
#9941=ORIENTED_EDGE('',*,*,#9944,.T.);
#9942=EDGE_CURVE('',#518,#284,#9945,.F.);
#9943=EDGE_CURVE('',#284,#280,#9946,.T.);
#9944=EDGE_CURVE('',#280,#518,#9947,.T.);
#9945=LINE('',#517,#9948);
#9946=LINE('',#283,#9949);
#9947=LINE('',#279,#9950);
#9948=VECTOR('',#9951,1.0);
#9949=VECTOR('',#9952,1.0);
#9950=VECTOR('',#9953,1.0);
#9951=DIRECTION('',(0.9959008543200891,0.0326524870268882,-0.08435225815279451));
#9952=DIRECTION('',(-0.03912553515233695,-0.39125535152336954,0.9194500760799185));
#9953=DIRECTION('',(-0.998794599369013,0.021951529656461844,-0.04390305931292369));
#9954=STYLED_ITEM('',(#18),#9955);
#9955=FACE_SURFACE('',(#9960),#9956,.T.);
#9956=PLANE('',#9957);
#9957=AXIS2_PLACEMENT_3D('',#517,#9958,#9959);
#9958=DIRECTION('',(0.00264118511937313,-0.8690966367804,-0.49463527985593864));
#9959=DIRECTION('',(0.998794599369013,-0.021951529656461844,0.04390305931292369));
#9960=FACE_BOUND('',#9961,.T.);
#9961=EDGE_LOOP('',(#9962,#9963,#9964));
#9962=ORIENTED_EDGE('',*,*,#9965,.T.);
#9963=ORIENTED_EDGE('',*,*,#9966,.T.);
#9964=ORIENTED_EDGE('',*,*,#9967,.T.);
#9965=EDGE_CURVE('',#518,#280,#9968,.F.);
#9966=EDGE_CURVE('',#280,#276,#9969,.T.);
#9967=EDGE_CURVE('',#276,#518,#9970,.T.);
#9968=LINE('',#517,#9971);
#9969=LINE('',#279,#9972);
#9970=LINE('',#275,#9973);
#9971=VECTOR('',#9974,1.0);
#9972=VECTOR('',#9975,1.0);
#9973=VECTOR('',#9976,1.0);
#9974=DIRECTION('',(0.998794599369013,-0.021951529656461844,0.04390305931292369));
#9975=DIRECTION('',(-0.026730897992154237,-0.4945216128548519,0.8687541847450112));
#9976=DIRECTION('',(-0.9687666986545174,0.1204267995565006,-0.2167682392017013));
#9977=STYLED_ITEM('',(#18),#9978);
#9978=FACE_SURFACE('',(#9983),#9979,.T.);
#9979=PLANE('',#9980);
#9980=AXIS2_PLACEMENT_3D('',#517,#9981,#9982);
#9981=DIRECTION('',(0.007129306660207525,-0.8602696703316812,-0.5097894342706264));
#9982=DIRECTION('',(0.9687666986545174,-0.1204267995565006,0.2167682392017013));
#9983=FACE_BOUND('',#9984,.T.);
#9984=EDGE_LOOP('',(#9985,#9986,#9987));
#9985=ORIENTED_EDGE('',*,*,#9988,.T.);
#9986=ORIENTED_EDGE('',*,*,#9989,.T.);
#9987=ORIENTED_EDGE('',*,*,#9990,.T.);
#9988=EDGE_CURVE('',#518,#276,#9991,.F.);
#9989=EDGE_CURVE('',#276,#520,#9992,.T.);
#9990=EDGE_CURVE('',#520,#518,#9993,.T.);
#9991=LINE('',#517,#9994);
#9992=LINE('',#275,#9995);
#9993=LINE('',#519,#9996);
#9994=VECTOR('',#9997,1.0);
#9995=VECTOR('',#9998,1.0);
#9996=VECTOR('',#9999,1.0);
#9997=DIRECTION('',(0.9687666986545174,-0.1204267995565006,0.2167682392017013));
#9998=DIRECTION('',(-0.9958668577836571,-0.05226925496654589,0.07427736232088057));
#9999=DIRECTION('',(0,0.5098023903017334,-0.8602915336341741));
#10000=STYLED_ITEM('',(#18),#10001);
#10001=FACE_SURFACE('',(#10006),#10002,.T.);
#10002=PLANE('',#10003);
#10003=AXIS2_PLACEMENT_3D('',#519,#10004,#10005);
#10004=DIRECTION('',(-0.007983163300613152,-0.7642667357919452,-0.6448508553655186));
#10005=DIRECTION('',(0.9958668577836571,0.05226925496654589,-0.07427736232088057));
#10006=FACE_BOUND('',#10007,.T.);
#10007=EDGE_LOOP('',(#10008,#10009,#10010));
#10008=ORIENTED_EDGE('',*,*,#10011,.T.);
#10009=ORIENTED_EDGE('',*,*,#10012,.T.);
#10010=ORIENTED_EDGE('',*,*,#10013,.T.);
#10011=EDGE_CURVE('',#520,#276,#10014,.F.);
#10012=EDGE_CURVE('',#276,#272,#10015,.T.);
#10013=EDGE_CURVE('',#272,#520,#10016,.T.);
#10014=LINE('',#519,#10017);
#10015=LINE('',#275,#10018);
#10016=LINE('',#271,#10019);
#10017=VECTOR('',#10020,1.0);
#10018=VECTOR('',#10021,1.0);
#10019=VECTOR('',#10022,1.0);
#10020=DIRECTION('',(0.9958668577836571,0.05226925496654589,-0.07427736232088057));
#10021=DIRECTION('',(-0.02761957927844961,-0.6444568498304909,0.7641416933704387));
#10022=DIRECTION('',(-0.9784595616066641,0.13900121905832816,-0.15262878955424286));
#10023=STYLED_ITEM('',(#18),#10024);
#10024=FACE_SURFACE('',(#10029),#10025,.T.);
#10025=PLANE('',#10026);
#10026=AXIS2_PLACEMENT_3D('',#519,#10027,#10028);
#10027=DIRECTION('',(0.009847806309174666,-0.7070724929987369,-0.7070724929987364));
#10028=DIRECTION('',(0.9784595616066641,-0.13900121905832816,0.15262878955424286));
#10029=FACE_BOUND('',#10030,.T.);
#10030=EDGE_LOOP('',(#10031,#10032,#10033));
#10031=ORIENTED_EDGE('',*,*,#10034,.T.);
#10032=ORIENTED_EDGE('',*,*,#10035,.T.);
#10033=ORIENTED_EDGE('',*,*,#10036,.T.);
#10034=EDGE_CURVE('',#520,#272,#10037,.F.);
#10035=EDGE_CURVE('',#272,#522,#10038,.T.);
#10036=EDGE_CURVE('',#522,#520,#10039,.T.);
#10037=LINE('',#519,#10040);
#10038=LINE('',#271,#10041);
#10039=LINE('',#521,#10042);
#10040=VECTOR('',#10043,1.0);
#10041=VECTOR('',#10044,1.0);
#10042=VECTOR('',#10045,1.0);
#10043=DIRECTION('',(0.9784595616066641,-0.13900121905832816,0.15262878955424286));
#10044=DIRECTION('',(-0.9903156248925216,-0.10482449511397174,0.09103179838844914));
#10045=DIRECTION('',(0,0.7071067811865472,-0.7071067811865477));
#10046=STYLED_ITEM('',(#18),#10047);
#10047=FACE_SURFACE('',(#10052),#10048,.T.);
#10048=PLANE('',#10049);
#10049=AXIS2_PLACEMENT_3D('',#521,#10050,#10051);
#10050=DIRECTION('',(-0.004920535509842668,-0.6287741447934571,-0.7775724166722693));
#10051=DIRECTION('',(0.9903156248925216,0.10482449511397174,-0.09103179838844914));
#10052=FACE_BOUND('',#10053,.T.);
#10053=EDGE_LOOP('',(#10054,#10055,#10056));
#10054=ORIENTED_EDGE('',*,*,#10057,.T.);
#10055=ORIENTED_EDGE('',*,*,#10058,.T.);
#10056=ORIENTED_EDGE('',*,*,#10059,.T.);
#10057=EDGE_CURVE('',#522,#272,#10060,.F.);
#10058=EDGE_CURVE('',#272,#268,#10061,.T.);
#10059=EDGE_CURVE('',#268,#522,#10062,.T.);
#10060=LINE('',#521,#10063);
#10061=LINE('',#271,#10064);
#10062=LINE('',#267,#10065);
#10063=VECTOR('',#10066,1.0);
#10064=VECTOR('',#10067,1.0);
#10065=VECTOR('',#10068,1.0);
#10066=DIRECTION('',(0.9903156248925216,0.10482449511397174,-0.09103179838844914));
#10067=DIRECTION('',(-0.02286199571414209,-0.777307854280831,0.6287048821389069));
#10068=DIRECTION('',(-0.9946142019680598,0.0835810253754673,-0.06129275194200919));
#10069=STYLED_ITEM('',(#18),#10070);
#10070=FACE_SURFACE('',(#10075),#10071,.T.);
#10071=PLANE('',#10072);
#10072=AXIS2_PLACEMENT_3D('',#521,#10073,#10074);
#10073=DIRECTION('',(0.009466155655305465,-0.5156388309421717,-0.8567537498731476));
#10074=DIRECTION('',(0.9946142019680598,-0.0835810253754673,0.06129275194200919));
#10075=FACE_BOUND('',#10076,.T.);
#10076=EDGE_LOOP('',(#10077,#10078,#10079));
#10077=ORIENTED_EDGE('',*,*,#10080,.T.);
#10078=ORIENTED_EDGE('',*,*,#10081,.T.);
#10079=ORIENTED_EDGE('',*,*,#10082,.T.);
#10080=EDGE_CURVE('',#522,#268,#10083,.F.);
#10081=EDGE_CURVE('',#268,#524,#10084,.T.);
#10082=EDGE_CURVE('',#524,#522,#10085,.T.);
#10083=LINE('',#521,#10086);
#10084=LINE('',#267,#10087);
#10085=LINE('',#523,#10088);
#10086=VECTOR('',#10089,1.0);
#10087=VECTOR('',#10090,1.0);
#10088=VECTOR('',#10091,1.0);
#10089=DIRECTION('',(0.9946142019680598,-0.0835810253754673,0.06129275194200919));
#10090=DIRECTION('',(-0.9702591639774594,-0.21198939717154594,0.11686594972277534));
#10091=DIRECTION('',(0,0.8567921384922006,-0.5156619352036388));
#10092=STYLED_ITEM('',(#18),#10093);
#10093=FACE_SURFACE('',(#10098),#10094,.T.);
#10094=PLANE('',#10095);
#10095=AXIS2_PLACEMENT_3D('',#523,#10096,#10097);
#10096=DIRECTION('',(0.0030281652956891955,-0.49337203968195914,-0.8698131182472505));
#10097=DIRECTION('',(0.9702591639774594,0.21198939717154594,-0.11686594972277534));
#10098=FACE_BOUND('',#10099,.T.);
#10099=EDGE_LOOP('',(#10100,#10101,#10102));
#10100=ORIENTED_EDGE('',*,*,#10103,.T.);
#10101=ORIENTED_EDGE('',*,*,#10104,.T.);
#10102=ORIENTED_EDGE('',*,*,#10105,.T.);
#10103=EDGE_CURVE('',#524,#268,#10106,.F.);
#10104=EDGE_CURVE('',#268,#264,#10107,.T.);
#10105=EDGE_CURVE('',#264,#524,#10108,.T.);
#10106=LINE('',#523,#10109);
#10107=LINE('',#267,#10110);
#10108=LINE('',#263,#10111);
#10109=VECTOR('',#10112,1.0);
#10110=VECTOR('',#10113,1.0);
#10111=VECTOR('',#10114,1.0);
#10112=DIRECTION('',(0.9702591639774594,0.21198939717154594,-0.11686594972277534));
#10113=DIRECTION('',(-0.012981540392700225,-0.8697632063109135,0.4932985349226085));
#10114=DIRECTION('',(-0.9994244966826082,-0.030881093998620258,0.014036860908463612));
#10115=STYLED_ITEM('',(#18),#10116);
#10116=FACE_SURFACE('',(#10121),#10117,.T.);
#10117=PLANE('',#10118);
#10118=AXIS2_PLACEMENT_3D('',#523,#10119,#10120);
#10119=DIRECTION('',(-0.0020177139229809204,-0.35895130689832005,-0.9333541064925536));
#10120=DIRECTION('',(0.9994244966826082,0.030881093998620258,-0.014036860908463612));
#10121=FACE_BOUND('',#10122,.T.);
#10122=EDGE_LOOP('',(#10123,#10124,#10125));
#10123=ORIENTED_EDGE('',*,*,#10126,.T.);
#10124=ORIENTED_EDGE('',*,*,#10127,.T.);
#10125=ORIENTED_EDGE('',*,*,#10128,.T.);
#10126=EDGE_CURVE('',#524,#264,#10129,.F.);
#10127=EDGE_CURVE('',#264,#260,#10130,.T.);
#10128=EDGE_CURVE('',#260,#524,#10131,.T.);
#10129=LINE('',#523,#10132);
#10130=LINE('',#263,#10133);
#10131=LINE('',#259,#10134);
#10132=VECTOR('',#10135,1.0);
#10133=VECTOR('',#10136,1.0);
#10134=VECTOR('',#10137,1.0);
#10135=DIRECTION('',(0.9994244966826082,0.030881093998620258,-0.014036860908463612));
#10136=DIRECTION('',(-0.014357683075131604,-0.9332493998835542,0.3589420768782893));
#10137=DIRECTION('',(-0.9870979406827861,0.15015010928695885,-0.055611151587762496));
#10138=STYLED_ITEM('',(#18),#10139);
#10139=FACE_SURFACE('',(#10144),#10140,.T.);
#10140=PLANE('',#10141);
#10141=AXIS2_PLACEMENT_3D('',#523,#10142,#10143);
#10142=DIRECTION('',(0.010620643180297505,-0.2851508820256364,-0.9584237979194998));
#10143=DIRECTION('',(0.9870979406827861,-0.15015010928695885,0.055611151587762496));
#10144=FACE_BOUND('',#10145,.T.);
#10145=EDGE_LOOP('',(#10146,#10147,#10148));
#10146=ORIENTED_EDGE('',*,*,#10149,.T.);
#10147=ORIENTED_EDGE('',*,*,#10150,.T.);
#10148=ORIENTED_EDGE('',*,*,#10151,.T.);
#10149=EDGE_CURVE('',#524,#260,#10152,.F.);
#10150=EDGE_CURVE('',#260,#526,#10153,.T.);
#10151=EDGE_CURVE('',#526,#524,#10154,.T.);
#10152=LINE('',#523,#10155);
#10153=LINE('',#259,#10156);
#10154=LINE('',#525,#10157);
#10155=VECTOR('',#10158,1.0);
#10156=VECTOR('',#10159,1.0);
#10157=VECTOR('',#10160,1.0);
#10158=DIRECTION('',(0.9870979406827861,-0.15015010928695885,0.055611151587762496));
#10159=DIRECTION('',(-0.9816898284712967,-0.1852766718523291,0.044245175367720456));
#10160=DIRECTION('',(0,0.958477856666115,-0.28516696561967064));
#10161=STYLED_ITEM('',(#18),#10162);
#10162=FACE_SURFACE('',(#10167),#10163,.T.);
#10163=PLANE('',#10164);
#10164=AXIS2_PLACEMENT_3D('',#525,#10165,#10166);
#10165=DIRECTION('',(0.0013465849600944016,-0.23901883041675603,-0.9710139985680697));
#10166=DIRECTION('',(0.9816898284712967,0.1852766718523291,-0.044245175367720456));
#10167=FACE_BOUND('',#10168,.T.);
#10168=EDGE_LOOP('',(#10169,#10170,#10171));
#10169=ORIENTED_EDGE('',*,*,#10172,.T.);
#10170=ORIENTED_EDGE('',*,*,#10173,.T.);
#10171=ORIENTED_EDGE('',*,*,#10174,.T.);
#10172=EDGE_CURVE('',#526,#260,#10175,.F.);
#10173=EDGE_CURVE('',#260,#256,#10176,.T.);
#10174=EDGE_CURVE('',#256,#526,#10177,.T.);
#10175=LINE('',#525,#10178);
#10176=LINE('',#259,#10179);
#10177=LINE('',#255,#10180);
#10178=VECTOR('',#10181,1.0);
#10179=VECTOR('',#10182,1.0);
#10180=VECTOR('',#10183,1.0);
#10181=DIRECTION('',(0.9816898284712967,0.1852766718523291,-0.044245175367720456));
#10182=DIRECTION('',(0,-0.9710148789347658,0.2390190471224043));
#10183=DIRECTION('',(-0.999984130510679,-0.005633713411327775,0));
#10184=STYLED_ITEM('',(#18),#10185);
#10185=FACE_SURFACE('',(#10190),#10186,.T.);
#10186=PLANE('',#10187);
#10187=AXIS2_PLACEMENT_3D('',#525,#10188,#10189);
#10188=DIRECTION('',(0.00027011153588375324,-0.04794479761936615,-0.9988499504034607));
#10189=DIRECTION('',(0.999984130510679,0.005633713411327775,0));
#10190=FACE_BOUND('',#10191,.T.);
#10191=EDGE_LOOP('',(#10192,#10193,#10194));
#10192=ORIENTED_EDGE('',*,*,#10195,.T.);
#10193=ORIENTED_EDGE('',*,*,#10196,.T.);
#10194=ORIENTED_EDGE('',*,*,#10197,.T.);
#10195=EDGE_CURVE('',#526,#256,#10198,.F.);
#10196=EDGE_CURVE('',#256,#528,#10199,.T.);
#10197=EDGE_CURVE('',#528,#526,#10200,.T.);
#10198=LINE('',#525,#10201);
#10199=LINE('',#255,#10202);
#10200=LINE('',#527,#10203);
#10201=VECTOR('',#10204,1.0);
#10202=VECTOR('',#10205,1.0);
#10203=VECTOR('',#10206,1.0);
#10204=DIRECTION('',(0.999984130510679,0.005633713411327775,0));
#10205=DIRECTION('',(-0.9414425562854525,-0.33679775957254215,0.01591170517665555));
#10206=DIRECTION('',(0,0.9988499868416297,-0.047944799368398267));
#10207=STYLED_ITEM('',(#18),#10208);
#10208=FACE_SURFACE('',(#10213),#10209,.T.);
#10209=PLANE('',#10210);
#10210=AXIS2_PLACEMENT_3D('',#527,#10211,#10212);
#10211=DIRECTION('',(0,-0.04719145807045979,-0.998885862491398));
#10212=DIRECTION('',(0.9414425562854525,0.33679775957254215,-0.01591170517665555));
#10213=FACE_BOUND('',#10214,.T.);
#10214=EDGE_LOOP('',(#10215,#10216,#10217));
#10215=ORIENTED_EDGE('',*,*,#10218,.T.);
#10216=ORIENTED_EDGE('',*,*,#10219,.T.);
#10217=ORIENTED_EDGE('',*,*,#10220,.T.);
#10218=EDGE_CURVE('',#528,#256,#10221,.F.);
#10219=EDGE_CURVE('',#256,#250,#10222,.T.);
#10220=EDGE_CURVE('',#250,#528,#10223,.T.);
#10221=LINE('',#527,#10224);
#10222=LINE('',#255,#10225);
#10223=LINE('',#249,#10226);
#10224=VECTOR('',#10227,1.0);
#10225=VECTOR('',#10228,1.0);
#10226=VECTOR('',#10229,1.0);
#10227=DIRECTION('',(0.9414425562854525,0.33679775957254215,-0.01591170517665555));
#10228=DIRECTION('',(-0.007864999743011145,-0.9988549673624145,0.047189998458066866));
#10229=DIRECTION('',(-1,0,0));
#10230=STYLED_ITEM('',(#18),#10231);
#10231=FACE_SURFACE('',(#10236),#10232,.T.);
#10232=PLANE('',#10233);
#10233=AXIS2_PLACEMENT_3D('',#527,#10234,#10235);
#10234=DIRECTION('',(0,0.20521484429728767,-0.978716949725527));
#10235=DIRECTION('',(1,0,0));
#10236=FACE_BOUND('',#10237,.T.);
#10237=EDGE_LOOP('',(#10238,#10239,#10240));
#10238=ORIENTED_EDGE('',*,*,#10241,.T.);
#10239=ORIENTED_EDGE('',*,*,#10242,.T.);
#10240=ORIENTED_EDGE('',*,*,#10243,.T.);
#10241=EDGE_CURVE('',#528,#250,#10244,.F.);
#10242=EDGE_CURVE('',#250,#530,#10245,.T.);
#10243=EDGE_CURVE('',#530,#528,#10246,.T.);
#10244=LINE('',#527,#10247);
#10245=LINE('',#249,#10248);
#10246=LINE('',#529,#10249);
#10247=VECTOR('',#10250,1.0);
#10248=VECTOR('',#10251,1.0);
#10249=VECTOR('',#10252,1.0);
#10250=DIRECTION('',(1,0,0));
#10251=DIRECTION('',(-0.9415160007163992,-0.3297965652226935,-0.06915089270798404));
#10252=DIRECTION('',(0,0.9787169497255273,0.20521484429728773));
#10253=STYLED_ITEM('',(#18),#10254);
#10254=FACE_SURFACE('',(#10259),#10255,.T.);
#10255=PLANE('',#10256);
#10256=AXIS2_PLACEMENT_3D('',#529,#10257,#10258);
#10257=DIRECTION('',(0.0005736502416945091,0.20364583580155052,-0.979044454805852));
#10258=DIRECTION('',(0.9415160007163992,0.3297965652226935,0.06915089270798404));
#10259=FACE_BOUND('',#10260,.T.);
#10260=EDGE_LOOP('',(#10261,#10262,#10263));
#10261=ORIENTED_EDGE('',*,*,#10264,.T.);
#10262=ORIENTED_EDGE('',*,*,#10265,.T.);
#10263=ORIENTED_EDGE('',*,*,#10266,.T.);
#10264=EDGE_CURVE('',#530,#250,#10267,.F.);
#10265=EDGE_CURVE('',#250,#246,#10268,.T.);
#10266=EDGE_CURVE('',#246,#530,#10269,.T.);
#10267=LINE('',#529,#10270);
#10268=LINE('',#249,#10271);
#10269=LINE('',#245,#10272);
#10270=VECTOR('',#10273,1.0);
#10271=VECTOR('',#10274,1.0);
#10272=VECTOR('',#10275,1.0);
#10273=DIRECTION('',(0.9415160007163992,0.3297965652226935,0.06915089270798404));
#10274=DIRECTION('',(0.007832124016211988,-0.9790155020264977,-0.20363522442151125));
#10275=DIRECTION('',(-0.9999960325568386,0.0028168902325544777,0));
#10276=STYLED_ITEM('',(#18),#10277);
#10277=FACE_SURFACE('',(#10282),#10278,.T.);
#10278=PLANE('',#10279);
#10279=AXIS2_PLACEMENT_3D('',#529,#10280,#10281);
#10280=DIRECTION('',(0.001089412366139329,0.3867413899794614,-0.9221875679369412));
#10281=DIRECTION('',(0.9999960325568386,-0.0028168902325544777,0));
#10282=FACE_BOUND('',#10283,.T.);
#10283=EDGE_LOOP('',(#10284,#10285,#10286));
#10284=ORIENTED_EDGE('',*,*,#10287,.T.);
#10285=ORIENTED_EDGE('',*,*,#10288,.T.);
#10286=ORIENTED_EDGE('',*,*,#10289,.T.);
#10287=EDGE_CURVE('',#530,#246,#10290,.F.);
#10288=EDGE_CURVE('',#246,#242,#10291,.T.);
#10289=EDGE_CURVE('',#242,#530,#10292,.T.);
#10290=LINE('',#529,#10293);
#10291=LINE('',#245,#10294);
#10292=LINE('',#241,#10295);
#10293=VECTOR('',#10296,1.0);
#10294=VECTOR('',#10297,1.0);
#10295=VECTOR('',#10298,1.0);
#10296=DIRECTION('',(0.9999960325568386,-0.0028168902325544777,0));
#10297=DIRECTION('',(0.014872457840313416,-0.9220923860994318,-0.3866839038481488));
#10298=DIRECTION('',(-0.9821633324730938,0.17380980321855327,0.0717310298997204));
#10299=STYLED_ITEM('',(#18),#10300);
#10300=FACE_SURFACE('',(#10305),#10301,.T.);
#10301=PLANE('',#10302);
#10302=AXIS2_PLACEMENT_3D('',#529,#10303,#10304);
#10303=DIRECTION('',(0.011778349135178504,0.43760925249865945,-0.8990881005881539));
#10304=DIRECTION('',(0.9821633324730938,-0.17380980321855327,-0.0717310298997204));
#10305=FACE_BOUND('',#10306,.T.);
#10306=EDGE_LOOP('',(#10307,#10308,#10309));
#10307=ORIENTED_EDGE('',*,*,#10310,.T.);
#10308=ORIENTED_EDGE('',*,*,#10311,.T.);
#10309=ORIENTED_EDGE('',*,*,#10312,.T.);
#10310=EDGE_CURVE('',#530,#242,#10313,.F.);
#10311=EDGE_CURVE('',#242,#532,#10314,.T.);
#10312=EDGE_CURVE('',#532,#530,#10315,.T.);
#10313=LINE('',#529,#10316);
#10314=LINE('',#241,#10317);
#10315=LINE('',#531,#10318);
#10316=VECTOR('',#10319,1.0);
#10317=VECTOR('',#10320,1.0);
#10318=VECTOR('',#10321,1.0);
#10319=DIRECTION('',(0.9821633324730938,-0.17380980321855327,-0.0717310298997204));
#10320=DIRECTION('',(-0.9870740667734815,-0.13863399814234273,-0.08040771892255896));
#10321=DIRECTION('',(0,0.8991504721028851,0.437639610315564));
#10322=STYLED_ITEM('',(#18),#10323);
#10323=FACE_SURFACE('',(#10328),#10324,.T.);
#10324=PLANE('',#10325);
#10325=AXIS2_PLACEMENT_3D('',#531,#10326,#10327);
#10326=DIRECTION('',(-0.0024031054249080727,0.5144648197157654,-0.857508119121412));
#10327=DIRECTION('',(0.9870740667734815,0.13863399814234273,0.08040771892255896));
#10328=FACE_BOUND('',#10329,.T.);
#10329=EDGE_LOOP('',(#10330,#10331,#10332));
#10330=ORIENTED_EDGE('',*,*,#10333,.T.);
#10331=ORIENTED_EDGE('',*,*,#10334,.T.);
#10332=ORIENTED_EDGE('',*,*,#10335,.T.);
#10333=EDGE_CURVE('',#532,#242,#10336,.F.);
#10334=EDGE_CURVE('',#242,#238,#10337,.T.);
#10335=EDGE_CURVE('',#238,#532,#10338,.T.);
#10336=LINE('',#531,#10339);
#10337=LINE('',#241,#10340);
#10338=LINE('',#237,#10341);
#10339=VECTOR('',#10342,1.0);
#10340=VECTOR('',#10343,1.0);
#10341=VECTOR('',#10344,1.0);
#10342=DIRECTION('',(0.9870740667734815,0.13863399814234273,0.08040771892255896));
#10343=DIRECTION('',(0.01429008947267383,-0.8574053683604282,-0.5144432210162571));
#10344=DIRECTION('',(-0.9994159645004065,0.027994844943989003,0.019596391460792145));
#10345=STYLED_ITEM('',(#18),#10346);
#10346=FACE_SURFACE('',(#10351),#10347,.T.);
#10347=PLANE('',#10348);
#10348=AXIS2_PLACEMENT_3D('',#531,#10349,#10350);
#10349=DIRECTION('',(0.002189246745954495,0.6247380464038449,-0.7808313393903915));
#10350=DIRECTION('',(0.9994159645004065,-0.027994844943989003,-0.019596391460792145));
#10351=FACE_BOUND('',#10352,.T.);
#10352=EDGE_LOOP('',(#10353,#10354,#10355));
#10353=ORIENTED_EDGE('',*,*,#10356,.T.);
#10354=ORIENTED_EDGE('',*,*,#10357,.T.);
#10355=ORIENTED_EDGE('',*,*,#10358,.T.);
#10356=EDGE_CURVE('',#532,#238,#10359,.F.);
#10357=EDGE_CURVE('',#238,#234,#10360,.T.);
#10358=EDGE_CURVE('',#234,#532,#10361,.T.);
#10359=LINE('',#531,#10362);
#10360=LINE('',#237,#10363);
#10361=LINE('',#233,#10364);
#10362=VECTOR('',#10365,1.0);
#10363=VECTOR('',#10366,1.0);
#10364=VECTOR('',#10367,1.0);
#10365=DIRECTION('',(0.9994159645004065,-0.027994844943989003,-0.019596391460792145));
#10366=DIRECTION('',(0.02602014739414439,-0.7806044218243318,-0.6244835374594654));
#10367=DIRECTION('',(-0.9706035515001775,0.18925417438722142,0.1486997084471024));
#10368=STYLED_ITEM('',(#18),#10369);
#10369=FACE_SURFACE('',(#10374),#10370,.T.);
#10370=PLANE('',#10371);
#10371=AXIS2_PLACEMENT_3D('',#531,#10372,#10373);
#10372=DIRECTION('',(0.008648518189153758,0.6448468215959001,-0.7642628996692156));
#10373=DIRECTION('',(0.9706035515001775,-0.18925417438722142,-0.1486997084471024));
#10374=FACE_BOUND('',#10375,.T.);
#10375=EDGE_LOOP('',(#10376,#10377,#10378));
#10376=ORIENTED_EDGE('',*,*,#10379,.T.);
#10377=ORIENTED_EDGE('',*,*,#10380,.T.);
#10378=ORIENTED_EDGE('',*,*,#10381,.T.);
#10379=EDGE_CURVE('',#532,#234,#10382,.F.);
#10380=EDGE_CURVE('',#234,#534,#10383,.T.);
#10381=EDGE_CURVE('',#534,#532,#10384,.T.);
#10382=LINE('',#531,#10385);
#10383=LINE('',#233,#10386);
#10384=LINE('',#533,#10387);
#10385=VECTOR('',#10388,1.0);
#10386=VECTOR('',#10389,1.0);
#10387=VECTOR('',#10390,1.0);
#10388=DIRECTION('',(0.9706035515001775,-0.18925417438722142,-0.1486997084471024));
#10389=DIRECTION('',(-0.9947957612752256,-0.07204648967452879,-0.07204648967452879));
#10390=DIRECTION('',(0,0.7642914835078911,0.6448709392097827));
#10391=STYLED_ITEM('',(#18),#10392);
#10392=FACE_SURFACE('',(#10397),#10393,.T.);
#10393=PLANE('',#10394);
#10394=AXIS2_PLACEMENT_3D('',#533,#10395,#10396);
#10395=DIRECTION('',(-0.00580575857483508,0.7460399768663077,-0.6658758488522387));
#10396=DIRECTION('',(0.9947957612752256,0.07204648967452879,0.07204648967452879));
#10397=FACE_BOUND('',#10398,.T.);
#10398=EDGE_LOOP('',(#10399,#10400,#10401));
#10399=ORIENTED_EDGE('',*,*,#10402,.T.);
#10400=ORIENTED_EDGE('',*,*,#10403,.T.);
#10401=ORIENTED_EDGE('',*,*,#10404,.T.);
#10402=EDGE_CURVE('',#534,#234,#10405,.F.);
#10403=EDGE_CURVE('',#234,#230,#10406,.T.);
#10404=EDGE_CURVE('',#230,#534,#10407,.T.);
#10405=LINE('',#533,#10408);
#10406=LINE('',#233,#10409);
#10407=LINE('',#229,#10410);
#10408=VECTOR('',#10411,1.0);
#10409=VECTOR('',#10412,1.0);
#10410=VECTOR('',#10413,1.0);
#10411=DIRECTION('',(0.9947957612752256,0.07204648967452879,0.07204648967452879));
#10412=DIRECTION('',(0.02295214588926061,-0.665612230788557,-0.7459447414009692));
#10413=DIRECTION('',(-0.9903763744139426,0.08778959551591742,0.10699356953502435));
#10414=STYLED_ITEM('',(#18),#10415);
#10415=FACE_SURFACE('',(#10420),#10416,.T.);
#10416=PLANE('',#10417);
#10417=AXIS2_PLACEMENT_3D('',#533,#10418,#10419);
#10418=DIRECTION('',(0.00920883446487384,0.8131599584306594,-0.5819674212297857));
#10419=DIRECTION('',(0.9903763744139426,-0.08778959551591742,-0.10699356953502435));
#10420=FACE_BOUND('',#10421,.T.);
#10421=EDGE_LOOP('',(#10422,#10423,#10424));
#10422=ORIENTED_EDGE('',*,*,#10425,.T.);
#10423=ORIENTED_EDGE('',*,*,#10426,.T.);
#10424=ORIENTED_EDGE('',*,*,#10427,.T.);
#10425=EDGE_CURVE('',#534,#230,#10428,.F.);
#10426=EDGE_CURVE('',#230,#536,#10429,.T.);
#10427=EDGE_CURVE('',#536,#534,#10430,.T.);
#10428=LINE('',#533,#10431);
#10429=LINE('',#229,#10432);
#10430=LINE('',#535,#10433);
#10431=VECTOR('',#10434,1.0);
#10432=VECTOR('',#10435,1.0);
#10433=VECTOR('',#10436,1.0);
#10434=DIRECTION('',(0.9903763744139426,-0.08778959551591742,-0.10699356953502435));
#10435=DIRECTION('',(-0.9790030754759719,-0.11118871494325439,-0.17085095222987862));
#10436=DIRECTION('',(0,0.5819920989839387,0.8131944396761881));
#10437=STYLED_ITEM('',(#18),#10438);
#10438=FACE_SURFACE('',(#10443),#10439,.T.);
#10439=PLANE('',#10440);
#10440=AXIS2_PLACEMENT_3D('',#535,#10441,#10442);
#10441=DIRECTION('',(-0.007230548270520262,0.856553581436156,-0.516007443067057));
#10442=DIRECTION('',(0.9790030754759719,0.11118871494325439,0.17085095222987862));
#10443=FACE_BOUND('',#10444,.T.);
#10444=EDGE_LOOP('',(#10445,#10446,#10447));
#10445=ORIENTED_EDGE('',*,*,#10448,.T.);
#10446=ORIENTED_EDGE('',*,*,#10449,.T.);
#10447=ORIENTED_EDGE('',*,*,#10450,.T.);
#10448=EDGE_CURVE('',#536,#230,#10451,.F.);
#10449=EDGE_CURVE('',#230,#226,#10452,.T.);
#10450=EDGE_CURVE('',#226,#536,#10453,.T.);
#10451=LINE('',#535,#10454);
#10452=LINE('',#229,#10455);
#10453=LINE('',#225,#10456);
#10454=VECTOR('',#10457,1.0);
#10455=VECTOR('',#10458,1.0);
#10456=VECTOR('',#10459,1.0);
#10457=DIRECTION('',(0.9790030754759719,0.11118871494325439,0.17085095222987862));
#10458=DIRECTION('',(0.027624262547542796,-0.5156529008874651,-0.8563521389738257));
#10459=DIRECTION('',(-0.9957814342092723,0.0410349492119206,0.0820698984238412));
#10460=STYLED_ITEM('',(#18),#10461);
#10461=FACE_SURFACE('',(#10466),#10462,.T.);
#10462=PLANE('',#10463);
#10463=AXIS2_PLACEMENT_3D('',#535,#10464,#10465);
#10464=DIRECTION('',(0.008459515705573288,0.93167466304047,-0.36319520762594587));
#10465=DIRECTION('',(0.9957814342092723,-0.0410349492119206,-0.0820698984238412));
#10466=FACE_BOUND('',#10467,.T.);
#10467=EDGE_LOOP('',(#10468,#10469,#10470));
#10468=ORIENTED_EDGE('',*,*,#10471,.T.);
#10469=ORIENTED_EDGE('',*,*,#10472,.T.);
#10470=ORIENTED_EDGE('',*,*,#10473,.T.);
#10471=EDGE_CURVE('',#536,#226,#10474,.F.);
#10472=EDGE_CURVE('',#226,#538,#10475,.T.);
#10473=EDGE_CURVE('',#538,#536,#10476,.T.);
#10474=LINE('',#535,#10477);
#10475=LINE('',#225,#10478);
#10476=LINE('',#537,#10479);
#10477=VECTOR('',#10480,1.0);
#10478=VECTOR('',#10481,1.0);
#10479=VECTOR('',#10482,1.0);
#10480=DIRECTION('',(0.9957814342092723,-0.0410349492119206,-0.0820698984238412));
#10481=DIRECTION('',(-0.9686848274694831,-0.08249788365811525,-0.23418754070690795));
#10482=DIRECTION('',(0,0.3632082040665475,0.9317080017359265));
#10483=STYLED_ITEM('',(#18),#10484);
#10484=FACE_SURFACE('',(#10489),#10485,.T.);
#10485=PLANE('',#10486);
#10486=AXIS2_PLACEMENT_3D('',#537,#10487,#10488);
#10487=DIRECTION('',(0.004297011034072523,0.9374767123827676,-0.34802147841213843));
#10488=DIRECTION('',(0.9686848274694831,0.08249788365811525,0.23418754070690795));
#10489=FACE_BOUND('',#10490,.T.);
#10490=EDGE_LOOP('',(#10491,#10492,#10493));
#10491=ORIENTED_EDGE('',*,*,#10494,.T.);
#10492=ORIENTED_EDGE('',*,*,#10495,.T.);
#10493=ORIENTED_EDGE('',*,*,#10496,.T.);
#10494=EDGE_CURVE('',#538,#226,#10497,.F.);
#10495=EDGE_CURVE('',#226,#222,#10498,.T.);
#10496=EDGE_CURVE('',#222,#538,#10499,.T.);
#10497=LINE('',#537,#10500);
#10498=LINE('',#225,#10501);
#10499=LINE('',#221,#10502);
#10500=VECTOR('',#10503,1.0);
#10501=VECTOR('',#10504,1.0);
#10502=VECTOR('',#10505,1.0);
#10503=DIRECTION('',(0.9686848274694831,0.08249788365811525,0.23418754070690795));
#10504=DIRECTION('',(0.04014298526381389,-0.34790587228638636,-0.9366696561556576));
#10505=DIRECTION('',(-0.9987069351375304,-0.013606361514135305,-0.04898290145088679));
#10506=STYLED_ITEM('',(#18),#10507);
#10507=FACE_SURFACE('',(#10512),#10508,.T.);
#10508=PLANE('',#10509);
#10509=AXIS2_PLACEMENT_3D('',#537,#10510,#10511);
#10510=DIRECTION('',(-0.0017981377021061124,0.9723694056153569,-0.23344058285577043));
#10511=DIRECTION('',(0.9987069351375304,0.013606361514135305,0.04898290145088679));
#10512=FACE_BOUND('',#10513,.T.);
#10513=EDGE_LOOP('',(#10514,#10515,#10516));
#10514=ORIENTED_EDGE('',*,*,#10517,.T.);
#10515=ORIENTED_EDGE('',*,*,#10518,.T.);
#10516=ORIENTED_EDGE('',*,*,#10519,.T.);
#10517=EDGE_CURVE('',#538,#222,#10520,.F.);
#10518=EDGE_CURVE('',#222,#218,#10521,.T.);
#10519=EDGE_CURVE('',#218,#538,#10522,.T.);
#10520=LINE('',#537,#10523);
#10521=LINE('',#221,#10524);
#10522=LINE('',#217,#10525);
#10523=VECTOR('',#10526,1.0);
#10524=VECTOR('',#10527,1.0);
#10525=VECTOR('',#10528,1.0);
#10526=DIRECTION('',(0.9987069351375304,0.013606361514135305,0.04898290145088679));
#10527=DIRECTION('',(0.03886610371682367,-0.233196622300942,-0.9716525929205895));
#10528=DIRECTION('',(-0.9960829472918684,0.01889588246895145,0.08638117700092092));
#10529=STYLED_ITEM('',(#18),#10530);
#10530=FACE_SURFACE('',(#10535),#10531,.T.);
#10531=PLANE('',#10532);
#10532=AXIS2_PLACEMENT_3D('',#217,#10533,#10534);
#10533=DIRECTION('',(0.006531563405587882,0.989954486519866,-0.14123545340553548));
#10534=DIRECTION('',(0.028272964322665697,-0.1413648216133285,-0.9895537512932995));
#10535=FACE_BOUND('',#10536,.T.);
#10536=EDGE_LOOP('',(#10537,#10538,#10539));
#10537=ORIENTED_EDGE('',*,*,#10540,.T.);
#10538=ORIENTED_EDGE('',*,*,#10541,.T.);
#10539=ORIENTED_EDGE('',*,*,#10542,.T.);
#10540=EDGE_CURVE('',#218,#214,#10543,.F.);
#10541=EDGE_CURVE('',#214,#538,#10544,.T.);
#10542=EDGE_CURVE('',#538,#218,#10545,.T.);
#10543=LINE('',#217,#10546);
#10544=LINE('',#213,#10547);
#10545=LINE('',#537,#10548);
#10546=VECTOR('',#10549,1.0);
#10547=VECTOR('',#10550,1.0);
#10548=VECTOR('',#10551,1.0);
#10549=DIRECTION('',(0.028272964322665697,-0.1413648216133285,-0.9895537512932995));
#10550=DIRECTION('',(-0.983496611435254,0.03189718739790016,0.1780926296382759));
#10551=DIRECTION('',(0.9960829472918684,-0.01889588246895145,-0.08638117700092092));
#10552=STYLED_ITEM('',(#18),#10553);
#10553=FACE_SURFACE('',(#10558),#10554,.T.);
#10554=PLANE('',#10555);
#10555=AXIS2_PLACEMENT_3D('',#537,#10556,#10557);
#10556=DIRECTION('',(0.010625865693871034,0.992820784528355,-0.11913849414340269));
#10557=DIRECTION('',(0.983496611435254,-0.03189718739790016,-0.1780926296382759));
#10558=FACE_BOUND('',#10559,.T.);
#10559=EDGE_LOOP('',(#10560,#10561,#10562));
#10560=ORIENTED_EDGE('',*,*,#10563,.T.);
#10561=ORIENTED_EDGE('',*,*,#10564,.T.);
#10562=ORIENTED_EDGE('',*,*,#10565,.T.);
#10563=EDGE_CURVE('',#538,#214,#10566,.F.);
#10564=EDGE_CURVE('',#214,#198,#10567,.T.);
#10565=EDGE_CURVE('',#198,#538,#10568,.T.);
#10566=LINE('',#537,#10569);
#10567=LINE('',#213,#10570);
#10568=LINE('',#197,#10571);
#10569=VECTOR('',#10572,1.0);
#10570=VECTOR('',#10573,1.0);
#10571=VECTOR('',#10574,1.0);
#10572=DIRECTION('',(0.983496611435254,-0.03189718739790016,-0.1780926296382759));
#10573=DIRECTION('',(-0.9879038579202836,-0.008010031280434739,-0.15486060475507132));
#10574=DIRECTION('',(0,0.11914522061843075,0.9928768384869221));
#10575=STYLED_ITEM('',(#18),#10576);
#10576=FACE_SURFACE('',(#10581),#10577,.T.);
#10577=PLANE('',#10578);
#10578=AXIS2_PLACEMENT_3D('',#213,#10579,#10580);
#10579=DIRECTION('',(0,0.9986649849421085,-0.05165508542804018));
#10580=DIRECTION('',(0.034416322714285255,-0.05162448407142789,-0.9980733587142706));
#10581=FACE_BOUND('',#10582,.T.);
#10582=EDGE_LOOP('',(#10583,#10584,#10585));
#10583=ORIENTED_EDGE('',*,*,#10586,.T.);
#10584=ORIENTED_EDGE('',*,*,#10587,.T.);
#10585=ORIENTED_EDGE('',*,*,#10588,.T.);
#10586=EDGE_CURVE('',#214,#200,#10589,.F.);
#10587=EDGE_CURVE('',#200,#198,#10590,.T.);
#10588=EDGE_CURVE('',#198,#214,#10591,.T.);
#10589=LINE('',#213,#10592);
#10590=LINE('',#199,#10593);
#10591=LINE('',#197,#10594);
#10592=VECTOR('',#10595,1.0);
#10593=VECTOR('',#10596,1.0);
#10594=VECTOR('',#10597,1.0);
#10595=DIRECTION('',(0.034416322714285255,-0.05162448407142789,-0.9980733587142706));
#10596=DIRECTION('',(-1,0,0));
#10597=DIRECTION('',(0.9879038579202836,0.008010031280434739,0.15486060475507132));
#10598=STYLED_ITEM('',(#18),#10599);
#10599=FACE_SURFACE('',(#10604),#10600,.T.);
#10600=PLANE('',#10601);
#10601=AXIS2_PLACEMENT_3D('',#401,#10602,#10603);
#10602=DIRECTION('',(-1,0,0));
#10603=DIRECTION('',(0,-1,0));
#10604=FACE_BOUND('',#10605,.T.);
#10605=EDGE_LOOP('',(#10606,#10607,#10608));
#10606=ORIENTED_EDGE('',*,*,#10609,.T.);
#10607=ORIENTED_EDGE('',*,*,#10610,.T.);
#10608=ORIENTED_EDGE('',*,*,#10611,.T.);
#10609=EDGE_CURVE('',#402,#432,#10612,.F.);
#10610=EDGE_CURVE('',#432,#356,#10613,.T.);
#10611=EDGE_CURVE('',#356,#402,#10614,.T.);
#10612=LINE('',#401,#10615);
#10613=LINE('',#431,#10616);
#10614=LINE('',#355,#10617);
#10615=VECTOR('',#10618,1.0);
#10616=VECTOR('',#10619,1.0);
#10617=VECTOR('',#10620,1.0);
#10618=DIRECTION('',(0,-1,0));
#10619=DIRECTION('',(0,0.605836553395763,0.7955891342706627));
#10620=DIRECTION('',(0,0.16163921110335314,-0.9868499204204688));
#10621=STYLED_ITEM('',(#18),#10622);
#10622=FACE_SURFACE('',(#10627),#10623,.T.);
#10623=PLANE('',#10624);
#10624=AXIS2_PLACEMENT_3D('',#355,#10625,#10626);
#10625=DIRECTION('',(-1,0,0));
#10626=DIRECTION('',(0,-0.605836553395763,-0.7955891342706627));
#10627=FACE_BOUND('',#10628,.T.);
#10628=EDGE_LOOP('',(#10629,#10630,#10631));
#10629=ORIENTED_EDGE('',*,*,#10632,.T.);
#10630=ORIENTED_EDGE('',*,*,#10633,.T.);
#10631=ORIENTED_EDGE('',*,*,#10634,.T.);
#10632=EDGE_CURVE('',#356,#432,#10635,.F.);
#10633=EDGE_CURVE('',#432,#434,#10636,.T.);
#10634=EDGE_CURVE('',#434,#356,#10637,.T.);
#10635=LINE('',#355,#10638);
#10636=LINE('',#431,#10639);
#10637=LINE('',#433,#10640);
#10638=VECTOR('',#10641,1.0);
#10639=VECTOR('',#10642,1.0);
#10640=VECTOR('',#10643,1.0);
#10641=DIRECTION('',(0,-0.605836553395763,-0.7955891342706627));
#10642=DIRECTION('',(0,-0.159545940186297,0.9871905049027115));
#10643=DIRECTION('',(0,0.986984000237425,0.16081847927191287));
#10644=STYLED_ITEM('',(#18),#10645);
#10645=FACE_SURFACE('',(#10650),#10646,.T.);
#10646=PLANE('',#10647);
#10647=AXIS2_PLACEMENT_3D('',#355,#10648,#10649);
#10648=DIRECTION('',(-1,-0,0));
#10649=DIRECTION('',(0,-0.986984000237425,-0.16081847927191287));
#10650=FACE_BOUND('',#10651,.T.);
#10651=EDGE_LOOP('',(#10652,#10653,#10654));
#10652=ORIENTED_EDGE('',*,*,#10655,.T.);
#10653=ORIENTED_EDGE('',*,*,#10656,.T.);
#10654=ORIENTED_EDGE('',*,*,#10657,.T.);
#10655=EDGE_CURVE('',#356,#434,#10658,.F.);
#10656=EDGE_CURVE('',#434,#336,#10659,.T.);
#10657=EDGE_CURVE('',#336,#356,#10660,.T.);
#10658=LINE('',#355,#10661);
#10659=LINE('',#433,#10662);
#10660=LINE('',#335,#10663);
#10661=VECTOR('',#10664,1.0);
#10662=VECTOR('',#10665,1.0);
#10663=VECTOR('',#10666,1.0);
#10664=DIRECTION('',(0,-0.986984000237425,-0.16081847927191287));
#10665=DIRECTION('',(0,0.7918630000254097,0.6106987712373082));
#10666=DIRECTION('',(0,0.2569011563432507,-0.9664376833865185));
#10667=STYLED_ITEM('',(#18),#10668);
#10668=FACE_SURFACE('',(#10673),#10669,.T.);
#10669=PLANE('',#10670);
#10670=AXIS2_PLACEMENT_3D('',#335,#10671,#10672);
#10671=DIRECTION('',(-1,0,0));
#10672=DIRECTION('',(0,-0.7918630000254097,-0.6106987712373082));
#10673=FACE_BOUND('',#10674,.T.);
#10674=EDGE_LOOP('',(#10675,#10676,#10677));
#10675=ORIENTED_EDGE('',*,*,#10678,.T.);
#10676=ORIENTED_EDGE('',*,*,#10679,.T.);
#10677=ORIENTED_EDGE('',*,*,#10680,.T.);
#10678=EDGE_CURVE('',#336,#434,#10681,.F.);
#10679=EDGE_CURVE('',#434,#518,#10682,.T.);
#10680=EDGE_CURVE('',#518,#336,#10683,.T.);
#10681=LINE('',#335,#10684);
#10682=LINE('',#433,#10685);
#10683=LINE('',#517,#10686);
#10684=VECTOR('',#10687,1.0);
#10685=VECTOR('',#10688,1.0);
#10686=VECTOR('',#10689,1.0);
#10687=DIRECTION('',(0,-0.7918630000254097,-0.6106987712373082));
#10688=DIRECTION('',(0,-0.2778653026807835,0.9606200464107109));
#10689=DIRECTION('',(0,0.9610484509503042,0.27637994667851873));
#10690=STYLED_ITEM('',(#18),#10691);
#10691=FACE_SURFACE('',(#10696),#10692,.T.);
#10692=PLANE('',#10693);
#10693=AXIS2_PLACEMENT_3D('',#335,#10694,#10695);
#10694=DIRECTION('',(-1,-0,0));
#10695=DIRECTION('',(0,-0.9610484509503042,-0.27637994667851873));
#10696=FACE_BOUND('',#10697,.T.);
#10697=EDGE_LOOP('',(#10698,#10699,#10700));
#10698=ORIENTED_EDGE('',*,*,#10701,.T.);
#10699=ORIENTED_EDGE('',*,*,#10702,.T.);
#10700=ORIENTED_EDGE('',*,*,#10703,.T.);
#10701=EDGE_CURVE('',#336,#518,#10704,.F.);
#10702=EDGE_CURVE('',#518,#334,#10705,.T.);
#10703=EDGE_CURVE('',#334,#336,#10706,.T.);
#10704=LINE('',#335,#10707);
#10705=LINE('',#517,#10708);
#10706=LINE('',#333,#10709);
#10707=VECTOR('',#10710,1.0);
#10708=VECTOR('',#10711,1.0);
#10709=VECTOR('',#10712,1.0);
#10710=DIRECTION('',(0,-0.9610484509503042,-0.27637994667851873));
#10711=DIRECTION('',(0,0.7071067811865475,0.7071067811865475));
#10712=DIRECTION('',(0,0.44229248412044514,-0.8968708705775686));
#10713=STYLED_ITEM('',(#18),#10714);
#10714=FACE_SURFACE('',(#10719),#10715,.T.);
#10715=PLANE('',#10716);
#10716=AXIS2_PLACEMENT_3D('',#333,#10717,#10718);
#10717=DIRECTION('',(-1,0,0));
#10718=DIRECTION('',(0,-0.7071067811865475,-0.7071067811865475));
#10719=FACE_BOUND('',#10720,.T.);
#10720=EDGE_LOOP('',(#10721,#10722,#10723));
#10721=ORIENTED_EDGE('',*,*,#10724,.T.);
#10722=ORIENTED_EDGE('',*,*,#10725,.T.);
#10723=ORIENTED_EDGE('',*,*,#10726,.T.);
#10724=EDGE_CURVE('',#334,#518,#10727,.F.);
#10725=EDGE_CURVE('',#518,#520,#10728,.T.);
#10726=EDGE_CURVE('',#520,#334,#10729,.T.);
#10727=LINE('',#333,#10730);
#10728=LINE('',#517,#10731);
#10729=LINE('',#519,#10732);
#10730=VECTOR('',#10733,1.0);
#10731=VECTOR('',#10734,1.0);
#10732=VECTOR('',#10735,1.0);
#10733=DIRECTION('',(0,-0.7071067811865475,-0.7071067811865475));
#10734=DIRECTION('',(0,-0.5098023903017334,0.8602915336341741));
#10735=DIRECTION('',(0,0.9210525453871552,0.3894383245596696));
#10736=STYLED_ITEM('',(#18),#10737);
#10737=FACE_SURFACE('',(#10742),#10738,.T.);
#10738=PLANE('',#10739);
#10739=AXIS2_PLACEMENT_3D('',#333,#10740,#10741);
#10740=DIRECTION('',(-1,-0,0));
#10741=DIRECTION('',(0,-0.9210525453871552,-0.3894383245596696));
#10742=FACE_BOUND('',#10743,.T.);
#10743=EDGE_LOOP('',(#10744,#10745,#10746));
#10744=ORIENTED_EDGE('',*,*,#10747,.T.);
#10745=ORIENTED_EDGE('',*,*,#10748,.T.);
#10746=ORIENTED_EDGE('',*,*,#10749,.T.);
#10747=EDGE_CURVE('',#334,#520,#10750,.F.);
#10748=EDGE_CURVE('',#520,#332,#10751,.T.);
#10749=EDGE_CURVE('',#332,#334,#10752,.T.);
#10750=LINE('',#333,#10753);
#10751=LINE('',#519,#10754);
#10752=LINE('',#331,#10755);
#10753=VECTOR('',#10756,1.0);
#10754=VECTOR('',#10757,1.0);
#10755=VECTOR('',#10758,1.0);
#10756=DIRECTION('',(0,-0.9210525453871552,-0.3894383245596696));
#10757=DIRECTION('',(0,0.6152239949102829,0.7883523552870456));
#10758=DIRECTION('',(0,0.6088187851390504,-0.7933093260902779));
#10759=STYLED_ITEM('',(#18),#10760);
#10760=FACE_SURFACE('',(#10765),#10761,.T.);
#10761=PLANE('',#10762);
#10762=AXIS2_PLACEMENT_3D('',#331,#10763,#10764);
#10763=DIRECTION('',(-1,0,0));
#10764=DIRECTION('',(0,-0.6152239949102829,-0.7883523552870456));
#10765=FACE_BOUND('',#10766,.T.);
#10766=EDGE_LOOP('',(#10767,#10768,#10769));
#10767=ORIENTED_EDGE('',*,*,#10770,.T.);
#10768=ORIENTED_EDGE('',*,*,#10771,.T.);
#10769=ORIENTED_EDGE('',*,*,#10772,.T.);
#10770=EDGE_CURVE('',#332,#520,#10773,.F.);
#10771=EDGE_CURVE('',#520,#522,#10774,.T.);
#10772=EDGE_CURVE('',#522,#332,#10775,.T.);
#10773=LINE('',#331,#10776);
#10774=LINE('',#519,#10777);
#10775=LINE('',#521,#10778);
#10776=VECTOR('',#10779,1.0);
#10777=VECTOR('',#10780,1.0);
#10778=VECTOR('',#10781,1.0);
#10779=DIRECTION('',(0,-0.6152239949102829,-0.7883523552870456));
#10780=DIRECTION('',(0,-0.7071067811865472,0.7071067811865477));
#10781=DIRECTION('',(0,0.8663858461385091,0.499375175204835));
#10782=STYLED_ITEM('',(#18),#10783);
#10783=FACE_SURFACE('',(#10788),#10784,.T.);
#10784=PLANE('',#10785);
#10785=AXIS2_PLACEMENT_3D('',#331,#10786,#10787);
#10786=DIRECTION('',(-1,-0,0));
#10787=DIRECTION('',(0,-0.8663858461385091,-0.499375175204835));
#10788=FACE_BOUND('',#10789,.T.);
#10789=EDGE_LOOP('',(#10790,#10791,#10792));
#10790=ORIENTED_EDGE('',*,*,#10793,.T.);
#10791=ORIENTED_EDGE('',*,*,#10794,.T.);
#10792=ORIENTED_EDGE('',*,*,#10795,.T.);
#10793=EDGE_CURVE('',#332,#522,#10796,.F.);
#10794=EDGE_CURVE('',#522,#330,#10797,.T.);
#10795=EDGE_CURVE('',#330,#332,#10798,.T.);
#10796=LINE('',#331,#10799);
#10797=LINE('',#521,#10800);
#10798=LINE('',#329,#10801);
#10799=VECTOR('',#10802,1.0);
#10800=VECTOR('',#10803,1.0);
#10801=VECTOR('',#10804,1.0);
#10802=DIRECTION('',(0,-0.8663858461385091,-0.499375175204835));
#10803=DIRECTION('',(0,0.5135744141339386,0.8580450577603612));
#10804=DIRECTION('',(0,0.7540815958863061,-0.6567807448042016));
#10805=STYLED_ITEM('',(#18),#10806);
#10806=FACE_SURFACE('',(#10811),#10807,.T.);
#10807=PLANE('',#10808);
#10808=AXIS2_PLACEMENT_3D('',#329,#10809,#10810);
#10809=DIRECTION('',(-1,0,0));
#10810=DIRECTION('',(0,-0.5135744141339386,-0.8580450577603612));
#10811=FACE_BOUND('',#10812,.T.);
#10812=EDGE_LOOP('',(#10813,#10814,#10815));
#10813=ORIENTED_EDGE('',*,*,#10816,.T.);
#10814=ORIENTED_EDGE('',*,*,#10817,.T.);
#10815=ORIENTED_EDGE('',*,*,#10818,.T.);
#10816=EDGE_CURVE('',#330,#522,#10819,.F.);
#10817=EDGE_CURVE('',#522,#524,#10820,.T.);
#10818=EDGE_CURVE('',#524,#330,#10821,.T.);
#10819=LINE('',#329,#10822);
#10820=LINE('',#521,#10823);
#10821=LINE('',#523,#10824);
#10822=VECTOR('',#10825,1.0);
#10823=VECTOR('',#10826,1.0);
#10824=VECTOR('',#10827,1.0);
#10825=DIRECTION('',(0,-0.5135744141339386,-0.8580450577603612));
#10826=DIRECTION('',(0,-0.8567921384922006,0.5156619352036388));
#10827=DIRECTION('',(0,0.7929489976428424,0.6092880165711546));
#10828=STYLED_ITEM('',(#18),#10829);
#10829=FACE_SURFACE('',(#10834),#10830,.T.);
#10830=PLANE('',#10831);
#10831=AXIS2_PLACEMENT_3D('',#329,#10832,#10833);
#10832=DIRECTION('',(-1,0,0));
#10833=DIRECTION('',(0,-0.7929489976428424,-0.6092880165711546));
#10834=FACE_BOUND('',#10835,.T.);
#10835=EDGE_LOOP('',(#10836,#10837,#10838));
#10836=ORIENTED_EDGE('',*,*,#10839,.T.);
#10837=ORIENTED_EDGE('',*,*,#10840,.T.);
#10838=ORIENTED_EDGE('',*,*,#10841,.T.);
#10839=EDGE_CURVE('',#330,#524,#10842,.F.);
#10840=EDGE_CURVE('',#524,#526,#10843,.T.);
#10841=EDGE_CURVE('',#526,#330,#10844,.T.);
#10842=LINE('',#329,#10845);
#10843=LINE('',#523,#10846);
#10844=LINE('',#525,#10847);
#10845=VECTOR('',#10848,1.0);
#10846=VECTOR('',#10849,1.0);
#10847=VECTOR('',#10850,1.0);
#10848=DIRECTION('',(0,-0.7929489976428424,-0.6092880165711546));
#10849=DIRECTION('',(0,-0.958477856666115,0.28516696561967064));
#10850=DIRECTION('',(0,0.915246339268999,0.4028946989657427));
#10851=STYLED_ITEM('',(#18),#10852);
#10852=FACE_SURFACE('',(#10857),#10853,.T.);
#10853=PLANE('',#10854);
#10854=AXIS2_PLACEMENT_3D('',#525,#10855,#10856);
#10855=DIRECTION('',(-1,0,0));
#10856=DIRECTION('',(0,-0.9988499868416297,0.047944799368398267));
#10857=FACE_BOUND('',#10858,.T.);
#10858=EDGE_LOOP('',(#10859,#10860,#10861));
#10859=ORIENTED_EDGE('',*,*,#10862,.T.);
#10860=ORIENTED_EDGE('',*,*,#10863,.T.);
#10861=ORIENTED_EDGE('',*,*,#10864,.T.);
#10862=EDGE_CURVE('',#526,#528,#10865,.F.);
#10863=EDGE_CURVE('',#528,#330,#10866,.T.);
#10864=EDGE_CURVE('',#330,#526,#10867,.T.);
#10865=LINE('',#525,#10868);
#10866=LINE('',#527,#10869);
#10867=LINE('',#329,#10870);
#10868=VECTOR('',#10871,1.0);
#10869=VECTOR('',#10872,1.0);
#10870=VECTOR('',#10873,1.0);
#10871=DIRECTION('',(0,-0.9988499868416297,0.047944799368398267));
#10872=DIRECTION('',(0,0.9517605563181393,0.30684172375507585));
#10873=DIRECTION('',(0,-0.915246339268999,-0.4028946989657427));
#10874=STYLED_ITEM('',(#18),#10875);
#10875=FACE_SURFACE('',(#10880),#10876,.T.);
#10876=PLANE('',#10877);
#10877=AXIS2_PLACEMENT_3D('',#329,#10878,#10879);
#10878=DIRECTION('',(-1,-0,0));
#10879=DIRECTION('',(0,-0.9517605563181393,-0.30684172375507585));
#10880=FACE_BOUND('',#10881,.T.);
#10881=EDGE_LOOP('',(#10882,#10883,#10884));
#10882=ORIENTED_EDGE('',*,*,#10885,.T.);
#10883=ORIENTED_EDGE('',*,*,#10886,.T.);
#10884=ORIENTED_EDGE('',*,*,#10887,.T.);
#10885=EDGE_CURVE('',#330,#528,#10888,.F.);
#10886=EDGE_CURVE('',#528,#354,#10889,.T.);
#10887=EDGE_CURVE('',#354,#330,#10890,.T.);
#10888=LINE('',#329,#10891);
#10889=LINE('',#527,#10892);
#10890=LINE('',#353,#10893);
#10891=VECTOR('',#10894,1.0);
#10892=VECTOR('',#10895,1.0);
#10893=VECTOR('',#10896,1.0);
#10894=DIRECTION('',(0,-0.9517605563181393,-0.30684172375507585));
#10895=DIRECTION('',(0,-0.9341147372854165,0.3569729087566694));
#10896=DIRECTION('',(0,1,0));
#10897=STYLED_ITEM('',(#18),#10898);
#10898=FACE_SURFACE('',(#10903),#10899,.T.);
#10899=PLANE('',#10900);
#10900=AXIS2_PLACEMENT_3D('',#527,#10901,#10902);
#10901=DIRECTION('',(-1,-0,0));
#10902=DIRECTION('',(0,-0.9787169497255273,-0.20521484429728773));
#10903=FACE_BOUND('',#10904,.T.);
#10904=EDGE_LOOP('',(#10905,#10906,#10907));
#10905=ORIENTED_EDGE('',*,*,#10908,.T.);
#10906=ORIENTED_EDGE('',*,*,#10909,.T.);
#10907=ORIENTED_EDGE('',*,*,#10910,.T.);
#10908=EDGE_CURVE('',#528,#530,#10911,.F.);
#10909=EDGE_CURVE('',#530,#354,#10912,.T.);
#10910=EDGE_CURVE('',#354,#528,#10913,.T.);
#10911=LINE('',#527,#10914);
#10912=LINE('',#529,#10915);
#10913=LINE('',#353,#10916);
#10914=VECTOR('',#10917,1.0);
#10915=VECTOR('',#10918,1.0);
#10916=VECTOR('',#10919,1.0);
#10917=DIRECTION('',(0,-0.9787169497255273,-0.20521484429728773));
#10918=DIRECTION('',(0,-0.8511911186450983,0.524855865490428));
#10919=DIRECTION('',(0,0.9341147372854165,-0.3569729087566694));
#10920=STYLED_ITEM('',(#18),#10921);
#10921=FACE_SURFACE('',(#10926),#10922,.T.);
#10922=PLANE('',#10923);
#10923=AXIS2_PLACEMENT_3D('',#353,#10924,#10925);
#10924=DIRECTION('',(-1,0,0));
#10925=DIRECTION('',(0,0.8511911186450983,-0.524855865490428));
#10926=FACE_BOUND('',#10927,.T.);
#10927=EDGE_LOOP('',(#10928,#10929,#10930));
#10928=ORIENTED_EDGE('',*,*,#10931,.T.);
#10929=ORIENTED_EDGE('',*,*,#10932,.T.);
#10930=ORIENTED_EDGE('',*,*,#10933,.T.);
#10931=EDGE_CURVE('',#354,#530,#10934,.F.);
#10932=EDGE_CURVE('',#530,#532,#10935,.T.);
#10933=EDGE_CURVE('',#532,#354,#10936,.T.);
#10934=LINE('',#353,#10937);
#10935=LINE('',#529,#10938);
#10936=LINE('',#531,#10939);
#10937=VECTOR('',#10940,1.0);
#10938=VECTOR('',#10941,1.0);
#10939=VECTOR('',#10942,1.0);
#10940=DIRECTION('',(0,0.8511911186450983,-0.524855865490428));
#10941=DIRECTION('',(0,-0.8991504721028851,-0.437639610315564));
#10942=DIRECTION('',(0,-0.6277524511897818,0.7784130394753294));
#10943=STYLED_ITEM('',(#18),#10944);
#10944=FACE_SURFACE('',(#10949),#10945,.T.);
#10945=PLANE('',#10946);
#10946=AXIS2_PLACEMENT_3D('',#353,#10947,#10948);
#10947=DIRECTION('',(-1,0,0));
#10948=DIRECTION('',(0,0.6277524511897818,-0.7784130394753294));
#10949=FACE_BOUND('',#10950,.T.);
#10950=EDGE_LOOP('',(#10951,#10952,#10953));
#10951=ORIENTED_EDGE('',*,*,#10954,.T.);
#10952=ORIENTED_EDGE('',*,*,#10955,.T.);
#10953=ORIENTED_EDGE('',*,*,#10956,.T.);
#10954=EDGE_CURVE('',#354,#532,#10957,.F.);
#10955=EDGE_CURVE('',#532,#534,#10958,.T.);
#10956=EDGE_CURVE('',#534,#354,#10959,.T.);
#10957=LINE('',#353,#10960);
#10958=LINE('',#531,#10961);
#10959=LINE('',#533,#10962);
#10960=VECTOR('',#10963,1.0);
#10961=VECTOR('',#10964,1.0);
#10962=VECTOR('',#10965,1.0);
#10963=DIRECTION('',(0,0.6277524511897818,-0.7784130394753294));
#10964=DIRECTION('',(0,-0.7642914835078911,-0.6448709392097827));
#10965=DIRECTION('',(0,-0.3014087610494933,0.9534950229354159));
#10966=STYLED_ITEM('',(#18),#10967);
#10967=FACE_SURFACE('',(#10972),#10968,.T.);
#10968=PLANE('',#10969);
#10969=AXIS2_PLACEMENT_3D('',#353,#10970,#10971);
#10970=DIRECTION('',(-1,0,-0));
#10971=DIRECTION('',(0,0.3014087610494933,-0.9534950229354159));
#10972=FACE_BOUND('',#10973,.T.);
#10973=EDGE_LOOP('',(#10974,#10975,#10976));
#10974=ORIENTED_EDGE('',*,*,#10977,.T.);
#10975=ORIENTED_EDGE('',*,*,#10978,.T.);
#10976=ORIENTED_EDGE('',*,*,#10979,.T.);
#10977=EDGE_CURVE('',#354,#534,#10980,.F.);
#10978=EDGE_CURVE('',#534,#352,#10981,.T.);
#10979=EDGE_CURVE('',#352,#354,#10982,.T.);
#10980=LINE('',#353,#10983);
#10981=LINE('',#533,#10984);
#10982=LINE('',#351,#10985);
#10983=VECTOR('',#10986,1.0);
#10984=VECTOR('',#10987,1.0);
#10985=VECTOR('',#10988,1.0);
#10986=DIRECTION('',(0,0.3014087610494933,-0.9534950229354159));
#10987=DIRECTION('',(0,-0.7854453888297165,0.6189309663978166));
#10988=DIRECTION('',(0,0.7417764609486829,0.6706472112686722));
#10989=STYLED_ITEM('',(#18),#10990);
#10990=FACE_SURFACE('',(#10995),#10991,.T.);
#10991=PLANE('',#10992);
#10992=AXIS2_PLACEMENT_3D('',#351,#10993,#10994);
#10993=DIRECTION('',(-1,0,0));
#10994=DIRECTION('',(0,0.7854453888297165,-0.6189309663978166));
#10995=FACE_BOUND('',#10996,.T.);
#10996=EDGE_LOOP('',(#10997,#10998,#10999));
#10997=ORIENTED_EDGE('',*,*,#11000,.T.);
#10998=ORIENTED_EDGE('',*,*,#11001,.T.);
#10999=ORIENTED_EDGE('',*,*,#11002,.T.);
#11000=EDGE_CURVE('',#352,#534,#11003,.F.);
#11001=EDGE_CURVE('',#534,#536,#11004,.T.);
#11002=EDGE_CURVE('',#536,#352,#11005,.T.);
#11003=LINE('',#351,#11006);
#11004=LINE('',#533,#11007);
#11005=LINE('',#535,#11008);
#11006=VECTOR('',#11009,1.0);
#11007=VECTOR('',#11010,1.0);
#11008=VECTOR('',#11011,1.0);
#11009=DIRECTION('',(0,0.7854453888297165,-0.6189309663978166));
#11010=DIRECTION('',(0,-0.5819920989839387,-0.8131944396761881));
#11011=DIRECTION('',(0,-0.5094078885517423,0.8605251902653727));
#11012=STYLED_ITEM('',(#18),#11013);
#11013=FACE_SURFACE('',(#11018),#11014,.T.);
#11014=PLANE('',#11015);
#11015=AXIS2_PLACEMENT_3D('',#351,#11016,#11017);
#11016=DIRECTION('',(-1,0,-0));
#11017=DIRECTION('',(0,0.5094078885517423,-0.8605251902653727));
#11018=FACE_BOUND('',#11019,.T.);
#11019=EDGE_LOOP('',(#11020,#11021,#11022));
#11020=ORIENTED_EDGE('',*,*,#11023,.T.);
#11021=ORIENTED_EDGE('',*,*,#11024,.T.);
#11022=ORIENTED_EDGE('',*,*,#11025,.T.);
#11023=EDGE_CURVE('',#352,#536,#11026,.F.);
#11024=EDGE_CURVE('',#536,#350,#11027,.T.);
#11025=EDGE_CURVE('',#350,#352,#11028,.T.);
#11026=LINE('',#351,#11029);
#11027=LINE('',#535,#11030);
#11028=LINE('',#349,#11031);
#11029=VECTOR('',#11032,1.0);
#11030=VECTOR('',#11033,1.0);
#11031=VECTOR('',#11034,1.0);
#11032=DIRECTION('',(0,0.5094078885517423,-0.8605251902653727));
#11033=DIRECTION('',(0,-0.9036737151829835,0.42822169081841704));
#11034=DIRECTION('',(0,0.5593855127306261,0.8289076234099279));
#11035=STYLED_ITEM('',(#18),#11036);
#11036=FACE_SURFACE('',(#11041),#11037,.T.);
#11037=PLANE('',#11038);
#11038=AXIS2_PLACEMENT_3D('',#349,#11039,#11040);
#11039=DIRECTION('',(-1,0,0));
#11040=DIRECTION('',(0,0.9036737151829835,-0.42822169081841704));
#11041=FACE_BOUND('',#11042,.T.);
#11042=EDGE_LOOP('',(#11043,#11044,#11045));
#11043=ORIENTED_EDGE('',*,*,#11046,.T.);
#11044=ORIENTED_EDGE('',*,*,#11047,.T.);
#11045=ORIENTED_EDGE('',*,*,#11048,.T.);
#11046=EDGE_CURVE('',#350,#536,#11049,.F.);
#11047=EDGE_CURVE('',#536,#538,#11050,.T.);
#11048=EDGE_CURVE('',#538,#350,#11051,.T.);
#11049=LINE('',#349,#11052);
#11050=LINE('',#535,#11053);
#11051=LINE('',#537,#11054);
#11052=VECTOR('',#11055,1.0);
#11053=VECTOR('',#11056,1.0);
#11054=VECTOR('',#11057,1.0);
#11055=DIRECTION('',(0,0.9036737151829835,-0.42822169081841704));
#11056=DIRECTION('',(0,-0.3632082040665475,-0.9317080017359265));
#11057=DIRECTION('',(0,-0.688298972290623,0.7254271326216523));
#11058=STYLED_ITEM('',(#18),#11059);
#11059=FACE_SURFACE('',(#11064),#11060,.T.);
#11060=PLANE('',#11061);
#11061=AXIS2_PLACEMENT_3D('',#349,#11062,#11063);
#11062=DIRECTION('',(-1,0,-0));
#11063=DIRECTION('',(0,0.688298972290623,-0.7254271326216523));
#11064=FACE_BOUND('',#11065,.T.);
#11065=EDGE_LOOP('',(#11066,#11067,#11068));
#11066=ORIENTED_EDGE('',*,*,#11069,.T.);
#11067=ORIENTED_EDGE('',*,*,#11070,.T.);
#11068=ORIENTED_EDGE('',*,*,#11071,.T.);
#11069=EDGE_CURVE('',#350,#538,#11072,.F.);
#11070=EDGE_CURVE('',#538,#348,#11073,.T.);
#11071=EDGE_CURVE('',#348,#350,#11074,.T.);
#11072=LINE('',#349,#11075);
#11073=LINE('',#537,#11076);
#11074=LINE('',#347,#11077);
#11075=VECTOR('',#11078,1.0);
#11076=VECTOR('',#11079,1.0);
#11077=VECTOR('',#11080,1.0);
#11078=DIRECTION('',(0,0.688298972290623,-0.7254271326216523));
#11079=DIRECTION('',(0,-0.9754410020677065,0.22026087143464326));
#11080=DIRECTION('',(0,0.35112344158839176,0.9363291775690445));
#11081=STYLED_ITEM('',(#18),#11082);
#11082=FACE_SURFACE('',(#11087),#11083,.T.);
#11083=PLANE('',#11084);
#11084=AXIS2_PLACEMENT_3D('',#347,#11085,#11086);
#11085=DIRECTION('',(-1,0,0));
#11086=DIRECTION('',(0,0.9754410020677065,-0.22026087143464326));
#11087=FACE_BOUND('',#11088,.T.);
#11088=EDGE_LOOP('',(#11089,#11090,#11091));
#11089=ORIENTED_EDGE('',*,*,#11092,.T.);
#11090=ORIENTED_EDGE('',*,*,#11093,.T.);
#11091=ORIENTED_EDGE('',*,*,#11094,.T.);
#11092=EDGE_CURVE('',#348,#538,#11095,.F.);
#11093=EDGE_CURVE('',#538,#198,#11096,.T.);
#11094=EDGE_CURVE('',#198,#348,#11097,.T.);
#11095=LINE('',#347,#11098);
#11096=LINE('',#537,#11099);
#11097=LINE('',#197,#11100);
#11098=VECTOR('',#11101,1.0);
#11099=VECTOR('',#11102,1.0);
#11100=VECTOR('',#11103,1.0);
#11101=DIRECTION('',(0,0.9754410020677065,-0.22026087143464326));
#11102=DIRECTION('',(0,-0.11914522061843075,-0.9928768384869221));
#11103=DIRECTION('',(0,-0.8342191746462444,0.5514330137492123));
#11104=STYLED_ITEM('',(#18),#11105);
#11105=FACE_SURFACE('',(#11110),#11106,.T.);
#11106=PLANE('',#11107);
#11107=AXIS2_PLACEMENT_3D('',#347,#11108,#11109);
#11108=DIRECTION('',(-1,0,-0));
#11109=DIRECTION('',(0,0.8342191746462444,-0.5514330137492123));
#11110=FACE_BOUND('',#11111,.T.);
#11111=EDGE_LOOP('',(#11112,#11113,#11114));
#11112=ORIENTED_EDGE('',*,*,#11115,.T.);
#11113=ORIENTED_EDGE('',*,*,#11116,.T.);
#11114=ORIENTED_EDGE('',*,*,#11117,.T.);
#11115=EDGE_CURVE('',#348,#198,#11118,.F.);
#11116=EDGE_CURVE('',#198,#80,#11119,.T.);
#11117=EDGE_CURVE('',#80,#348,#11120,.T.);
#11118=LINE('',#347,#11121);
#11119=LINE('',#197,#11122);
#11120=LINE('',#79,#11123);
#11121=VECTOR('',#11124,1.0);
#11122=VECTOR('',#11125,1.0);
#11123=VECTOR('',#11126,1.0);
#11124=DIRECTION('',(0,0.8342191746462444,-0.5514330137492123));
#11125=DIRECTION('',(0,-1,0));
#11126=DIRECTION('',(0,0.11713673497544476,0.9931157965309445));
#11127=STYLED_ITEM('',(#18),#11128);
#11128=FACE_SURFACE('',(#11133),#11129,.T.);
#11129=PLANE('',#11130);
#11130=AXIS2_PLACEMENT_3D('',#79,#11131,#11132);
#11131=DIRECTION('',(-1,0,0));
#11132=DIRECTION('',(0,1,0));
#11133=FACE_BOUND('',#11134,.T.);
#11134=EDGE_LOOP('',(#11135,#11136,#11137));
#11135=ORIENTED_EDGE('',*,*,#11138,.T.);
#11136=ORIENTED_EDGE('',*,*,#11139,.T.);
#11137=ORIENTED_EDGE('',*,*,#11140,.T.);
#11138=EDGE_CURVE('',#80,#198,#11141,.F.);
#11139=EDGE_CURVE('',#198,#76,#11142,.T.);
#11140=EDGE_CURVE('',#76,#80,#11143,.T.);
#11141=LINE('',#79,#11144);
#11142=LINE('',#197,#11145);
#11143=LINE('',#75,#11146);
#11144=VECTOR('',#11147,1.0);
#11145=VECTOR('',#11148,1.0);
#11146=VECTOR('',#11149,1.0);
#11147=DIRECTION('',(0,1,0));
#11148=DIRECTION('',(0,-0.8284256240101194,-0.5600990854156467));
#11149=DIRECTION('',(0,0,1));
#11150=STYLED_ITEM('',(#18),#11151);
#11151=FACE_SURFACE('',(#11156),#11152,.T.);
#11152=PLANE('',#11153);
#11153=AXIS2_PLACEMENT_3D('',#197,#11154,#11155);
#11154=DIRECTION('',(-1,0,-0));
#11155=DIRECTION('',(0,0,-1));
#11156=FACE_BOUND('',#11157,.T.);
#11157=EDGE_LOOP('',(#11158,#11159,#11160));
#11158=ORIENTED_EDGE('',*,*,#11161,.T.);
#11159=ORIENTED_EDGE('',*,*,#11162,.T.);
#11160=ORIENTED_EDGE('',*,*,#11163,.T.);
#11161=EDGE_CURVE('',#198,#196,#11164,.F.);
#11162=EDGE_CURVE('',#196,#76,#11165,.T.);
#11163=EDGE_CURVE('',#76,#198,#11166,.T.);
#11164=LINE('',#197,#11167);
#11165=LINE('',#195,#11168);
#11166=LINE('',#75,#11169);
#11167=VECTOR('',#11170,1.0);
#11168=VECTOR('',#11171,1.0);
#11169=VECTOR('',#11172,1.0);
#11170=DIRECTION('',(0,0,-1));
#11171=DIRECTION('',(0,-1,0));
#11172=DIRECTION('',(0,0.8284256240101194,0.5600990854156467));
#11173=STYLED_ITEM('',(#18),#11174);
#11174=FACE_SURFACE('',(#11179),#11175,.T.);
#11175=PLANE('',#11176);
#11176=AXIS2_PLACEMENT_3D('',#329,#11177,#11178);
#11177=DIRECTION('',(-0.7020741827848287,0,0.7121038139674686));
#11178=DIRECTION('',(0,-1,0));
#11179=FACE_BOUND('',#11180,.T.);
#11180=EDGE_LOOP('',(#11181,#11182,#11183));
#11181=ORIENTED_EDGE('',*,*,#11184,.T.);
#11182=ORIENTED_EDGE('',*,*,#11185,.T.);
#11183=ORIENTED_EDGE('',*,*,#11186,.T.);
#11184=EDGE_CURVE('',#330,#354,#11187,.F.);
#11185=EDGE_CURVE('',#354,#328,#11188,.T.);
#11186=EDGE_CURVE('',#328,#330,#11189,.T.);
#11187=LINE('',#329,#11190);
#11188=LINE('',#353,#11191);
#11189=LINE('',#327,#11192);
#11190=VECTOR('',#11193,1.0);
#11191=VECTOR('',#11194,1.0);
#11192=VECTOR('',#11195,1.0);
#11193=DIRECTION('',(0,-1,0));
#11194=DIRECTION('',(0.08433059398298859,0.9929630502785705,0.0831428391381578));
#11195=DIRECTION('',(-0.45733222869725065,0.7665145804925756,-0.450890929701515));
#11196=STYLED_ITEM('',(#18),#11197);
#11197=FACE_SURFACE('',(#11202),#11198,.T.);
#11198=PLANE('',#11199);
#11199=AXIS2_PLACEMENT_3D('',#327,#11200,#11201);
#11200=DIRECTION('',(-0.7020741827848286,0,0.7121038139674686));
#11201=DIRECTION('',(-0.08433059398298859,-0.9929630502785705,-0.0831428391381578));
#11202=FACE_BOUND('',#11203,.T.);
#11203=EDGE_LOOP('',(#11204,#11205,#11206));
#11204=ORIENTED_EDGE('',*,*,#11207,.T.);
#11205=ORIENTED_EDGE('',*,*,#11208,.T.);
#11206=ORIENTED_EDGE('',*,*,#11209,.T.);
#11207=EDGE_CURVE('',#328,#354,#11210,.F.);
#11208=EDGE_CURVE('',#354,#346,#11211,.T.);
#11209=EDGE_CURVE('',#346,#328,#11212,.T.);
#11210=LINE('',#327,#11213);
#11211=LINE('',#353,#11214);
#11212=LINE('',#345,#11215);
#11213=VECTOR('',#11216,1.0);
#11214=VECTOR('',#11217,1.0);
#11215=VECTOR('',#11218,1.0);
#11216=DIRECTION('',(-0.08433059398298859,-0.9929630502785705,-0.0831428391381578));
#11217=DIRECTION('',(0.4573322286972506,0.7665145804925758,0.45089092970151495));
#11218=DIRECTION('',(0,1,0));
#11219=STYLED_ITEM('',(#18),#11220);
#11220=FACE_SURFACE('',(#11225),#11221,.T.);
#11221=PLANE('',#11222);
#11222=AXIS2_PLACEMENT_3D('',#327,#11223,#11224);
#11223=DIRECTION('',(-0.7146687659935229,0,0.6994630475681295));
#11224=DIRECTION('',(0,-1,0));
#11225=FACE_BOUND('',#11226,.T.);
#11226=EDGE_LOOP('',(#11227,#11228,#11229));
#11227=ORIENTED_EDGE('',*,*,#11230,.T.);
#11228=ORIENTED_EDGE('',*,*,#11231,.T.);
#11229=ORIENTED_EDGE('',*,*,#11232,.T.);
#11230=EDGE_CURVE('',#328,#346,#11233,.F.);
#11231=EDGE_CURVE('',#346,#326,#11234,.T.);
#11232=EDGE_CURVE('',#326,#328,#11235,.T.);
#11233=LINE('',#327,#11236);
#11234=LINE('',#345,#11237);
#11235=LINE('',#325,#11238);
#11236=VECTOR('',#11239,1.0);
#11237=VECTOR('',#11240,1.0);
#11238=VECTOR('',#11241,1.0);
#11239=DIRECTION('',(0,-1,0));
#11240=DIRECTION('',(0.07658862857225707,0.9939872012529876,0.07825359875861042));
#11241=DIRECTION('',(-0.3361606838112606,0.8769409142902433,-0.34346852476367895));
#11242=STYLED_ITEM('',(#18),#11243);
#11243=FACE_SURFACE('',(#11248),#11244,.T.);
#11244=PLANE('',#11245);
#11245=AXIS2_PLACEMENT_3D('',#325,#11246,#11247);
#11246=DIRECTION('',(-0.7146687659935229,0,0.6994630475681294));
#11247=DIRECTION('',(-0.07658862857225707,-0.9939872012529876,-0.07825359875861042));
#11248=FACE_BOUND('',#11249,.T.);
#11249=EDGE_LOOP('',(#11250,#11251,#11252));
#11250=ORIENTED_EDGE('',*,*,#11253,.T.);
#11251=ORIENTED_EDGE('',*,*,#11254,.T.);
#11252=ORIENTED_EDGE('',*,*,#11255,.T.);
#11253=EDGE_CURVE('',#326,#346,#11256,.F.);
#11254=EDGE_CURVE('',#346,#344,#11257,.T.);
#11255=EDGE_CURVE('',#344,#326,#11258,.T.);
#11256=LINE('',#325,#11259);
#11257=LINE('',#345,#11260);
#11258=LINE('',#343,#11261);
#11259=VECTOR('',#11262,1.0);
#11260=VECTOR('',#11263,1.0);
#11261=VECTOR('',#11264,1.0);
#11262=DIRECTION('',(-0.07658862857225707,-0.9939872012529876,-0.07825359875861042));
#11263=DIRECTION('',(0.3361606838112604,0.8769409142902433,0.34346852476367884));
#11264=DIRECTION('',(0,1,0));
#11265=STYLED_ITEM('',(#18),#11266);
#11266=FACE_SURFACE('',(#11271),#11267,.T.);
#11267=PLANE('',#11268);
#11268=AXIS2_PLACEMENT_3D('',#325,#11269,#11270);
#11269=DIRECTION('',(-0.6936416870658704,0,0.7203202134914813));
#11270=DIRECTION('',(0,-1,0));
#11271=FACE_BOUND('',#11272,.T.);
#11272=EDGE_LOOP('',(#11273,#11274,#11275));
#11273=ORIENTED_EDGE('',*,*,#11276,.T.);
#11274=ORIENTED_EDGE('',*,*,#11277,.T.);
#11275=ORIENTED_EDGE('',*,*,#11278,.T.);
#11276=EDGE_CURVE('',#326,#344,#11279,.F.);
#11277=EDGE_CURVE('',#344,#338,#11280,.T.);
#11278=EDGE_CURVE('',#338,#326,#11281,.T.);
#11279=LINE('',#325,#11282);
#11280=LINE('',#343,#11283);
#11281=LINE('',#337,#11284);
#11282=VECTOR('',#11285,1.0);
#11283=VECTOR('',#11286,1.0);
#11284=VECTOR('',#11287,1.0);
#11285=DIRECTION('',(0,-1,0));
#11286=DIRECTION('',(0.07500897151691308,0.9945634001131428,0.07223086146073106));
#11287=DIRECTION('',(-0.216408966558428,0.9538024822389974,-0.20839381964885642));
#11288=STYLED_ITEM('',(#18),#11289);
#11289=FACE_SURFACE('',(#11294),#11290,.T.);
#11290=PLANE('',#11291);
#11291=AXIS2_PLACEMENT_3D('',#337,#11292,#11293);
#11292=DIRECTION('',(-0.6936416870658704,0,0.7203202134914813));
#11293=DIRECTION('',(-0.07500897151691308,-0.9945634001131428,-0.07223086146073106));
#11294=FACE_BOUND('',#11295,.T.);
#11295=EDGE_LOOP('',(#11296,#11297,#11298));
#11296=ORIENTED_EDGE('',*,*,#11299,.T.);
#11297=ORIENTED_EDGE('',*,*,#11300,.T.);
#11298=ORIENTED_EDGE('',*,*,#11301,.T.);
#11299=EDGE_CURVE('',#338,#344,#11302,.F.);
#11300=EDGE_CURVE('',#344,#342,#11303,.T.);
#11301=EDGE_CURVE('',#342,#338,#11304,.T.);
#11302=LINE('',#337,#11305);
#11303=LINE('',#343,#11306);
#11304=LINE('',#341,#11307);
#11305=VECTOR('',#11308,1.0);
#11306=VECTOR('',#11309,1.0);
#11307=VECTOR('',#11310,1.0);
#11308=DIRECTION('',(-0.07500897151691308,-0.9945634001131428,-0.07223086146073106));
#11309=DIRECTION('',(0.2164089665584282,0.9538024822389974,0.20839381964885662));
#11310=DIRECTION('',(0,1,0));
#11311=STYLED_ITEM('',(#18),#11312);
#11312=FACE_SURFACE('',(#11317),#11313,.T.);
#11313=PLANE('',#11314);
#11314=AXIS2_PLACEMENT_3D('',#337,#11315,#11316);
#11315=DIRECTION('',(-0.7071067811865471,0,0.7071067811865478));
#11316=DIRECTION('',(0,-1,0));
#11317=FACE_BOUND('',#11318,.T.);
#11318=EDGE_LOOP('',(#11319,#11320,#11321));
#11319=ORIENTED_EDGE('',*,*,#11322,.T.);
#11320=ORIENTED_EDGE('',*,*,#11323,.T.);
#11321=ORIENTED_EDGE('',*,*,#11324,.T.);
#11322=EDGE_CURVE('',#338,#342,#11325,.F.);
#11323=EDGE_CURVE('',#342,#340,#11326,.T.);
#11324=EDGE_CURVE('',#340,#338,#11327,.T.);
#11325=LINE('',#337,#11328);
#11326=LINE('',#341,#11329);
#11327=LINE('',#339,#11330);
#11328=VECTOR('',#11331,1.0);
#11329=VECTOR('',#11332,1.0);
#11330=VECTOR('',#11333,1.0);
#11331=DIRECTION('',(0,-1,0));
#11332=DIRECTION('',(0.07520132860567834,0.994328678230635,0.07520132860567827));
#11333=DIRECTION('',(-0.07458165152454432,0.9944220203272567,-0.07458165152454425));
#11334=STYLED_ITEM('',(#18),#11335);
#11335=FACE_SURFACE('',(#11340),#11336,.T.);
#11336=PLANE('',#11337);
#11337=AXIS2_PLACEMENT_3D('',#75,#11338,#11339);
#11338=DIRECTION('',(-0.7082669212220866,0,0.7059447345951287));
#11339=DIRECTION('',(0,1,0));
#11340=FACE_BOUND('',#11341,.T.);
#11341=EDGE_LOOP('',(#11342,#11343,#11344));
#11342=ORIENTED_EDGE('',*,*,#11345,.T.);
#11343=ORIENTED_EDGE('',*,*,#11346,.T.);
#11344=ORIENTED_EDGE('',*,*,#11347,.T.);
#11345=EDGE_CURVE('',#76,#196,#11348,.F.);
#11346=EDGE_CURVE('',#196,#78,#11349,.T.);
#11347=EDGE_CURVE('',#78,#76,#11350,.T.);
#11348=LINE('',#75,#11351);
#11349=LINE('',#195,#11352);
#11350=LINE('',#77,#11353);
#11351=VECTOR('',#11354,1.0);
#11352=VECTOR('',#11355,1.0);
#11353=VECTOR('',#11356,1.0);
#11354=DIRECTION('',(0,1,0));
#11355=DIRECTION('',(-0.567887109246419,-0.5940398050669777,-0.5697551589478878));
#11356=DIRECTION('',(0.7059447345951286,0,0.7082669212220866));
#11357=STYLED_ITEM('',(#18),#11358);
#11358=FACE_SURFACE('',(#11363),#11359,.T.);
#11359=PLANE('',#11360);
#11360=AXIS2_PLACEMENT_3D('',#77,#11361,#11362);
#11361=DIRECTION('',(-0.7082669212220866,0,0.7059447345951287));
#11362=DIRECTION('',(0.567887109246419,0.5940398050669777,0.5697551589478878));
#11363=FACE_BOUND('',#11364,.T.);
#11364=EDGE_LOOP('',(#11365,#11366,#11367));
#11365=ORIENTED_EDGE('',*,*,#11368,.T.);
#11366=ORIENTED_EDGE('',*,*,#11369,.T.);
#11367=ORIENTED_EDGE('',*,*,#11370,.T.);
#11368=EDGE_CURVE('',#78,#196,#11371,.F.);
#11369=EDGE_CURVE('',#196,#194,#11372,.T.);
#11370=EDGE_CURVE('',#194,#78,#11373,.T.);
#11371=LINE('',#77,#11374);
#11372=LINE('',#195,#11375);
#11373=LINE('',#193,#11376);
#11374=VECTOR('',#11377,1.0);
#11375=VECTOR('',#11378,1.0);
#11376=VECTOR('',#11379,1.0);
#11377=DIRECTION('',(0.567887109246419,0.5940398050669777,0.5697551589478878));
#11378=DIRECTION('',(-0.7059447345951286,0,-0.7082669212220866));
#11379=DIRECTION('',(0,-1,0));
#11380=STYLED_ITEM('',(#18),#11381);
#11381=FACE_SURFACE('',(#11386),#11382,.T.);
#11382=PLANE('',#11383);
#11383=AXIS2_PLACEMENT_3D('',#399,#11384,#11385);
#11384=DIRECTION('',(-0.7082669212220866,0,0.7059447345951287));
#11385=DIRECTION('',(0,-1,0));
#11386=FACE_BOUND('',#11387,.T.);
#11387=EDGE_LOOP('',(#11388,#11389,#11390));
#11388=ORIENTED_EDGE('',*,*,#11391,.T.);
#11389=ORIENTED_EDGE('',*,*,#11392,.T.);
#11390=ORIENTED_EDGE('',*,*,#11393,.T.);
#11391=EDGE_CURVE('',#400,#430,#11394,.F.);
#11392=EDGE_CURVE('',#430,#402,#11395,.T.);
#11393=EDGE_CURVE('',#402,#400,#11396,.T.);
#11394=LINE('',#399,#11397);
#11395=LINE('',#429,#11398);
#11396=LINE('',#401,#11399);
#11397=VECTOR('',#11400,1.0);
#11398=VECTOR('',#11401,1.0);
#11399=VECTOR('',#11402,1.0);
#11400=DIRECTION('',(0,-1,0));
#11401=DIRECTION('',(0.5968533982411439,0.534026724742076,0.59881673178799));
#11402=DIRECTION('',(-0.7014185250743141,0.11305759121263598,-0.7037258228541641));
#11403=STYLED_ITEM('',(#18),#11404);
#11404=FACE_SURFACE('',(#11409),#11405,.T.);
#11405=PLANE('',#11406);
#11406=AXIS2_PLACEMENT_3D('',#401,#11407,#11408);
#11407=DIRECTION('',(-0.7082669212220866,0,0.7059447345951285));
#11408=DIRECTION('',(-0.5968533982411439,-0.534026724742076,-0.59881673178799));
#11409=FACE_BOUND('',#11410,.T.);
#11410=EDGE_LOOP('',(#11411,#11412,#11413));
#11411=ORIENTED_EDGE('',*,*,#11414,.T.);
#11412=ORIENTED_EDGE('',*,*,#11415,.T.);
#11413=ORIENTED_EDGE('',*,*,#11416,.T.);
#11414=EDGE_CURVE('',#402,#430,#11417,.F.);
#11415=EDGE_CURVE('',#430,#432,#11418,.T.);
#11416=EDGE_CURVE('',#432,#402,#11419,.T.);
#11417=LINE('',#401,#11420);
#11418=LINE('',#429,#11421);
#11419=LINE('',#431,#11422);
#11420=VECTOR('',#11423,1.0);
#11421=VECTOR('',#11424,1.0);
#11422=VECTOR('',#11425,1.0);
#11423=DIRECTION('',(-0.5968533982411439,-0.534026724742076,-0.59881673178799));
#11424=DIRECTION('',(0.7012337607572656,-0.11533450012455035,0.7035404507597569));
#11425=DIRECTION('',(0,1,0));
#11426=STYLED_ITEM('',(#18),#11427);
#11427=FACE_SURFACE('',(#11432),#11428,.T.);
#11428=PLANE('',#11429);
#11429=AXIS2_PLACEMENT_3D('',#77,#11430,#11431);
#11430=DIRECTION('',(-1,0,0));
#11431=DIRECTION('',(0,1,0));
#11432=FACE_BOUND('',#11433,.T.);
#11433=EDGE_LOOP('',(#11434,#11435,#11436));
#11434=ORIENTED_EDGE('',*,*,#11437,.T.);
#11435=ORIENTED_EDGE('',*,*,#11438,.T.);
#11436=ORIENTED_EDGE('',*,*,#11439,.T.);
#11437=EDGE_CURVE('',#78,#194,#11440,.F.);
#11438=EDGE_CURVE('',#194,#60,#11441,.T.);
#11439=EDGE_CURVE('',#60,#78,#11442,.T.);
#11440=LINE('',#77,#11443);
#11441=LINE('',#193,#11444);
#11442=LINE('',#59,#11445);
#11443=VECTOR('',#11446,1.0);
#11444=VECTOR('',#11447,1.0);
#11445=VECTOR('',#11448,1.0);
#11446=DIRECTION('',(0,1,0));
#11447=DIRECTION('',(0,-0.24289505352944737,-0.9700525722716923));
#11448=DIRECTION('',(0,0,1));
#11449=STYLED_ITEM('',(#18),#11450);
#11450=FACE_SURFACE('',(#11455),#11451,.T.);
#11451=PLANE('',#11452);
#11452=AXIS2_PLACEMENT_3D('',#59,#11453,#11454);
#11453=DIRECTION('',(-1,0,0));
#11454=DIRECTION('',(0,0.24289505352944737,0.9700525722716923));
#11455=FACE_BOUND('',#11456,.T.);
#11456=EDGE_LOOP('',(#11457,#11458,#11459));
#11457=ORIENTED_EDGE('',*,*,#11460,.T.);
#11458=ORIENTED_EDGE('',*,*,#11461,.T.);
#11459=ORIENTED_EDGE('',*,*,#11462,.T.);
#11460=EDGE_CURVE('',#60,#194,#11463,.F.);
#11461=EDGE_CURVE('',#194,#192,#11464,.T.);
#11462=EDGE_CURVE('',#192,#60,#11465,.T.);
#11463=LINE('',#59,#11466);
#11464=LINE('',#193,#11467);
#11465=LINE('',#191,#11468);
#11466=VECTOR('',#11469,1.0);
#11467=VECTOR('',#11470,1.0);
#11468=VECTOR('',#11471,1.0);
#11469=DIRECTION('',(0,0.24289505352944737,0.9700525722716923));
#11470=DIRECTION('',(0,0,-1));
#11471=DIRECTION('',(0,-1,0));
#11472=STYLED_ITEM('',(#18),#11473);
#11473=FACE_SURFACE('',(#11478),#11474,.T.);
#11474=PLANE('',#11475);
#11475=AXIS2_PLACEMENT_3D('',#397,#11476,#11477);
#11476=DIRECTION('',(-1,0,0));
#11477=DIRECTION('',(0,-1,0));
#11478=FACE_BOUND('',#11479,.T.);
#11479=EDGE_LOOP('',(#11480,#11481,#11482));
#11480=ORIENTED_EDGE('',*,*,#11483,.T.);
#11481=ORIENTED_EDGE('',*,*,#11484,.T.);
#11482=ORIENTED_EDGE('',*,*,#11485,.T.);
#11483=EDGE_CURVE('',#398,#428,#11486,.F.);
#11484=EDGE_CURVE('',#428,#400,#11487,.T.);
#11485=EDGE_CURVE('',#400,#398,#11488,.T.);
#11486=LINE('',#397,#11489);
#11487=LINE('',#427,#11490);
#11488=LINE('',#399,#11491);
#11489=VECTOR('',#11492,1.0);
#11490=VECTOR('',#11493,1.0);
#11491=VECTOR('',#11494,1.0);
#11492=DIRECTION('',(0,-1,0));
#11493=DIRECTION('',(0,0.0901822106455539,0.9959252827813345));
#11494=DIRECTION('',(0,0.16011209506748114,-0.9870988385228209));
#11495=STYLED_ITEM('',(#18),#11496);
#11496=FACE_SURFACE('',(#11501),#11497,.T.);
#11497=PLANE('',#11498);
#11498=AXIS2_PLACEMENT_3D('',#399,#11499,#11500);
#11499=DIRECTION('',(-1,-0,0));
#11500=DIRECTION('',(0,-0.0901822106455539,-0.9959252827813345));
#11501=FACE_BOUND('',#11502,.T.);
#11502=EDGE_LOOP('',(#11503,#11504,#11505));
#11503=ORIENTED_EDGE('',*,*,#11506,.T.);
#11504=ORIENTED_EDGE('',*,*,#11507,.T.);
#11505=ORIENTED_EDGE('',*,*,#11508,.T.);
#11506=EDGE_CURVE('',#400,#428,#11509,.F.);
#11507=EDGE_CURVE('',#428,#430,#11510,.T.);
#11508=EDGE_CURVE('',#430,#400,#11511,.T.);
#11509=LINE('',#399,#11512);
#11510=LINE('',#427,#11513);
#11511=LINE('',#429,#11514);
#11512=VECTOR('',#11515,1.0);
#11513=VECTOR('',#11516,1.0);
#11514=VECTOR('',#11517,1.0);
#11515=DIRECTION('',(0,-0.0901822106455539,-0.9959252827813345));
#11516=DIRECTION('',(0,-0.16011209506748114,0.9870988385228209));
#11517=DIRECTION('',(0,1,0));
#11518=STYLED_ITEM('',(#18),#11519);
#11519=FACE_SURFACE('',(#11524),#11520,.T.);
#11520=PLANE('',#11521);
#11521=AXIS2_PLACEMENT_3D('',#59,#11522,#11523);
#11522=DIRECTION('',(-0.7071067811865476,0,0.7071067811865476));
#11523=DIRECTION('',(0,1,0));
#11524=FACE_BOUND('',#11525,.T.);
#11525=EDGE_LOOP('',(#11526,#11527,#11528));
#11526=ORIENTED_EDGE('',*,*,#11529,.T.);
#11527=ORIENTED_EDGE('',*,*,#11530,.T.);
#11528=ORIENTED_EDGE('',*,*,#11531,.T.);
#11529=EDGE_CURVE('',#60,#192,#11532,.F.);
#11530=EDGE_CURVE('',#192,#62,#11533,.T.);
#11531=EDGE_CURVE('',#62,#60,#11534,.T.);
#11532=LINE('',#59,#11535);
#11533=LINE('',#191,#11536);
#11534=LINE('',#61,#11537);
#11535=VECTOR('',#11538,1.0);
#11536=VECTOR('',#11539,1.0);
#11537=VECTOR('',#11540,1.0);
#11538=DIRECTION('',(0,1,0));
#11539=DIRECTION('',(-0.3977825138650274,-0.8267636562684881,-0.3977825138650274));
#11540=DIRECTION('',(0.7071067811865475,0,0.7071067811865475));
#11541=STYLED_ITEM('',(#18),#11542);
#11542=FACE_SURFACE('',(#11547),#11543,.T.);
#11543=PLANE('',#11544);
#11544=AXIS2_PLACEMENT_3D('',#61,#11545,#11546);
#11545=DIRECTION('',(-0.7071067811865476,0,0.7071067811865476));
#11546=DIRECTION('',(0.3977825138650274,0.8267636562684881,0.3977825138650274));
#11547=FACE_BOUND('',#11548,.T.);
#11548=EDGE_LOOP('',(#11549,#11550,#11551));
#11549=ORIENTED_EDGE('',*,*,#11552,.T.);
#11550=ORIENTED_EDGE('',*,*,#11553,.T.);
#11551=ORIENTED_EDGE('',*,*,#11554,.T.);
#11552=EDGE_CURVE('',#62,#192,#11555,.F.);
#11553=EDGE_CURVE('',#192,#182,#11556,.T.);
#11554=EDGE_CURVE('',#182,#62,#11557,.T.);
#11555=LINE('',#61,#11558);
#11556=LINE('',#191,#11559);
#11557=LINE('',#181,#11560);
#11558=VECTOR('',#11561,1.0);
#11559=VECTOR('',#11562,1.0);
#11560=VECTOR('',#11563,1.0);
#11561=DIRECTION('',(0.3977825138650274,0.8267636562684881,0.3977825138650274));
#11562=DIRECTION('',(-0.7071067811865475,0,-0.7071067811865475));
#11563=DIRECTION('',(0,-1,0));
#11564=STYLED_ITEM('',(#18),#11565);
#11565=FACE_SURFACE('',(#11570),#11566,.T.);
#11566=PLANE('',#11567);
#11567=AXIS2_PLACEMENT_3D('',#393,#11568,#11569);
#11568=DIRECTION('',(-0.7071067811865476,0,0.7071067811865476));
#11569=DIRECTION('',(0,-1,0));
#11570=FACE_BOUND('',#11571,.T.);
#11571=EDGE_LOOP('',(#11572,#11573,#11574));
#11572=ORIENTED_EDGE('',*,*,#11575,.T.);
#11573=ORIENTED_EDGE('',*,*,#11576,.T.);
#11574=ORIENTED_EDGE('',*,*,#11577,.T.);
#11575=EDGE_CURVE('',#394,#420,#11578,.F.);
#11576=EDGE_CURVE('',#420,#398,#11579,.T.);
#11577=EDGE_CURVE('',#398,#394,#11580,.T.);
#11578=LINE('',#393,#11581);
#11579=LINE('',#419,#11582);
#11580=LINE('',#397,#11583);
#11581=VECTOR('',#11584,1.0);
#11582=VECTOR('',#11585,1.0);
#11583=VECTOR('',#11586,1.0);
#11584=DIRECTION('',(0,-1,0));
#11585=DIRECTION('',(0.41637162119267107,0.8082507940798905,0.41637162119267107));
#11586=DIRECTION('',(-0.7024337323973491,0.11477675365969815,-0.7024337323973491));
#11587=STYLED_ITEM('',(#18),#11588);
#11588=FACE_SURFACE('',(#11593),#11589,.T.);
#11589=PLANE('',#11590);
#11590=AXIS2_PLACEMENT_3D('',#397,#11591,#11592);
#11591=DIRECTION('',(-0.7071067811865475,0,0.7071067811865475));
#11592=DIRECTION('',(-0.41637162119267107,-0.8082507940798905,-0.41637162119267107));
#11593=FACE_BOUND('',#11594,.T.);
#11594=EDGE_LOOP('',(#11595,#11596,#11597));
#11595=ORIENTED_EDGE('',*,*,#11598,.T.);
#11596=ORIENTED_EDGE('',*,*,#11599,.T.);
#11597=ORIENTED_EDGE('',*,*,#11600,.T.);
#11598=EDGE_CURVE('',#398,#420,#11601,.F.);
#11599=EDGE_CURVE('',#420,#428,#11602,.T.);
#11600=EDGE_CURVE('',#428,#398,#11603,.T.);
#11601=LINE('',#397,#11604);
#11602=LINE('',#419,#11605);
#11603=LINE('',#427,#11606);
#11604=VECTOR('',#11607,1.0);
#11605=VECTOR('',#11608,1.0);
#11606=VECTOR('',#11609,1.0);
#11607=DIRECTION('',(-0.41637162119267107,-0.8082507940798905,-0.41637162119267107));
#11608=DIRECTION('',(0.7027967568422815,-0.11024262852427953,0.7027967568422815));
#11609=DIRECTION('',(0,1,0));
#11610=STYLED_ITEM('',(#18),#11611);
#11611=FACE_SURFACE('',(#11616),#11612,.T.);
#11612=PLANE('',#11613);
#11613=AXIS2_PLACEMENT_3D('',#61,#11614,#11615);
#11614=DIRECTION('',(0,-0,1));
#11615=DIRECTION('',(0,1,0));
#11616=FACE_BOUND('',#11617,.T.);
#11617=EDGE_LOOP('',(#11618,#11619,#11620));
#11618=ORIENTED_EDGE('',*,*,#11621,.T.);
#11619=ORIENTED_EDGE('',*,*,#11622,.T.);
#11620=ORIENTED_EDGE('',*,*,#11623,.T.);
#11621=EDGE_CURVE('',#62,#182,#11624,.F.);
#11622=EDGE_CURVE('',#182,#82,#11625,.T.);
#11623=EDGE_CURVE('',#82,#62,#11626,.T.);
#11624=LINE('',#61,#11627);
#11625=LINE('',#181,#11628);
#11626=LINE('',#81,#11629);
#11627=VECTOR('',#11630,1.0);
#11628=VECTOR('',#11631,1.0);
#11629=VECTOR('',#11632,1.0);
#11630=DIRECTION('',(0,1,0));
#11631=DIRECTION('',(-0.4312547000163401,-0.9022302276657641,0));
#11632=DIRECTION('',(1,0,0));
#11633=STYLED_ITEM('',(#18),#11634);
#11634=FACE_SURFACE('',(#11639),#11635,.T.);
#11635=PLANE('',#11636);
#11636=AXIS2_PLACEMENT_3D('',#81,#11637,#11638);
#11637=DIRECTION('',(0,0,1));
#11638=DIRECTION('',(0.4312547000163401,0.9022302276657641,0));
#11639=FACE_BOUND('',#11640,.T.);
#11640=EDGE_LOOP('',(#11641,#11642,#11643));
#11641=ORIENTED_EDGE('',*,*,#11644,.T.);
#11642=ORIENTED_EDGE('',*,*,#11645,.T.);
#11643=ORIENTED_EDGE('',*,*,#11646,.T.);
#11644=EDGE_CURVE('',#82,#182,#11647,.F.);
#11645=EDGE_CURVE('',#182,#180,#11648,.T.);
#11646=EDGE_CURVE('',#180,#82,#11649,.T.);
#11647=LINE('',#81,#11650);
#11648=LINE('',#181,#11651);
#11649=LINE('',#179,#11652);
#11650=VECTOR('',#11653,1.0);
#11651=VECTOR('',#11654,1.0);
#11652=VECTOR('',#11655,1.0);
#11653=DIRECTION('',(0.4312547000163401,0.9022302276657641,0));
#11654=DIRECTION('',(-1,0,0));
#11655=DIRECTION('',(0,-1,0));
#11656=STYLED_ITEM('',(#18),#11657);
#11657=FACE_SURFACE('',(#11662),#11658,.T.);
#11658=PLANE('',#11659);
#11659=AXIS2_PLACEMENT_3D('',#389,#11660,#11661);
#11660=DIRECTION('',(-0,0,1));
#11661=DIRECTION('',(0,-1,0));
#11662=FACE_BOUND('',#11663,.T.);
#11663=EDGE_LOOP('',(#11664,#11665,#11666));
#11664=ORIENTED_EDGE('',*,*,#11667,.T.);
#11665=ORIENTED_EDGE('',*,*,#11668,.T.);
#11666=ORIENTED_EDGE('',*,*,#11669,.T.);
#11667=EDGE_CURVE('',#390,#422,#11670,.F.);
#11668=EDGE_CURVE('',#422,#394,#11671,.T.);
#11669=EDGE_CURVE('',#394,#390,#11672,.T.);
#11670=LINE('',#389,#11673);
#11671=LINE('',#421,#11674);
#11672=LINE('',#393,#11675);
#11673=VECTOR('',#11676,1.0);
#11674=VECTOR('',#11677,1.0);
#11675=VECTOR('',#11678,1.0);
#11676=DIRECTION('',(0,-1,0));
#11677=DIRECTION('',(0.4268787265760678,0.9043088812993018,0));
#11678=DIRECTION('',(-1,0,0));
#11679=STYLED_ITEM('',(#18),#11680);
#11680=FACE_SURFACE('',(#11685),#11681,.T.);
#11681=PLANE('',#11682);
#11682=AXIS2_PLACEMENT_3D('',#393,#11683,#11684);
#11683=DIRECTION('',(0,0,1));
#11684=DIRECTION('',(-0.4268787265760678,-0.9043088812993018,0));
#11685=FACE_BOUND('',#11686,.T.);
#11686=EDGE_LOOP('',(#11687,#11688,#11689));
#11687=ORIENTED_EDGE('',*,*,#11690,.T.);
#11688=ORIENTED_EDGE('',*,*,#11691,.T.);
#11689=ORIENTED_EDGE('',*,*,#11692,.T.);
#11690=EDGE_CURVE('',#394,#422,#11693,.F.);
#11691=EDGE_CURVE('',#422,#420,#11694,.T.);
#11692=EDGE_CURVE('',#420,#394,#11695,.T.);
#11693=LINE('',#393,#11696);
#11694=LINE('',#421,#11697);
#11695=LINE('',#419,#11698);
#11696=VECTOR('',#11699,1.0);
#11697=VECTOR('',#11700,1.0);
#11698=VECTOR('',#11701,1.0);
#11699=DIRECTION('',(-0.4268787265760678,-0.9043088812993018,0));
#11700=DIRECTION('',(1,0,0));
#11701=DIRECTION('',(0,1,0));
#11702=STYLED_ITEM('',(#18),#11703);
#11703=FACE_SURFACE('',(#11708),#11704,.T.);
#11704=PLANE('',#11705);
#11705=AXIS2_PLACEMENT_3D('',#179,#11706,#11707);
#11706=DIRECTION('',(0.7071067811865476,0,0.7071067811865476));
#11707=DIRECTION('',(-0.7071067811865475,0,0.7071067811865475));
#11708=FACE_BOUND('',#11709,.T.);
#11709=EDGE_LOOP('',(#11710,#11711,#11712));
#11710=ORIENTED_EDGE('',*,*,#11713,.T.);
#11711=ORIENTED_EDGE('',*,*,#11714,.T.);
#11712=ORIENTED_EDGE('',*,*,#11715,.T.);
#11713=EDGE_CURVE('',#180,#178,#11716,.F.);
#11714=EDGE_CURVE('',#178,#82,#11717,.T.);
#11715=EDGE_CURVE('',#82,#180,#11718,.T.);
#11716=LINE('',#179,#11719);
#11717=LINE('',#177,#11720);
#11718=LINE('',#81,#11721);
#11719=VECTOR('',#11722,1.0);
#11720=VECTOR('',#11723,1.0);
#11721=VECTOR('',#11724,1.0);
#11722=DIRECTION('',(-0.7071067811865475,0,0.7071067811865475));
#11723=DIRECTION('',(0.3977825138650274,-0.8267636562684881,-0.3977825138650274));
#11724=DIRECTION('',(0,1,0));
#11725=STYLED_ITEM('',(#18),#11726);
#11726=FACE_SURFACE('',(#11731),#11727,.T.);
#11727=PLANE('',#11728);
#11728=AXIS2_PLACEMENT_3D('',#81,#11729,#11730);
#11729=DIRECTION('',(0.7071067811865476,0,0.7071067811865476));
#11730=DIRECTION('',(-0.3977825138650274,0.8267636562684881,0.3977825138650274));
#11731=FACE_BOUND('',#11732,.T.);
#11732=EDGE_LOOP('',(#11733,#11734,#11735));
#11733=ORIENTED_EDGE('',*,*,#11736,.T.);
#11734=ORIENTED_EDGE('',*,*,#11737,.T.);
#11735=ORIENTED_EDGE('',*,*,#11738,.T.);
#11736=EDGE_CURVE('',#82,#178,#11739,.F.);
#11737=EDGE_CURVE('',#178,#84,#11740,.T.);
#11738=EDGE_CURVE('',#84,#82,#11741,.T.);
#11739=LINE('',#81,#11742);
#11740=LINE('',#177,#11743);
#11741=LINE('',#83,#11744);
#11742=VECTOR('',#11745,1.0);
#11743=VECTOR('',#11746,1.0);
#11744=VECTOR('',#11747,1.0);
#11745=DIRECTION('',(-0.3977825138650274,0.8267636562684881,0.3977825138650274));
#11746=DIRECTION('',(0,-1,0));
#11747=DIRECTION('',(0.7071067811865475,0,-0.7071067811865475));
#11748=STYLED_ITEM('',(#18),#11749);
#11749=FACE_SURFACE('',(#11754),#11750,.T.);
#11750=PLANE('',#11751);
#11751=AXIS2_PLACEMENT_3D('',#435,#11752,#11753);
#11752=DIRECTION('',(0.7071067811865475,-0,0.7071067811865475));
#11753=DIRECTION('',(0.7027967568422815,0.11024262852427953,-0.7027967568422815));
#11754=FACE_BOUND('',#11755,.T.);
#11755=EDGE_LOOP('',(#11756,#11757,#11758));
#11756=ORIENTED_EDGE('',*,*,#11759,.T.);
#11757=ORIENTED_EDGE('',*,*,#11760,.T.);
#11758=ORIENTED_EDGE('',*,*,#11761,.T.);
#11759=EDGE_CURVE('',#436,#422,#11762,.F.);
#11760=EDGE_CURVE('',#422,#388,#11763,.T.);
#11761=EDGE_CURVE('',#388,#436,#11764,.T.);
#11762=LINE('',#435,#11765);
#11763=LINE('',#421,#11766);
#11764=LINE('',#387,#11767);
#11765=VECTOR('',#11768,1.0);
#11766=VECTOR('',#11769,1.0);
#11767=VECTOR('',#11770,1.0);
#11768=DIRECTION('',(0.7027967568422815,0.11024262852427953,-0.7027967568422815));
#11769=DIRECTION('',(-0.41637162119267107,0.8082507940798905,0.41637162119267107));
#11770=DIRECTION('',(0,-1,0));
#11771=STYLED_ITEM('',(#18),#11772);
#11772=FACE_SURFACE('',(#11777),#11773,.T.);
#11773=PLANE('',#11774);
#11774=AXIS2_PLACEMENT_3D('',#387,#11775,#11776);
#11775=DIRECTION('',(0.7071067811865476,0,0.7071067811865476));
#11776=DIRECTION('',(0.41637162119267107,-0.8082507940798905,-0.41637162119267107));
#11777=FACE_BOUND('',#11778,.T.);
#11778=EDGE_LOOP('',(#11779,#11780,#11781));
#11779=ORIENTED_EDGE('',*,*,#11782,.T.);
#11780=ORIENTED_EDGE('',*,*,#11783,.T.);
#11781=ORIENTED_EDGE('',*,*,#11784,.T.);
#11782=EDGE_CURVE('',#388,#422,#11785,.F.);
#11783=EDGE_CURVE('',#422,#390,#11786,.T.);
#11784=EDGE_CURVE('',#390,#388,#11787,.T.);
#11785=LINE('',#387,#11788);
#11786=LINE('',#421,#11789);
#11787=LINE('',#389,#11790);
#11788=VECTOR('',#11791,1.0);
#11789=VECTOR('',#11792,1.0);
#11790=VECTOR('',#11793,1.0);
#11791=DIRECTION('',(0.41637162119267107,-0.8082507940798905,-0.41637162119267107));
#11792=DIRECTION('',(0,1,0));
#11793=DIRECTION('',(-0.7024337323973491,-0.11477675365969815,0.7024337323973491));
#11794=STYLED_ITEM('',(#18),#11795);
#11795=FACE_SURFACE('',(#11800),#11796,.T.);
#11796=PLANE('',#11797);
#11797=AXIS2_PLACEMENT_3D('',#177,#11798,#11799);
#11798=DIRECTION('',(1,0,-0));
#11799=DIRECTION('',(0,0,1));
#11800=FACE_BOUND('',#11801,.T.);
#11801=EDGE_LOOP('',(#11802,#11803,#11804));
#11802=ORIENTED_EDGE('',*,*,#11805,.T.);
#11803=ORIENTED_EDGE('',*,*,#11806,.T.);
#11804=ORIENTED_EDGE('',*,*,#11807,.T.);
#11805=EDGE_CURVE('',#178,#176,#11808,.F.);
#11806=EDGE_CURVE('',#176,#84,#11809,.T.);
#11807=EDGE_CURVE('',#84,#178,#11810,.T.);
#11808=LINE('',#177,#11811);
#11809=LINE('',#175,#11812);
#11810=LINE('',#83,#11813);
#11811=VECTOR('',#11814,1.0);
#11812=VECTOR('',#11815,1.0);
#11813=VECTOR('',#11816,1.0);
#11814=DIRECTION('',(0,0,1));
#11815=DIRECTION('',(0,-0.24289505352944737,-0.9700525722716923));
#11816=DIRECTION('',(0,1,0));
#11817=STYLED_ITEM('',(#18),#11818);
#11818=FACE_SURFACE('',(#11823),#11819,.T.);
#11819=PLANE('',#11820);
#11820=AXIS2_PLACEMENT_3D('',#83,#11821,#11822);
#11821=DIRECTION('',(1,0,0));
#11822=DIRECTION('',(0,0.24289505352944737,0.9700525722716923));
#11823=FACE_BOUND('',#11824,.T.);
#11824=EDGE_LOOP('',(#11825,#11826,#11827));
#11825=ORIENTED_EDGE('',*,*,#11828,.T.);
#11826=ORIENTED_EDGE('',*,*,#11829,.T.);
#11827=ORIENTED_EDGE('',*,*,#11830,.T.);
#11828=EDGE_CURVE('',#84,#176,#11831,.F.);
#11829=EDGE_CURVE('',#176,#86,#11832,.T.);
#11830=EDGE_CURVE('',#86,#84,#11833,.T.);
#11831=LINE('',#83,#11834);
#11832=LINE('',#175,#11835);
#11833=LINE('',#85,#11836);
#11834=VECTOR('',#11837,1.0);
#11835=VECTOR('',#11838,1.0);
#11836=VECTOR('',#11839,1.0);
#11837=DIRECTION('',(0,0.24289505352944737,0.9700525722716923));
#11838=DIRECTION('',(0,-1,0));
#11839=DIRECTION('',(0,0,-1));
#11840=STYLED_ITEM('',(#18),#11841);
#11841=FACE_SURFACE('',(#11846),#11842,.T.);
#11842=PLANE('',#11843);
#11843=AXIS2_PLACEMENT_3D('',#437,#11844,#11845);
#11844=DIRECTION('',(1,-0,0));
#11845=DIRECTION('',(0,0.16011209506748114,-0.9870988385228209));
#11846=FACE_BOUND('',#11847,.T.);
#11847=EDGE_LOOP('',(#11848,#11849,#11850));
#11848=ORIENTED_EDGE('',*,*,#11851,.T.);
#11849=ORIENTED_EDGE('',*,*,#11852,.T.);
#11850=ORIENTED_EDGE('',*,*,#11853,.T.);
#11851=EDGE_CURVE('',#438,#436,#11854,.F.);
#11852=EDGE_CURVE('',#436,#386,#11855,.T.);
#11853=EDGE_CURVE('',#386,#438,#11856,.T.);
#11854=LINE('',#437,#11857);
#11855=LINE('',#435,#11858);
#11856=LINE('',#385,#11859);
#11857=VECTOR('',#11860,1.0);
#11858=VECTOR('',#11861,1.0);
#11859=VECTOR('',#11862,1.0);
#11860=DIRECTION('',(0,0.16011209506748114,-0.9870988385228209));
#11861=DIRECTION('',(0,0.0901822106455539,0.9959252827813345));
#11862=DIRECTION('',(0,-1,0));
#11863=STYLED_ITEM('',(#18),#11864);
#11864=FACE_SURFACE('',(#11869),#11865,.T.);
#11865=PLANE('',#11866);
#11866=AXIS2_PLACEMENT_3D('',#385,#11867,#11868);
#11867=DIRECTION('',(1,0,0));
#11868=DIRECTION('',(0,-0.0901822106455539,-0.9959252827813345));
#11869=FACE_BOUND('',#11870,.T.);
#11870=EDGE_LOOP('',(#11871,#11872,#11873));
#11871=ORIENTED_EDGE('',*,*,#11874,.T.);
#11872=ORIENTED_EDGE('',*,*,#11875,.T.);
#11873=ORIENTED_EDGE('',*,*,#11876,.T.);
#11874=EDGE_CURVE('',#386,#436,#11877,.F.);
#11875=EDGE_CURVE('',#436,#388,#11878,.T.);
#11876=EDGE_CURVE('',#388,#386,#11879,.T.);
#11877=LINE('',#385,#11880);
#11878=LINE('',#435,#11881);
#11879=LINE('',#387,#11882);
#11880=VECTOR('',#11883,1.0);
#11881=VECTOR('',#11884,1.0);
#11882=VECTOR('',#11885,1.0);
#11883=DIRECTION('',(0,-0.0901822106455539,-0.9959252827813345));
#11884=DIRECTION('',(0,1,0));
#11885=DIRECTION('',(0,-0.16011209506748114,0.9870988385228209));
#11886=STYLED_ITEM('',(#18),#11887);
#11887=FACE_SURFACE('',(#11892),#11888,.T.);
#11888=PLANE('',#11889);
#11889=AXIS2_PLACEMENT_3D('',#175,#11890,#11891);
#11890=DIRECTION('',(0.7082669212220866,0,0.7059447345951287));
#11891=DIRECTION('',(-0.7059447345951286,0,0.7082669212220866));
#11892=FACE_BOUND('',#11893,.T.);
#11893=EDGE_LOOP('',(#11894,#11895,#11896));
#11894=ORIENTED_EDGE('',*,*,#11897,.T.);
#11895=ORIENTED_EDGE('',*,*,#11898,.T.);
#11896=ORIENTED_EDGE('',*,*,#11899,.T.);
#11897=EDGE_CURVE('',#176,#188,#11900,.F.);
#11898=EDGE_CURVE('',#188,#86,#11901,.T.);
#11899=EDGE_CURVE('',#86,#176,#11902,.T.);
#11900=LINE('',#175,#11903);
#11901=LINE('',#187,#11904);
#11902=LINE('',#85,#11905);
#11903=VECTOR('',#11906,1.0);
#11904=VECTOR('',#11907,1.0);
#11905=VECTOR('',#11908,1.0);
#11906=DIRECTION('',(-0.7059447345951286,0,0.7082669212220866));
#11907=DIRECTION('',(0.567887109246419,-0.5940398050669777,-0.5697551589478878));
#11908=DIRECTION('',(0,1,0));
#11909=STYLED_ITEM('',(#18),#11910);
#11910=FACE_SURFACE('',(#11915),#11911,.T.);
#11911=PLANE('',#11912);
#11912=AXIS2_PLACEMENT_3D('',#85,#11913,#11914);
#11913=DIRECTION('',(0.7082669212220866,0,0.7059447345951287));
#11914=DIRECTION('',(-0.567887109246419,0.5940398050669777,0.5697551589478878));
#11915=FACE_BOUND('',#11916,.T.);
#11916=EDGE_LOOP('',(#11917,#11918,#11919));
#11917=ORIENTED_EDGE('',*,*,#11920,.T.);
#11918=ORIENTED_EDGE('',*,*,#11921,.T.);
#11919=ORIENTED_EDGE('',*,*,#11922,.T.);
#11920=EDGE_CURVE('',#86,#188,#11923,.F.);
#11921=EDGE_CURVE('',#188,#88,#11924,.T.);
#11922=EDGE_CURVE('',#88,#86,#11925,.T.);
#11923=LINE('',#85,#11926);
#11924=LINE('',#187,#11927);
#11925=LINE('',#87,#11928);
#11926=VECTOR('',#11929,1.0);
#11927=VECTOR('',#11930,1.0);
#11928=VECTOR('',#11931,1.0);
#11929=DIRECTION('',(-0.567887109246419,0.5940398050669777,0.5697551589478878));
#11930=DIRECTION('',(0,-1,0));
#11931=DIRECTION('',(0.7059447345951286,0,-0.7082669212220866));
#11932=STYLED_ITEM('',(#18),#11933);
#11933=FACE_SURFACE('',(#11938),#11934,.T.);
#11934=PLANE('',#11935);
#11935=AXIS2_PLACEMENT_3D('',#381,#11936,#11937);
#11936=DIRECTION('',(0.7082669212220866,-0,0.7059447345951285));
#11937=DIRECTION('',(0.7012337607572656,0.11533450012455035,-0.7035404507597569));
#11938=FACE_BOUND('',#11939,.T.);
#11939=EDGE_LOOP('',(#11940,#11941,#11942));
#11940=ORIENTED_EDGE('',*,*,#11943,.T.);
#11941=ORIENTED_EDGE('',*,*,#11944,.T.);
#11942=ORIENTED_EDGE('',*,*,#11945,.T.);
#11943=EDGE_CURVE('',#382,#438,#11946,.F.);
#11944=EDGE_CURVE('',#438,#384,#11947,.T.);
#11945=EDGE_CURVE('',#384,#382,#11948,.T.);
#11946=LINE('',#381,#11949);
#11947=LINE('',#437,#11950);
#11948=LINE('',#383,#11951);
#11949=VECTOR('',#11952,1.0);
#11950=VECTOR('',#11953,1.0);
#11951=VECTOR('',#11954,1.0);
#11952=DIRECTION('',(0.7012337607572656,0.11533450012455035,-0.7035404507597569));
#11953=DIRECTION('',(-0.5968533982411439,0.534026724742076,0.59881673178799));
#11954=DIRECTION('',(0,-1,0));
#11955=STYLED_ITEM('',(#18),#11956);
#11956=FACE_SURFACE('',(#11961),#11957,.T.);
#11957=PLANE('',#11958);
#11958=AXIS2_PLACEMENT_3D('',#383,#11959,#11960);
#11959=DIRECTION('',(0.7082669212220866,0,0.7059447345951287));
#11960=DIRECTION('',(0.5968533982411439,-0.534026724742076,-0.59881673178799));
#11961=FACE_BOUND('',#11962,.T.);
#11962=EDGE_LOOP('',(#11963,#11964,#11965));
#11963=ORIENTED_EDGE('',*,*,#11966,.T.);
#11964=ORIENTED_EDGE('',*,*,#11967,.T.);
#11965=ORIENTED_EDGE('',*,*,#11968,.T.);
#11966=EDGE_CURVE('',#384,#438,#11969,.F.);
#11967=EDGE_CURVE('',#438,#386,#11970,.T.);
#11968=EDGE_CURVE('',#386,#384,#11971,.T.);
#11969=LINE('',#383,#11972);
#11970=LINE('',#437,#11973);
#11971=LINE('',#385,#11974);
#11972=VECTOR('',#11975,1.0);
#11973=VECTOR('',#11976,1.0);
#11974=VECTOR('',#11977,1.0);
#11975=DIRECTION('',(0.5968533982411439,-0.534026724742076,-0.59881673178799));
#11976=DIRECTION('',(0,1,0));
#11977=DIRECTION('',(-0.7014185250743141,-0.11305759121263598,0.7037258228541641));
#11978=STYLED_ITEM('',(#18),#11979);
#11979=FACE_SURFACE('',(#11984),#11980,.T.);
#11980=PLANE('',#11981);
#11981=AXIS2_PLACEMENT_3D('',#301,#11982,#11983);
#11982=DIRECTION('',(0.7020741827848287,0,0.7121038139674686));
#11983=DIRECTION('',(-0.45733222869725065,-0.7665145804925756,0.450890929701515));
#11984=FACE_BOUND('',#11985,.T.);
#11985=EDGE_LOOP('',(#11986,#11987,#11988));
#11986=ORIENTED_EDGE('',*,*,#11989,.T.);
#11987=ORIENTED_EDGE('',*,*,#11990,.T.);
#11988=ORIENTED_EDGE('',*,*,#11991,.T.);
#11989=EDGE_CURVE('',#302,#304,#11992,.F.);
#11990=EDGE_CURVE('',#304,#318,#11993,.T.);
#11991=EDGE_CURVE('',#318,#302,#11994,.T.);
#11992=LINE('',#301,#11995);
#11993=LINE('',#303,#11996);
#11994=LINE('',#317,#11997);
#11995=VECTOR('',#11998,1.0);
#11996=VECTOR('',#11999,1.0);
#11997=VECTOR('',#12000,1.0);
#11998=DIRECTION('',(-0.45733222869725065,-0.7665145804925756,0.450890929701515));
#11999=DIRECTION('',(0.08433059398298859,-0.9929630502785705,-0.0831428391381578));
#12000=DIRECTION('',(0,1,0));
#12001=STYLED_ITEM('',(#18),#12002);
#12002=FACE_SURFACE('',(#12007),#12003,.T.);
#12003=PLANE('',#12004);
#12004=AXIS2_PLACEMENT_3D('',#317,#12005,#12006);
#12005=DIRECTION('',(0.7020741827848286,0,0.7121038139674686));
#12006=DIRECTION('',(-0.08433059398298859,0.9929630502785705,0.0831428391381578));
#12007=FACE_BOUND('',#12008,.T.);
#12008=EDGE_LOOP('',(#12009,#12010,#12011));
#12009=ORIENTED_EDGE('',*,*,#12012,.T.);
#12010=ORIENTED_EDGE('',*,*,#12013,.T.);
#12011=ORIENTED_EDGE('',*,*,#12014,.T.);
#12012=EDGE_CURVE('',#318,#304,#12015,.F.);
#12013=EDGE_CURVE('',#304,#308,#12016,.T.);
#12014=EDGE_CURVE('',#308,#318,#12017,.T.);
#12015=LINE('',#317,#12018);
#12016=LINE('',#303,#12019);
#12017=LINE('',#307,#12020);
#12018=VECTOR('',#12021,1.0);
#12019=VECTOR('',#12022,1.0);
#12020=VECTOR('',#12023,1.0);
#12021=DIRECTION('',(-0.08433059398298859,0.9929630502785705,0.0831428391381578));
#12022=DIRECTION('',(0,-1,0));
#12023=DIRECTION('',(0.4573322286972506,-0.7665145804925758,-0.45089092970151495));
#12024=STYLED_ITEM('',(#18),#12025);
#12025=FACE_SURFACE('',(#12030),#12026,.T.);
#12026=PLANE('',#12027);
#12027=AXIS2_PLACEMENT_3D('',#303,#12028,#12029);
#12028=DIRECTION('',(0.7146687659935229,0,0.6994630475681295));
#12029=DIRECTION('',(-0.3361606838112606,-0.8769409142902433,0.34346852476367895));
#12030=FACE_BOUND('',#12031,.T.);
#12031=EDGE_LOOP('',(#12032,#12033,#12034));
#12032=ORIENTED_EDGE('',*,*,#12035,.T.);
#12033=ORIENTED_EDGE('',*,*,#12036,.T.);
#12034=ORIENTED_EDGE('',*,*,#12037,.T.);
#12035=EDGE_CURVE('',#304,#306,#12038,.F.);
#12036=EDGE_CURVE('',#306,#308,#12039,.T.);
#12037=EDGE_CURVE('',#308,#304,#12040,.T.);
#12038=LINE('',#303,#12041);
#12039=LINE('',#305,#12042);
#12040=LINE('',#307,#12043);
#12041=VECTOR('',#12044,1.0);
#12042=VECTOR('',#12045,1.0);
#12043=VECTOR('',#12046,1.0);
#12044=DIRECTION('',(-0.3361606838112606,-0.8769409142902433,0.34346852476367895));
#12045=DIRECTION('',(0.07658862857225707,-0.9939872012529876,-0.07825359875861042));
#12046=DIRECTION('',(0,1,0));
#12047=STYLED_ITEM('',(#18),#12048);
#12048=FACE_SURFACE('',(#12053),#12049,.T.);
#12049=PLANE('',#12050);
#12050=AXIS2_PLACEMENT_3D('',#307,#12051,#12052);
#12051=DIRECTION('',(0.7146687659935228,0,0.6994630475681294));
#12052=DIRECTION('',(-0.07658862857225707,0.9939872012529876,0.07825359875861042));
#12053=FACE_BOUND('',#12054,.T.);
#12054=EDGE_LOOP('',(#12055,#12056,#12057));
#12055=ORIENTED_EDGE('',*,*,#12058,.T.);
#12056=ORIENTED_EDGE('',*,*,#12059,.T.);
#12057=ORIENTED_EDGE('',*,*,#12060,.T.);
#12058=EDGE_CURVE('',#308,#306,#12061,.F.);
#12059=EDGE_CURVE('',#306,#310,#12062,.T.);
#12060=EDGE_CURVE('',#310,#308,#12063,.T.);
#12061=LINE('',#307,#12064);
#12062=LINE('',#305,#12065);
#12063=LINE('',#309,#12066);
#12064=VECTOR('',#12067,1.0);
#12065=VECTOR('',#12068,1.0);
#12066=VECTOR('',#12069,1.0);
#12067=DIRECTION('',(-0.07658862857225707,0.9939872012529876,0.07825359875861042));
#12068=DIRECTION('',(0,-1,0));
#12069=DIRECTION('',(0.3361606838112604,-0.8769409142902433,-0.34346852476367884));
#12070=STYLED_ITEM('',(#18),#12071);
#12071=FACE_SURFACE('',(#12076),#12072,.T.);
#12072=PLANE('',#12073);
#12073=AXIS2_PLACEMENT_3D('',#305,#12074,#12075);
#12074=DIRECTION('',(0.6936416870658704,0,0.7203202134914813));
#12075=DIRECTION('',(-0.216408966558428,-0.9538024822389974,0.20839381964885642));
#12076=FACE_BOUND('',#12077,.T.);
#12077=EDGE_LOOP('',(#12078,#12079,#12080));
#12078=ORIENTED_EDGE('',*,*,#12081,.T.);
#12079=ORIENTED_EDGE('',*,*,#12082,.T.);
#12080=ORIENTED_EDGE('',*,*,#12083,.T.);
#12081=EDGE_CURVE('',#306,#316,#12084,.F.);
#12082=EDGE_CURVE('',#316,#310,#12085,.T.);
#12083=EDGE_CURVE('',#310,#306,#12086,.T.);
#12084=LINE('',#305,#12087);
#12085=LINE('',#315,#12088);
#12086=LINE('',#309,#12089);
#12087=VECTOR('',#12090,1.0);
#12088=VECTOR('',#12091,1.0);
#12089=VECTOR('',#12092,1.0);
#12090=DIRECTION('',(-0.216408966558428,-0.9538024822389974,0.20839381964885642));
#12091=DIRECTION('',(0.07500897151691308,-0.9945634001131428,-0.07223086146073106));
#12092=DIRECTION('',(0,1,0));
#12093=STYLED_ITEM('',(#18),#12094);
#12094=FACE_SURFACE('',(#12099),#12095,.T.);
#12095=PLANE('',#12096);
#12096=AXIS2_PLACEMENT_3D('',#309,#12097,#12098);
#12097=DIRECTION('',(0.6936416870658703,0,0.7203202134914812));
#12098=DIRECTION('',(-0.07500897151691308,0.9945634001131428,0.07223086146073106));
#12099=FACE_BOUND('',#12100,.T.);
#12100=EDGE_LOOP('',(#12101,#12102,#12103));
#12101=ORIENTED_EDGE('',*,*,#12104,.T.);
#12102=ORIENTED_EDGE('',*,*,#12105,.T.);
#12103=ORIENTED_EDGE('',*,*,#12106,.T.);
#12104=EDGE_CURVE('',#310,#316,#12107,.F.);
#12105=EDGE_CURVE('',#316,#312,#12108,.T.);
#12106=EDGE_CURVE('',#312,#310,#12109,.T.);
#12107=LINE('',#309,#12110);
#12108=LINE('',#315,#12111);
#12109=LINE('',#311,#12112);
#12110=VECTOR('',#12113,1.0);
#12111=VECTOR('',#12114,1.0);
#12112=VECTOR('',#12115,1.0);
#12113=DIRECTION('',(-0.07500897151691308,0.9945634001131428,0.07223086146073106));
#12114=DIRECTION('',(0,-1,0));
#12115=DIRECTION('',(0.2164089665584282,-0.9538024822389974,-0.20839381964885662));
#12116=STYLED_ITEM('',(#18),#12117);
#12117=FACE_SURFACE('',(#12122),#12118,.T.);
#12118=PLANE('',#12119);
#12119=AXIS2_PLACEMENT_3D('',#315,#12120,#12121);
#12120=DIRECTION('',(0.7071067811865471,0,0.7071067811865478));
#12121=DIRECTION('',(-0.07458165152454432,-0.9944220203272567,0.07458165152454425));
#12122=FACE_BOUND('',#12123,.T.);
#12123=EDGE_LOOP('',(#12124,#12125,#12126));
#12124=ORIENTED_EDGE('',*,*,#12127,.T.);
#12125=ORIENTED_EDGE('',*,*,#12128,.T.);
#12126=ORIENTED_EDGE('',*,*,#12129,.T.);
#12127=EDGE_CURVE('',#316,#314,#12130,.F.);
#12128=EDGE_CURVE('',#314,#312,#12131,.T.);
#12129=EDGE_CURVE('',#312,#316,#12132,.T.);
#12130=LINE('',#315,#12133);
#12131=LINE('',#313,#12134);
#12132=LINE('',#311,#12135);
#12133=VECTOR('',#12136,1.0);
#12134=VECTOR('',#12137,1.0);
#12135=VECTOR('',#12138,1.0);
#12136=DIRECTION('',(-0.07458165152454432,-0.9944220203272567,0.07458165152454425));
#12137=DIRECTION('',(0.07520132860567834,-0.994328678230635,-0.07520132860567827));
#12138=DIRECTION('',(0,1,0));
#12139=STYLED_ITEM('',(#18),#12140);
#12140=FACE_SURFACE('',(#12145),#12141,.T.);
#12141=PLANE('',#12142);
#12142=AXIS2_PLACEMENT_3D('',#69,#12143,#12144);
#12143=DIRECTION('',(-1,0,0));
#12144=DIRECTION('',(0,-0.2094039162897157,0.9778292283637924));
#12145=FACE_BOUND('',#12146,.T.);
#12146=EDGE_LOOP('',(#12147,#12148,#12149));
#12147=ORIENTED_EDGE('',*,*,#12150,.T.);
#12148=ORIENTED_EDGE('',*,*,#12151,.T.);
#12149=ORIENTED_EDGE('',*,*,#12152,.T.);
#12150=EDGE_CURVE('',#70,#540,#12153,.F.);
#12151=EDGE_CURVE('',#540,#72,#12154,.T.);
#12152=EDGE_CURVE('',#72,#70,#12155,.T.);
#12153=LINE('',#69,#12156);
#12154=LINE('',#539,#12157);
#12155=LINE('',#71,#12158);
#12156=VECTOR('',#12159,1.0);
#12157=VECTOR('',#12160,1.0);
#12158=VECTOR('',#12161,1.0);
#12159=DIRECTION('',(0,-0.2094039162897157,0.9778292283637924));
#12160=DIRECTION('',(0,0.5945739543476902,-0.8040409273235727));
#12161=DIRECTION('',(0,0,-1));
#12162=STYLED_ITEM('',(#18),#12163);
#12163=FACE_SURFACE('',(#12168),#12164,.T.);
#12164=PLANE('',#12165);
#12165=AXIS2_PLACEMENT_3D('',#71,#12166,#12167);
#12166=DIRECTION('',(-1,0,0));
#12167=DIRECTION('',(0,-0.5945739543476902,0.8040409273235727));
#12168=FACE_BOUND('',#12169,.T.);
#12169=EDGE_LOOP('',(#12170,#12171,#12172));
#12170=ORIENTED_EDGE('',*,*,#12173,.T.);
#12171=ORIENTED_EDGE('',*,*,#12174,.T.);
#12172=ORIENTED_EDGE('',*,*,#12175,.T.);
#12173=EDGE_CURVE('',#72,#540,#12176,.F.);
#12174=EDGE_CURVE('',#540,#542,#12177,.T.);
#12175=EDGE_CURVE('',#542,#72,#12178,.T.);
#12176=LINE('',#71,#12179);
#12177=LINE('',#539,#12180);
#12178=LINE('',#541,#12181);
#12179=VECTOR('',#12182,1.0);
#12180=VECTOR('',#12183,1.0);
#12181=VECTOR('',#12184,1.0);
#12182=DIRECTION('',(0,-0.5945739543476902,0.8040409273235727));
#12183=DIRECTION('',(0,0.9780785919047318,0.20823608730874882));
#12184=DIRECTION('',(0,0.2101147368211032,-0.977676734596154));
#12185=STYLED_ITEM('',(#18),#12186);
#12186=FACE_SURFACE('',(#12191),#12187,.T.);
#12187=PLANE('',#12188);
#12188=AXIS2_PLACEMENT_3D('',#541,#12189,#12190);
#12189=DIRECTION('',(-0,0.977676734596154,0.21011473682110318));
#12190=DIRECTION('',(1,0,0));
#12191=FACE_BOUND('',#12192,.T.);
#12192=EDGE_LOOP('',(#12193,#12194,#12195));
#12193=ORIENTED_EDGE('',*,*,#12196,.T.);
#12194=ORIENTED_EDGE('',*,*,#12197,.T.);
#12195=ORIENTED_EDGE('',*,*,#12198,.T.);
#12196=EDGE_CURVE('',#542,#544,#12199,.F.);
#12197=EDGE_CURVE('',#544,#72,#12200,.T.);
#12198=EDGE_CURVE('',#72,#542,#12201,.T.);
#12199=LINE('',#541,#12202);
#12200=LINE('',#543,#12203);
#12201=LINE('',#71,#12204);
#12202=VECTOR('',#12205,1.0);
#12203=VECTOR('',#12206,1.0);
#12204=VECTOR('',#12207,1.0);
#12205=DIRECTION('',(1,0,0));
#12206=DIRECTION('',(-0.6726634483379018,0.15547409890828862,-0.7234305010426493));
#12207=DIRECTION('',(0,-0.2101147368211032,0.977676734596154));
#12208=STYLED_ITEM('',(#18),#12209);
#12209=FACE_SURFACE('',(#12214),#12210,.T.);
#12210=PLANE('',#12211);
#12211=AXIS2_PLACEMENT_3D('',#71,#12212,#12213);
#12212=DIRECTION('',(-0,0.977676734596154,0.21011473682110318));
#12213=DIRECTION('',(0.6726634483379018,-0.15547409890828862,0.7234305010426493));
#12214=FACE_BOUND('',#12215,.T.);
#12215=EDGE_LOOP('',(#12216,#12217,#12218));
#12216=ORIENTED_EDGE('',*,*,#12219,.T.);
#12217=ORIENTED_EDGE('',*,*,#12220,.T.);
#12218=ORIENTED_EDGE('',*,*,#12221,.T.);
#12219=EDGE_CURVE('',#72,#544,#12222,.F.);
#12220=EDGE_CURVE('',#544,#66,#12223,.T.);
#12221=EDGE_CURVE('',#66,#72,#12224,.T.);
#12222=LINE('',#71,#12225);
#12223=LINE('',#543,#12226);
#12224=LINE('',#65,#12227);
#12225=VECTOR('',#12228,1.0);
#12226=VECTOR('',#12229,1.0);
#12227=VECTOR('',#12230,1.0);
#12228=DIRECTION('',(0.6726634483379018,-0.15547409890828862,0.7234305010426493));
#12229=DIRECTION('',(0,0.2101147368211032,-0.977676734596154));
#12230=DIRECTION('',(-1,0,0));
#12231=STYLED_ITEM('',(#18),#12232);
#12232=FACE_SURFACE('',(#12237),#12233,.T.);
#12233=PLANE('',#12234);
#12234=AXIS2_PLACEMENT_3D('',#543,#12235,#12236);
#12235=DIRECTION('',(1,0,0));
#12236=DIRECTION('',(0,-0.9780785919047318,-0.20823608730874882));
#12237=FACE_BOUND('',#12238,.T.);
#12238=EDGE_LOOP('',(#12239,#12240,#12241));
#12239=ORIENTED_EDGE('',*,*,#12242,.T.);
#12240=ORIENTED_EDGE('',*,*,#12243,.T.);
#12241=ORIENTED_EDGE('',*,*,#12244,.T.);
#12242=EDGE_CURVE('',#544,#546,#12245,.F.);
#12243=EDGE_CURVE('',#546,#66,#12246,.T.);
#12244=EDGE_CURVE('',#66,#544,#12247,.T.);
#12245=LINE('',#543,#12248);
#12246=LINE('',#545,#12249);
#12247=LINE('',#65,#12250);
#12248=VECTOR('',#12251,1.0);
#12249=VECTOR('',#12252,1.0);
#12250=VECTOR('',#12253,1.0);
#12251=DIRECTION('',(0,-0.9780785919047318,-0.20823608730874882));
#12252=DIRECTION('',(0,0.5945739543476902,-0.8040409273235727));
#12253=DIRECTION('',(0,-0.2101147368211032,0.977676734596154));
#12254=STYLED_ITEM('',(#18),#12255);
#12255=FACE_SURFACE('',(#12260),#12256,.T.);
#12256=PLANE('',#12257);
#12257=AXIS2_PLACEMENT_3D('',#65,#12258,#12259);
#12258=DIRECTION('',(1,0,0));
#12259=DIRECTION('',(0,-0.5945739543476902,0.8040409273235727));
#12260=FACE_BOUND('',#12261,.T.);
#12261=EDGE_LOOP('',(#12262,#12263,#12264));
#12262=ORIENTED_EDGE('',*,*,#12265,.T.);
#12263=ORIENTED_EDGE('',*,*,#12266,.T.);
#12264=ORIENTED_EDGE('',*,*,#12267,.T.);
#12265=EDGE_CURVE('',#66,#546,#12268,.F.);
#12266=EDGE_CURVE('',#546,#68,#12269,.T.);
#12267=EDGE_CURVE('',#68,#66,#12270,.T.);
#12268=LINE('',#65,#12271);
#12269=LINE('',#545,#12272);
#12270=LINE('',#67,#12273);
#12271=VECTOR('',#12274,1.0);
#12272=VECTOR('',#12275,1.0);
#12273=VECTOR('',#12276,1.0);
#12274=DIRECTION('',(0,-0.5945739543476902,0.8040409273235727));
#12275=DIRECTION('',(0,0.2094039162897157,-0.9778292283637924));
#12276=DIRECTION('',(0,0,1));
#12277=STYLED_ITEM('',(#18),#12278);
#12278=FACE_SURFACE('',(#12283),#12279,.T.);
#12279=PLANE('',#12280);
#12280=AXIS2_PLACEMENT_3D('',#67,#12281,#12282);
#12281=DIRECTION('',(-0,-0.9778292283637925,-0.2094039162897157));
#12282=DIRECTION('',(0,-0.2094039162897157,0.9778292283637924));
#12283=FACE_BOUND('',#12284,.T.);
#12284=EDGE_LOOP('',(#12285,#12286,#12287));
#12285=ORIENTED_EDGE('',*,*,#12288,.T.);
#12286=ORIENTED_EDGE('',*,*,#12289,.T.);
#12287=ORIENTED_EDGE('',*,*,#12290,.T.);
#12288=EDGE_CURVE('',#68,#546,#12291,.F.);
#12289=EDGE_CURVE('',#546,#70,#12292,.T.);
#12290=EDGE_CURVE('',#70,#68,#12293,.T.);
#12291=LINE('',#67,#12294);
#12292=LINE('',#545,#12295);
#12293=LINE('',#69,#12296);
#12294=VECTOR('',#12297,1.0);
#12295=VECTOR('',#12298,1.0);
#12296=VECTOR('',#12299,1.0);
#12297=DIRECTION('',(0,-0.2094039162897157,0.9778292283637924));
#12298=DIRECTION('',(-0.2797855207670389,0.20104085375870562,-0.9387772033283975));
#12299=DIRECTION('',(1,0,0));
#12300=STYLED_ITEM('',(#18),#12301);
#12301=FACE_SURFACE('',(#12306),#12302,.T.);
#12302=PLANE('',#12303);
#12303=AXIS2_PLACEMENT_3D('',#69,#12304,#12305);
#12304=DIRECTION('',(0,-0.9778292283637925,-0.2094039162897157));
#12305=DIRECTION('',(0.2797855207670389,-0.20104085375870562,0.9387772033283975));
#12306=FACE_BOUND('',#12307,.T.);
#12307=EDGE_LOOP('',(#12308,#12309,#12310));
#12308=ORIENTED_EDGE('',*,*,#12311,.T.);
#12309=ORIENTED_EDGE('',*,*,#12312,.T.);
#12310=ORIENTED_EDGE('',*,*,#12313,.T.);
#12311=EDGE_CURVE('',#70,#546,#12314,.F.);
#12312=EDGE_CURVE('',#546,#540,#12315,.T.);
#12313=EDGE_CURVE('',#540,#70,#12316,.T.);
#12314=LINE('',#69,#12317);
#12315=LINE('',#545,#12318);
#12316=LINE('',#539,#12319);
#12317=VECTOR('',#12320,1.0);
#12318=VECTOR('',#12321,1.0);
#12319=VECTOR('',#12322,1.0);
#12320=DIRECTION('',(0.2797855207670389,-0.20104085375870562,0.9387772033283975));
#12321=DIRECTION('',(-1,0,0));
#12322=DIRECTION('',(0,0.2094039162897157,-0.9778292283637924));
#12323=STYLED_ITEM('',(#18),#12324);
#12324=FACE_SURFACE('',(#12329),#12325,.T.);
#12325=PLANE('',#12326);
#12326=AXIS2_PLACEMENT_3D('',#539,#12327,#12328);
#12327=DIRECTION('',(0,-0.20823608730874885,0.978078591904732));
#12328=DIRECTION('',(1,0,0));
#12329=FACE_BOUND('',#12330,.T.);
#12330=EDGE_LOOP('',(#12331,#12332,#12333));
#12331=ORIENTED_EDGE('',*,*,#12334,.T.);
#12332=ORIENTED_EDGE('',*,*,#12335,.T.);
#12333=ORIENTED_EDGE('',*,*,#12336,.T.);
#12334=EDGE_CURVE('',#540,#546,#12337,.F.);
#12335=EDGE_CURVE('',#546,#542,#12338,.T.);
#12336=EDGE_CURVE('',#542,#540,#12339,.T.);
#12337=LINE('',#539,#12340);
#12338=LINE('',#545,#12341);
#12339=LINE('',#541,#12342);
#12340=VECTOR('',#12343,1.0);
#12341=VECTOR('',#12344,1.0);
#12342=VECTOR('',#12345,1.0);
#12343=DIRECTION('',(1,0,0));
#12344=DIRECTION('',(-0.8950186134457894,0.43625121095628105,0.09287929007456282));
#12345=DIRECTION('',(0,-0.9780785919047318,-0.20823608730874882));
#12346=STYLED_ITEM('',(#18),#12347);
#12347=FACE_SURFACE('',(#12352),#12348,.T.);
#12348=PLANE('',#12349);
#12349=AXIS2_PLACEMENT_3D('',#541,#12350,#12351);
#12350=DIRECTION('',(0,-0.20823608730874885,0.978078591904732));
#12351=DIRECTION('',(0.8950186134457894,-0.43625121095628105,-0.09287929007456282));
#12352=FACE_BOUND('',#12353,.T.);
#12353=EDGE_LOOP('',(#12354,#12355,#12356));
#12354=ORIENTED_EDGE('',*,*,#12357,.T.);
#12355=ORIENTED_EDGE('',*,*,#12358,.T.);
#12356=ORIENTED_EDGE('',*,*,#12359,.T.);
#12357=EDGE_CURVE('',#542,#546,#12360,.F.);
#12358=EDGE_CURVE('',#546,#544,#12361,.T.);
#12359=EDGE_CURVE('',#544,#542,#12362,.T.);
#12360=LINE('',#541,#12363);
#12361=LINE('',#545,#12364);
#12362=LINE('',#543,#12365);
#12363=VECTOR('',#12366,1.0);
#12364=VECTOR('',#12367,1.0);
#12365=VECTOR('',#12368,1.0);
#12366=DIRECTION('',(0.8950186134457894,-0.43625121095628105,-0.09287929007456282));
#12367=DIRECTION('',(0,0.9780785919047318,0.20823608730874882));
#12368=DIRECTION('',(-1,0,0));
ENDSEC;
END-ISO-10303-21;
